Store,Date,Type,Size,Temperature,Fuel_Price,CPI,Unemployment,IsHoliday,MarkDown1,MarkDown2,MarkDown3,MarkDown4,MarkDown5,Weekly_Sales
1,2010-02-05,A,151315,42.31,2.572,211.0963582,8.106,False,0.0,0.0,0.0,0.0,0.0,1643690.9
1,2010-02-12,A,151315,38.51,2.548,211.2421698,8.106,True,0.0,0.0,0.0,0.0,0.0,1641957.44
1,2010-02-19,A,151315,39.93,2.514,211.2891429,8.106,False,0.0,0.0,0.0,0.0,0.0,1611968.17
1,2010-02-26,A,151315,46.63,2.561,211.3196429,8.106,False,0.0,0.0,0.0,0.0,0.0,1409727.59
1,2010-03-05,A,151315,46.5,2.625,211.3501429,8.106,False,0.0,0.0,0.0,0.0,0.0,1554806.68
1,2010-03-12,A,151315,57.79,2.667,211.3806429,8.106,False,0.0,0.0,0.0,0.0,0.0,1439541.59
1,2010-03-19,A,151315,54.58,2.72,211.215635,8.106,False,0.0,0.0,0.0,0.0,0.0,1472515.79
1,2010-03-26,A,151315,51.45,2.732,211.0180424,8.106,False,0.0,0.0,0.0,0.0,0.0,1404429.92
1,2010-04-02,A,151315,62.27,2.719,210.8204499,7.808,False,0.0,0.0,0.0,0.0,0.0,1594968.28
1,2010-04-09,A,151315,65.86,2.77,210.6228574,7.808,False,0.0,0.0,0.0,0.0,0.0,1545418.53
1,2010-04-16,A,151315,66.32,2.808,210.4887,7.808,False,0.0,0.0,0.0,0.0,0.0,1466058.28
1,2010-04-23,A,151315,64.84,2.795,210.4391228,7.808,False,0.0,0.0,0.0,0.0,0.0,1391256.12
1,2010-04-30,A,151315,67.41,2.78,210.3895456,7.808,False,0.0,0.0,0.0,0.0,0.0,1425100.71
1,2010-05-07,A,151315,72.55,2.835,210.3399684,7.808,False,0.0,0.0,0.0,0.0,0.0,1603955.1199999999
1,2010-05-14,A,151315,74.78,2.854,210.3374261,7.808,False,0.0,0.0,0.0,0.0,0.0,1494251.5
1,2010-05-21,A,151315,76.44,2.826,210.6170934,7.808,False,0.0,0.0,0.0,0.0,0.0,1399662.07
1,2010-05-28,A,151315,80.44,2.759,210.8967606,7.808,False,0.0,0.0,0.0,0.0,0.0,1432069.95
1,2010-06-04,A,151315,80.69,2.705,211.1764278,7.808,False,0.0,0.0,0.0,0.0,0.0,1615524.71
1,2010-06-11,A,151315,80.43,2.668,211.4560951,7.808,False,0.0,0.0,0.0,0.0,0.0,1542561.09
1,2010-06-18,A,151315,84.11,2.637,211.4537719,7.808,False,0.0,0.0,0.0,0.0,0.0,1503284.06
1,2010-06-25,A,151315,84.34,2.653,211.3386526,7.808,False,0.0,0.0,0.0,0.0,0.0,1422711.6
1,2010-07-02,A,151315,80.91,2.669,211.2235333,7.787,False,0.0,0.0,0.0,0.0,0.0,1492418.1400000001
1,2010-07-09,A,151315,80.48,2.642,211.108414,7.787,False,0.0,0.0,0.0,0.0,0.0,1546074.18
1,2010-07-16,A,151315,83.15,2.623,211.1003854,7.787,False,0.0,0.0,0.0,0.0,0.0,1448938.92
1,2010-07-23,A,151315,83.36,2.608,211.2351443,7.787,False,0.0,0.0,0.0,0.0,0.0,1385065.2
1,2010-07-30,A,151315,81.84,2.64,211.3699032,7.787,False,0.0,0.0,0.0,0.0,0.0,1371986.6
1,2010-08-06,A,151315,87.16,2.627,211.5046621,7.787,False,0.0,0.0,0.0,0.0,0.0,1605491.78
1,2010-08-13,A,151315,87.0,2.692,211.6394211,7.787,False,0.0,0.0,0.0,0.0,0.0,1508237.76
1,2010-08-20,A,151315,86.65,2.664,211.6033633,7.787,False,0.0,0.0,0.0,0.0,0.0,1513080.49
1,2010-08-27,A,151315,85.22,2.619,211.5673056,7.787,False,0.0,0.0,0.0,0.0,0.0,1449142.92
1,2010-09-03,A,151315,81.21,2.577,211.5312479,7.787,False,0.0,0.0,0.0,0.0,0.0,1540163.53
1,2010-09-10,A,151315,78.69,2.565,211.4951902,7.787,True,0.0,0.0,0.0,0.0,0.0,1507460.69
1,2010-09-17,A,151315,82.11,2.582,211.5224596,7.787,False,0.0,0.0,0.0,0.0,0.0,1430378.67
1,2010-09-24,A,151315,80.94,2.624,211.5972246,7.787,False,0.0,0.0,0.0,0.0,0.0,1351791.03
1,2010-10-01,A,151315,71.89,2.603,211.6719895,7.838,False,0.0,0.0,0.0,0.0,0.0,1453329.5
1,2010-10-08,A,151315,63.93,2.633,211.7467544,7.838,False,0.0,0.0,0.0,0.0,0.0,1508239.93
1,2010-10-15,A,151315,67.18,2.72,211.8137436,7.838,False,0.0,0.0,0.0,0.0,0.0,1459409.1
1,2010-10-22,A,151315,69.86,2.725,211.8612937,7.838,False,0.0,0.0,0.0,0.0,0.0,1345454.0
1,2010-10-29,A,151315,69.64,2.716,211.9088438,7.838,False,0.0,0.0,0.0,0.0,0.0,1384209.22
1,2010-11-05,A,151315,58.74,2.689,211.9563939,7.838,False,0.0,0.0,0.0,0.0,0.0,1551659.28
1,2010-11-12,A,151315,59.61,2.728,212.003944,7.838,False,0.0,0.0,0.0,0.0,0.0,1494479.49
1,2010-11-19,A,151315,51.41,2.771,211.8896737,7.838,False,0.0,0.0,0.0,0.0,0.0,1483784.18
1,2010-11-26,A,151315,64.52,2.735,211.7484333,7.838,True,0.0,0.0,0.0,0.0,0.0,1955624.11
1,2010-12-03,A,151315,49.27,2.708,211.607193,7.838,False,0.0,0.0,0.0,0.0,0.0,1548033.78
1,2010-12-10,A,151315,46.33,2.843,211.4659526,7.838,False,0.0,0.0,0.0,0.0,0.0,1682614.26
1,2010-12-17,A,151315,49.84,2.869,211.4053124,7.838,False,0.0,0.0,0.0,0.0,0.0,1891034.93
1,2010-12-24,A,151315,52.33,2.886,211.4051222,7.838,False,0.0,0.0,0.0,0.0,0.0,2387950.2
1,2010-12-31,A,151315,48.43,2.943,211.4049321,7.838,True,0.0,0.0,0.0,0.0,0.0,1367320.01
1,2011-01-07,A,151315,48.27,2.976,211.4047419,7.742,False,0.0,0.0,0.0,0.0,0.0,1444732.28
1,2011-01-14,A,151315,35.4,2.983,211.4574109,7.742,False,0.0,0.0,0.0,0.0,0.0,1391013.96
1,2011-01-21,A,151315,44.04,3.016,211.8272343,7.742,False,0.0,0.0,0.0,0.0,0.0,1327405.42
1,2011-01-28,A,151315,43.83,3.01,212.1970577,7.742,False,0.0,0.0,0.0,0.0,0.0,1316899.31
1,2011-02-04,A,151315,42.27,2.989,212.5668812,7.742,False,0.0,0.0,0.0,0.0,0.0,1606629.58
1,2011-02-11,A,151315,36.39,3.022,212.9367046,7.742,True,0.0,0.0,0.0,0.0,0.0,1649614.93
1,2011-02-18,A,151315,57.36,3.045,213.2478853,7.742,False,0.0,0.0,0.0,0.0,0.0,1686842.78
1,2011-02-25,A,151315,62.9,3.065,213.535609,7.742,False,0.0,0.0,0.0,0.0,0.0,1456800.28
1,2011-03-04,A,151315,59.58,3.288,213.8233327,7.742,False,0.0,0.0,0.0,0.0,0.0,1636263.41
1,2011-03-11,A,151315,53.56,3.459,214.1110564,7.742,False,0.0,0.0,0.0,0.0,0.0,1553191.63
1,2011-03-18,A,151315,62.76,3.488,214.3627114,7.742,False,0.0,0.0,0.0,0.0,0.0,1576818.06
1,2011-03-25,A,151315,69.97,3.473,214.5999389,7.742,False,0.0,0.0,0.0,0.0,0.0,1541102.3800000001
1,2011-04-01,A,151315,59.17,3.524,214.8371664,7.682,False,0.0,0.0,0.0,0.0,0.0,1495064.75
1,2011-04-08,A,151315,67.84,3.622,215.0743939,7.682,False,0.0,0.0,0.0,0.0,0.0,1614259.35
1,2011-04-15,A,151315,71.27,3.743,215.2918561,7.682,False,0.0,0.0,0.0,0.0,0.0,1559889.0
1,2011-04-22,A,151315,72.99,3.807,215.4599053,7.682,False,0.0,0.0,0.0,0.0,0.0,1564819.81
1,2011-04-29,A,151315,72.03,3.81,215.6279544,7.682,False,0.0,0.0,0.0,0.0,0.0,1455090.69
1,2011-05-06,A,151315,64.61,3.906,215.7960035,7.682,False,0.0,0.0,0.0,0.0,0.0,1629391.28
1,2011-05-13,A,151315,75.64,3.899,215.9640526,7.682,False,0.0,0.0,0.0,0.0,0.0,1604775.58
1,2011-05-20,A,151315,67.63,3.907,215.7339202,7.682,False,0.0,0.0,0.0,0.0,0.0,1428218.27
1,2011-05-27,A,151315,77.72,3.786,215.5037878,7.682,False,0.0,0.0,0.0,0.0,0.0,1466046.67
1,2011-06-03,A,151315,83.0,3.699,215.2736553,7.682,False,0.0,0.0,0.0,0.0,0.0,1635078.41
1,2011-06-10,A,151315,83.13,3.648,215.0435229,7.682,False,0.0,0.0,0.0,0.0,0.0,1588948.32
1,2011-06-17,A,151315,86.41,3.637,214.9980596,7.682,False,0.0,0.0,0.0,0.0,0.0,1532114.86
1,2011-06-24,A,151315,83.58,3.594,215.0910982,7.682,False,0.0,0.0,0.0,0.0,0.0,1438830.15
1,2011-07-01,A,151315,85.55,3.524,215.1841368,7.962,False,0.0,0.0,0.0,0.0,0.0,1488538.09
1,2011-07-08,A,151315,85.83,3.48,215.2771754,7.962,False,0.0,0.0,0.0,0.0,0.0,1534849.64
1,2011-07-15,A,151315,88.54,3.575,215.3611087,7.962,False,0.0,0.0,0.0,0.0,0.0,1455119.97
1,2011-07-22,A,151315,85.77,3.651,215.4222784,7.962,False,0.0,0.0,0.0,0.0,0.0,1396926.82
1,2011-07-29,A,151315,86.83,3.682,215.4834482,7.962,False,0.0,0.0,0.0,0.0,0.0,1352219.79
1,2011-08-05,A,151315,91.65,3.684,215.544618,7.962,False,0.0,0.0,0.0,0.0,0.0,1624383.75
1,2011-08-12,A,151315,90.76,3.638,215.6057878,7.962,False,0.0,0.0,0.0,0.0,0.0,1525147.09
1,2011-08-19,A,151315,89.94,3.554,215.6693107,7.962,False,0.0,0.0,0.0,0.0,0.0,1530761.43
1,2011-08-26,A,151315,87.96,3.523,215.7332258,7.962,False,0.0,0.0,0.0,0.0,0.0,1464693.46
1,2011-09-02,A,151315,87.83,3.533,215.7971409,7.962,False,0.0,0.0,0.0,0.0,0.0,1550229.22
1,2011-09-09,A,151315,76.0,3.546,215.861056,7.962,True,0.0,0.0,0.0,0.0,0.0,1540471.24
1,2011-09-16,A,151315,79.94,3.526,216.0410526,7.962,False,0.0,0.0,0.0,0.0,0.0,1514259.78
1,2011-09-23,A,151315,75.8,3.467,216.3758246,7.962,False,0.0,0.0,0.0,0.0,0.0,1380020.27
1,2011-09-30,A,151315,79.69,3.355,216.7105965,7.962,False,0.0,0.0,0.0,0.0,0.0,1394561.83
1,2011-10-07,A,151315,69.31,3.285,217.0453684,7.866,False,0.0,0.0,0.0,0.0,0.0,1630989.95
1,2011-10-14,A,151315,71.74,3.274,217.3552733,7.866,False,0.0,0.0,0.0,0.0,0.0,1493525.93
1,2011-10-21,A,151315,63.71,3.353,217.5159762,7.866,False,0.0,0.0,0.0,0.0,0.0,1502562.78
1,2011-10-28,A,151315,66.57,3.372,217.6766791,7.866,False,0.0,0.0,0.0,0.0,0.0,1445249.09
1,2011-11-04,A,151315,54.98,3.332,217.837382,7.866,False,0.0,0.0,0.0,0.0,0.0,1697229.58
1,2011-11-11,A,151315,59.11,3.297,217.9980849,7.866,False,10382.9,6115.67,215.07,2406.62,6551.42,1594938.8900000001
1,2011-11-18,A,151315,62.25,3.308,218.2205088,7.866,False,6074.12,254.39,51.98,427.39,5988.57,1539483.7
1,2011-11-25,A,151315,60.14,3.236,218.4676211,7.866,True,410.31,98.0,55805.51,8.0,554.92,2033320.66
1,2011-12-02,A,151315,48.91,3.172,218.7147333,7.866,False,5629.51,68.0,1398.11,2084.64,20475.32,1584083.95
1,2011-12-09,A,151315,43.93,3.158,218.9618456,7.866,False,4640.65,19.0,105.02,3639.42,14461.82,1799682.38
1,2011-12-16,A,151315,51.63,3.159,219.1794533,7.866,False,5011.32,67.0,347.37,225.79,4011.37,1881176.67
1,2011-12-23,A,151315,47.96,3.112,219.3577216,7.866,False,2725.36,40.48,634.7,24.9,2739.43,2270188.99
1,2011-12-30,A,151315,44.55,3.129,219.5359898,7.866,True,5762.1,46011.38,260.36,983.65,4735.78,1497462.72
1,2012-01-06,A,151315,49.01,3.157,219.7142581,7.348,False,6277.39,21813.16,143.1,1450.13,8483.0,1550369.92
1,2012-01-13,A,151315,48.53,3.261,219.8925263,7.348,False,5183.29,8025.87,42.24,453.08,3719.38,1459601.17
1,2012-01-20,A,151315,54.11,3.268,219.9856893,7.348,False,4139.87,2807.19,33.88,500.62,3400.21,1394393.84
1,2012-01-27,A,151315,54.26,3.29,220.0788523,7.348,False,1164.46,1082.74,44.0,11.0,1222.19,1319325.59
1,2012-02-03,A,151315,56.55,3.36,220.1720153,7.348,False,34577.06,3579.21,160.53,32403.87,5630.4,1636339.65
1,2012-02-10,A,151315,48.02,3.409,220.2651783,7.348,True,13925.06,6927.23,101.64,8471.88,6886.04,1802477.43
1,2012-02-17,A,151315,45.32,3.51,220.4257586,7.348,False,9873.33,11062.27,9.8,8409.31,3402.66,1819870.0
1,2012-02-24,A,151315,57.25,3.555,220.636902,7.348,False,9349.61,7556.01,3.2,1219.92,8143.59,1539387.83
1,2012-03-02,A,151315,60.96,3.63,220.8480454,7.348,False,15441.4,1569.0,10.8,25390.88,8067.61,1688420.76
1,2012-03-09,A,151315,58.76,3.669,221.0591887,7.348,False,10331.04,151.88,6.0,671.43,5509.84,1675431.16
1,2012-03-16,A,151315,64.74,3.734,221.2118132,7.348,False,4298.16,7.5,2.02,2724.65,2017.69,1677472.78
1,2012-03-23,A,151315,65.93,3.787,221.2864126,7.348,False,6118.56,9.48,4.97,426.72,3657.22,1511068.07
1,2012-03-30,A,151315,67.61,3.845,221.3610119,7.348,False,10309.58,0.5,10.25,1654.17,2642.78,1649604.63
1,2012-04-06,A,151315,70.43,3.891,221.4356112,7.143,False,10121.97,0.0,77.98,3750.59,4510.72,1899676.8800000001
1,2012-04-13,A,151315,69.07,3.891,221.5102105,7.143,False,6186.19,3288.69,17.07,1822.55,1063.78,1621031.7
1,2012-04-20,A,151315,66.76,3.877,221.5640737,7.143,False,2230.8,612.02,19.75,275.13,5747.1,1521577.8699999999
1,2012-04-27,A,151315,67.23,3.814,221.6179368,7.143,False,3221.25,0.0,35.49,577.14,6222.25,1468928.3699999999
1,2012-05-04,A,151315,75.55,3.749,221.6718,7.143,False,21290.13,0.0,69.89,4977.35,3261.04,1684519.99
1,2012-05-11,A,151315,73.77,3.688,221.7256632,7.143,False,8351.4,0.0,10.52,2443.14,3127.88,1611096.05
1,2012-05-18,A,151315,70.33,3.63,221.742674,7.143,False,6154.14,0.0,45.11,1675.49,5508.18,1595901.87
1,2012-05-25,A,151315,77.22,3.561,221.744944,7.143,False,4039.39,0.0,745.19,1429.96,3631.13,1555444.55
1,2012-06-01,A,151315,77.95,3.501,221.7472139,7.143,False,6086.21,12.0,370.51,148.75,3690.85,1624477.58
1,2012-06-08,A,151315,78.3,3.452,221.7494839,7.143,False,8813.81,116.8,64.55,2652.04,7161.91,1697230.96
1,2012-06-15,A,151315,79.35,3.393,221.7626421,7.143,False,5621.99,109.6,0.25,2420.28,3083.26,1630607.0
1,2012-06-22,A,151315,78.39,3.346,221.8030211,7.143,False,8624.56,171.25,3.05,2524.07,7063.68,1527845.81
1,2012-06-29,A,151315,84.88,3.286,221.8434,7.143,False,3965.73,161.6,0.0,435.99,4212.97,1540421.49
1,2012-07-06,A,151315,81.57,3.227,221.8837789,6.908,False,12218.76,94.4,192.83,4066.01,6149.04,1769854.16
1,2012-07-13,A,151315,77.12,3.256,221.9241579,6.908,False,7218.13,45.2,36.24,3909.38,2596.37,1527014.04
1,2012-07-20,A,151315,80.42,3.311,221.9327267,6.908,False,3213.0,313.72,9.53,2262.02,3228.19,1497954.76
1,2012-07-27,A,151315,82.66,3.407,221.9412954,6.908,False,7146.9,389.02,1.59,10267.54,4325.19,1439123.71
1,2012-08-03,A,151315,86.11,3.417,221.9498642,6.908,False,27584.78,119.98,30.23,12007.04,4661.71,1631135.79
1,2012-08-10,A,151315,85.05,3.494,221.9584329,6.908,False,11436.22,245.0,6.85,6964.26,4836.22,1592409.97
1,2012-08-17,A,151315,84.85,3.571,222.0384109,6.908,False,3662.06,137.86,4.84,2752.2,3446.15,1597868.05
1,2012-08-24,A,151315,77.66,3.62,222.1719457,6.908,False,6237.83,260.06,2.97,3463.03,7988.25,1494122.38
1,2012-08-31,A,151315,80.49,3.638,222.3054805,6.908,False,21442.73,102.32,21.7,13209.64,3032.96,1582083.4
1,2012-09-07,A,151315,83.96,3.73,222.4390153,6.908,True,5204.68,35.74,50.94,4120.32,2737.17,1661767.33
1,2012-09-14,A,151315,74.97,3.717,222.5820193,6.908,False,17212.52,7.0,18.79,1523.11,7992.72,1517428.87
1,2012-09-21,A,151315,69.87,3.721,222.7818386,6.908,False,6352.3,7.64,4.69,1010.06,6456.71,1506126.06
1,2012-09-28,A,151315,76.08,3.666,222.9816579,6.908,False,3666.27,7.64,1.65,1417.96,4744.28,1437059.26
1,2012-10-05,A,151315,68.55,3.617,223.1814772,6.573,False,8077.89,0.0,18.22,3617.43,3626.14,1670785.97
1,2012-10-12,A,151315,62.99,3.601,223.3812965,6.573,False,2086.18,0.0,8.11,602.36,5926.45,1573072.81
1,2012-10-19,A,151315,67.97,3.594,223.4257233,6.573,False,950.33,0.0,4.93,80.25,2312.85,1508068.77
1,2012-10-26,A,151315,69.16,3.506,223.4442513,6.573,False,2585.85,31.75,6.0,1057.16,1305.01,1493659.74
2,2010-02-05,A,202307,40.19,2.572,210.7526053,8.324,False,0.0,0.0,0.0,0.0,0.0,2136989.46
2,2010-02-12,A,202307,38.49,2.548,210.8979935,8.324,True,0.0,0.0,0.0,0.0,0.0,2137809.5
2,2010-02-19,A,202307,39.69,2.514,210.9451605,8.324,False,0.0,0.0,0.0,0.0,0.0,2124451.54
2,2010-02-26,A,202307,46.1,2.561,210.9759573,8.324,False,0.0,0.0,0.0,0.0,0.0,1865097.27
2,2010-03-05,A,202307,47.17,2.625,211.0067542,8.324,False,0.0,0.0,0.0,0.0,0.0,1991013.13
2,2010-03-12,A,202307,57.56,2.667,211.037551,8.324,False,0.0,0.0,0.0,0.0,0.0,1990483.78
2,2010-03-19,A,202307,54.52,2.72,210.8733316,8.324,False,0.0,0.0,0.0,0.0,0.0,1946070.8800000001
2,2010-03-26,A,202307,51.26,2.732,210.6766095,8.324,False,0.0,0.0,0.0,0.0,0.0,1750197.81
2,2010-04-02,A,202307,63.27,2.719,210.4798874,8.2,False,0.0,0.0,0.0,0.0,0.0,2066187.72
2,2010-04-09,A,202307,65.41,2.77,210.2831653,8.2,False,0.0,0.0,0.0,0.0,0.0,1954689.21
2,2010-04-16,A,202307,68.07,2.808,210.1495463,8.2,False,0.0,0.0,0.0,0.0,0.0,1874957.94
2,2010-04-23,A,202307,65.11,2.795,210.1000648,8.2,False,0.0,0.0,0.0,0.0,0.0,1821990.93
2,2010-04-30,A,202307,66.98,2.78,210.0505833,8.2,False,0.0,0.0,0.0,0.0,0.0,1802450.29
2,2010-05-07,A,202307,71.28,2.835,210.0011018,8.2,False,0.0,0.0,0.0,0.0,0.0,2042581.71
2,2010-05-14,A,202307,73.31,2.854,209.9984585,8.2,False,0.0,0.0,0.0,0.0,0.0,1880752.36
2,2010-05-21,A,202307,74.83,2.826,210.2768443,8.2,False,0.0,0.0,0.0,0.0,0.0,1896937.1
2,2010-05-28,A,202307,81.13,2.759,210.5552301,8.2,False,0.0,0.0,0.0,0.0,0.0,1957113.89
2,2010-06-04,A,202307,81.81,2.705,210.833616,8.2,False,0.0,0.0,0.0,0.0,0.0,2102539.93
2,2010-06-11,A,202307,83.4,2.668,211.1120018,8.2,False,0.0,0.0,0.0,0.0,0.0,2025538.76
2,2010-06-18,A,202307,85.81,2.637,211.1096543,8.2,False,0.0,0.0,0.0,0.0,0.0,2001636.96
2,2010-06-25,A,202307,86.26,2.653,210.9950134,8.2,False,0.0,0.0,0.0,0.0,0.0,1939927.09
2,2010-07-02,A,202307,82.74,2.669,210.8803726,8.099,False,0.0,0.0,0.0,0.0,0.0,2003940.64
2,2010-07-09,A,202307,82.59,2.642,210.7657317,8.099,False,0.0,0.0,0.0,0.0,0.0,1880902.6199999999
2,2010-07-16,A,202307,85.32,2.623,210.7577954,8.099,False,0.0,0.0,0.0,0.0,0.0,1845879.79
2,2010-07-23,A,202307,87.66,2.608,210.8921319,8.099,False,0.0,0.0,0.0,0.0,0.0,1781717.71
2,2010-07-30,A,202307,83.49,2.64,211.0264684,8.099,False,0.0,0.0,0.0,0.0,0.0,1804246.16
2,2010-08-06,A,202307,89.53,2.627,211.1608049,8.099,False,0.0,0.0,0.0,0.0,0.0,1991909.98
2,2010-08-13,A,202307,89.05,2.692,211.2951413,8.099,False,0.0,0.0,0.0,0.0,0.0,1895601.05
2,2010-08-20,A,202307,88.7,2.664,211.2596586,8.099,False,0.0,0.0,0.0,0.0,0.0,1964335.23
2,2010-08-27,A,202307,87.12,2.619,211.2241759,8.099,False,0.0,0.0,0.0,0.0,0.0,1863840.49
2,2010-09-03,A,202307,81.83,2.577,211.1886931,8.099,False,0.0,0.0,0.0,0.0,0.0,1904608.09
2,2010-09-10,A,202307,79.09,2.565,211.1532104,8.099,True,0.0,0.0,0.0,0.0,0.0,1839128.83
2,2010-09-17,A,202307,82.05,2.582,211.1806415,8.099,False,0.0,0.0,0.0,0.0,0.0,1793903.5999999999
2,2010-09-24,A,202307,81.79,2.624,211.2552578,8.099,False,0.0,0.0,0.0,0.0,0.0,1724557.22
2,2010-10-01,A,202307,69.24,2.603,211.3298742,8.163,False,0.0,0.0,0.0,0.0,0.0,1827440.43
2,2010-10-08,A,202307,63.19,2.633,211.4044906,8.163,False,0.0,0.0,0.0,0.0,0.0,1849921.44
2,2010-10-15,A,202307,65.8,2.72,211.4713286,8.163,False,0.0,0.0,0.0,0.0,0.0,1794355.49
2,2010-10-22,A,202307,68.5,2.725,211.5187208,8.163,False,0.0,0.0,0.0,0.0,0.0,1737947.64
2,2010-10-29,A,202307,66.24,2.716,211.5661131,8.163,False,0.0,0.0,0.0,0.0,0.0,1802755.11
2,2010-11-05,A,202307,57.85,2.689,211.6135053,8.163,False,0.0,0.0,0.0,0.0,0.0,1939061.41
2,2010-11-12,A,202307,59.69,2.728,211.6608975,8.163,False,0.0,0.0,0.0,0.0,0.0,1916812.74
2,2010-11-19,A,202307,50.81,2.771,211.5470304,8.163,False,0.0,0.0,0.0,0.0,0.0,1956739.17
2,2010-11-26,A,202307,62.98,2.735,211.4062867,8.163,True,0.0,0.0,0.0,0.0,0.0,2658725.29
2,2010-12-03,A,202307,49.33,2.708,211.265543,8.163,False,0.0,0.0,0.0,0.0,0.0,2015781.27
2,2010-12-10,A,202307,45.5,2.843,211.1247993,8.163,False,0.0,0.0,0.0,0.0,0.0,2378726.55
2,2010-12-17,A,202307,47.55,2.869,211.0645458,8.163,False,0.0,0.0,0.0,0.0,0.0,2609166.75
2,2010-12-24,A,202307,49.97,2.886,211.0646599,8.163,False,0.0,0.0,0.0,0.0,0.0,3436007.68
2,2010-12-31,A,202307,47.3,2.943,211.064774,8.163,True,0.0,0.0,0.0,0.0,0.0,1750434.55
2,2011-01-07,A,202307,44.69,2.976,211.0648881,8.028,False,0.0,0.0,0.0,0.0,0.0,1758050.79
2,2011-01-14,A,202307,33.02,2.983,211.1176713,8.028,False,0.0,0.0,0.0,0.0,0.0,1744193.58
2,2011-01-21,A,202307,41.4,3.016,211.4864691,8.028,False,0.0,0.0,0.0,0.0,0.0,1751384.9
2,2011-01-28,A,202307,42.83,3.01,211.8552668,8.028,False,0.0,0.0,0.0,0.0,0.0,1695371.68
2,2011-02-04,A,202307,38.25,2.989,212.2240646,8.028,False,0.0,0.0,0.0,0.0,0.0,1929346.23
2,2011-02-11,A,202307,33.19,3.022,212.5928624,8.028,True,0.0,0.0,0.0,0.0,0.0,2168041.61
2,2011-02-18,A,202307,57.83,3.045,212.9033115,8.028,False,0.0,0.0,0.0,0.0,0.0,2080884.82
2,2011-02-25,A,202307,60.8,3.065,213.190421,8.028,False,0.0,0.0,0.0,0.0,0.0,1833511.08
2,2011-03-04,A,202307,57.77,3.288,213.4775305,8.028,False,0.0,0.0,0.0,0.0,0.0,1981607.78
2,2011-03-11,A,202307,52.7,3.459,213.7646401,8.028,False,0.0,0.0,0.0,0.0,0.0,1879107.31
2,2011-03-18,A,202307,62.32,3.488,214.0156238,8.028,False,0.0,0.0,0.0,0.0,0.0,1902557.66
2,2011-03-25,A,202307,69.42,3.473,214.2521573,8.028,False,0.0,0.0,0.0,0.0,0.0,1766162.05
2,2011-04-01,A,202307,55.43,3.524,214.4886908,7.931,False,0.0,0.0,0.0,0.0,0.0,1800171.3599999999
2,2011-04-08,A,202307,67.0,3.622,214.7252242,7.931,False,0.0,0.0,0.0,0.0,0.0,1847552.61
2,2011-04-15,A,202307,69.48,3.743,214.9420631,7.931,False,0.0,0.0,0.0,0.0,0.0,1856467.84
2,2011-04-22,A,202307,69.39,3.807,215.1096657,7.931,False,0.0,0.0,0.0,0.0,0.0,1886339.6
2,2011-04-29,A,202307,69.21,3.81,215.2772683,7.931,False,0.0,0.0,0.0,0.0,0.0,1745545.28
2,2011-05-06,A,202307,61.48,3.906,215.4448709,7.931,False,0.0,0.0,0.0,0.0,0.0,1837743.6
2,2011-05-13,A,202307,74.61,3.899,215.6124735,7.931,False,0.0,0.0,0.0,0.0,0.0,1838513.07
2,2011-05-20,A,202307,67.14,3.907,215.3834778,7.931,False,0.0,0.0,0.0,0.0,0.0,1688281.8599999999
2,2011-05-27,A,202307,76.42,3.786,215.1544822,7.931,False,0.0,0.0,0.0,0.0,0.0,1797732.56
2,2011-06-03,A,202307,83.07,3.699,214.9254865,7.931,False,0.0,0.0,0.0,0.0,0.0,1933756.21
2,2011-06-10,A,202307,83.4,3.648,214.6964908,7.931,False,0.0,0.0,0.0,0.0,0.0,1929153.1600000001
2,2011-06-17,A,202307,86.53,3.637,214.6513538,7.931,False,0.0,0.0,0.0,0.0,0.0,1953771.99
2,2011-06-24,A,202307,85.17,3.594,214.7441108,7.931,False,0.0,0.0,0.0,0.0,0.0,1790925.8
2,2011-07-01,A,202307,85.69,3.524,214.8368678,7.852,False,0.0,0.0,0.0,0.0,0.0,1866243.0
2,2011-07-08,A,202307,87.7,3.48,214.9296249,7.852,False,0.0,0.0,0.0,0.0,0.0,1853161.99
2,2011-07-15,A,202307,89.83,3.575,215.0134426,7.852,False,0.0,0.0,0.0,0.0,0.0,1785187.29
2,2011-07-22,A,202307,89.34,3.651,215.0749122,7.852,False,0.0,0.0,0.0,0.0,0.0,1743816.41
2,2011-07-29,A,202307,90.07,3.682,215.1363819,7.852,False,0.0,0.0,0.0,0.0,0.0,1680693.06
2,2011-08-05,A,202307,93.34,3.684,215.1978515,7.852,False,0.0,0.0,0.0,0.0,0.0,1876704.26
2,2011-08-12,A,202307,91.58,3.638,215.2593211,7.852,False,0.0,0.0,0.0,0.0,0.0,1812768.26
2,2011-08-19,A,202307,89.86,3.554,215.3229307,7.852,False,0.0,0.0,0.0,0.0,0.0,1844094.59
2,2011-08-26,A,202307,90.45,3.523,215.386897,7.852,False,0.0,0.0,0.0,0.0,0.0,1821139.91
2,2011-09-02,A,202307,89.64,3.533,215.4508632,7.852,False,0.0,0.0,0.0,0.0,0.0,1809119.7
2,2011-09-09,A,202307,77.97,3.546,215.5148295,7.852,True,0.0,0.0,0.0,0.0,0.0,1748000.65
2,2011-09-16,A,202307,78.85,3.526,215.6944378,7.852,False,0.0,0.0,0.0,0.0,0.0,1691439.52
2,2011-09-23,A,202307,75.58,3.467,216.0282356,7.852,False,0.0,0.0,0.0,0.0,0.0,1669299.78
2,2011-09-30,A,202307,78.14,3.355,216.3620333,7.852,False,0.0,0.0,0.0,0.0,0.0,1650394.44
2,2011-10-07,A,202307,69.92,3.285,216.6958311,7.441,False,0.0,0.0,0.0,0.0,0.0,1837553.43
2,2011-10-14,A,202307,71.67,3.274,217.0048261,7.441,False,0.0,0.0,0.0,0.0,0.0,1743882.19
2,2011-10-21,A,202307,64.53,3.353,217.1650042,7.441,False,0.0,0.0,0.0,0.0,0.0,1834680.25
2,2011-10-28,A,202307,65.87,3.372,217.3251824,7.441,False,0.0,0.0,0.0,0.0,0.0,1769296.25
2,2011-11-04,A,202307,55.53,3.332,217.4853605,7.441,False,0.0,0.0,0.0,0.0,0.0,1959707.9
2,2011-11-11,A,202307,59.33,3.297,217.6455387,7.441,False,10797.64,20445.0,443.32,4754.07,4787.16,1920725.15
2,2011-11-18,A,202307,62.01,3.308,217.8670218,7.441,False,6490.92,1217.76,152.12,873.82,7656.42,1902762.5
2,2011-11-25,A,202307,56.36,3.236,218.1130269,7.441,True,919.71,62.0,77451.26,23.0,1589.43,2614202.3
2,2011-12-02,A,202307,48.74,3.172,218.3590319,7.441,False,8010.99,83.47,1897.27,4444.0,28238.93,1954952.0
2,2011-12-09,A,202307,41.76,3.158,218.605037,7.441,False,11472.59,40.0,306.43,4160.55,8899.08,2290549.32
2,2011-12-16,A,202307,50.13,3.159,218.8217928,7.441,False,4908.83,61.03,341.49,469.8,4744.27,2432736.52
2,2011-12-23,A,202307,46.66,3.112,218.9995495,7.441,False,2971.04,15.18,1501.75,88.76,6437.61,3224369.8
2,2011-12-30,A,202307,44.57,3.129,219.1773063,7.441,True,8321.44,92523.94,139.53,1515.4,3027.69,1874226.52
2,2012-01-06,A,202307,46.75,3.157,219.355063,7.057,False,5886.72,37454.29,121.16,2388.92,7103.97,1799520.1400000001
2,2012-01-13,A,202307,45.99,3.261,219.5328198,7.057,False,4414.72,12092.63,98.38,708.18,4245.6,1744725.48
2,2012-01-20,A,202307,51.7,3.268,219.6258417,7.057,False,6552.26,4355.69,105.97,1703.1,3376.03,1711769.11
2,2012-01-27,A,202307,50.5,3.29,219.7188636,7.057,False,1920.15,1507.56,86.09,43.4,2613.53,1660906.1400000001
2,2012-02-03,A,202307,55.21,3.36,219.8118854,7.057,False,75149.79,3818.85,221.4,48159.86,7423.61,1935299.94
2,2012-02-10,A,202307,46.98,3.409,219.9049073,7.057,True,13510.89,6674.42,94.07,14114.9,9577.83,2103322.68
2,2012-02-17,A,202307,43.82,3.51,220.0651993,7.057,False,13942.54,14273.24,15.76,4927.14,6650.08,2196688.46
2,2012-02-24,A,202307,54.63,3.555,220.275944,7.057,False,13048.36,12059.1,10.2,5299.73,10380.03,1861802.7
2,2012-03-02,A,202307,58.79,3.63,220.4866886,7.057,False,23901.27,2144.7,9.0,9799.63,4929.53,1952555.66
2,2012-03-09,A,202307,57.11,3.669,220.6974332,7.057,False,11784.91,368.32,3.0,2498.17,7746.0,1937628.26
2,2012-03-16,A,202307,63.68,3.734,220.8498468,7.057,False,5965.99,230.42,3.0,2650.77,2073.81,1976082.13
2,2012-03-23,A,202307,64.01,3.787,220.9244858,7.057,False,6008.98,139.93,6.63,1650.49,5263.08,1790439.16
2,2012-03-30,A,202307,66.83,3.845,220.9991248,7.057,False,14369.3,164.77,17.0,1017.31,3470.49,1857480.84
2,2012-04-06,A,202307,68.43,3.891,221.0737638,6.891,False,12132.59,1.3,32.58,4874.69,5535.13,2129035.91
2,2012-04-13,A,202307,68.08,3.891,221.1484028,6.891,False,8994.04,6573.08,20.21,4162.2,1966.38,1935869.1
2,2012-04-20,A,202307,65.69,3.877,221.2021074,6.891,False,7311.02,2236.2,33.53,878.07,4080.32,1847344.45
2,2012-04-27,A,202307,67.2,3.814,221.255812,6.891,False,3076.68,0.0,38.32,108.71,2708.9,1764133.09
2,2012-05-04,A,202307,76.73,3.749,221.3095166,6.891,False,23731.47,0.0,78.09,7931.42,4443.52,1923957.0899999999
2,2012-05-11,A,202307,73.87,3.688,221.3632212,6.891,False,16519.5,0.0,117.38,5131.02,3634.25,1917520.99
2,2012-05-18,A,202307,71.27,3.63,221.380331,6.891,False,9262.12,0.0,42.67,3694.8,4612.01,2000940.67
2,2012-05-25,A,202307,78.19,3.561,221.3828029,6.891,False,10701.32,0.0,1030.53,3595.04,14920.27,1912791.09
2,2012-06-01,A,202307,78.38,3.501,221.3852748,6.891,False,13091.33,21.0,245.37,2993.15,5521.72,1910092.3699999999
2,2012-06-08,A,202307,78.69,3.452,221.3877467,6.891,False,12162.04,463.6,78.39,3610.78,10877.64,2010216.49
2,2012-06-15,A,202307,80.56,3.393,221.4009901,6.891,False,8573.41,195.0,0.19,4455.38,5288.61,1962924.3
2,2012-06-22,A,202307,81.04,3.346,221.4411622,6.891,False,12126.02,314.0,60.99,6058.6,36430.33,1887733.21
2,2012-06-29,A,202307,86.32,3.286,221.4813343,6.891,False,8495.34,275.8,0.0,1935.16,5686.13,1881046.12
2,2012-07-06,A,202307,84.2,3.227,221.5215064,6.565,False,12355.5,295.05,100.15,6720.4,5506.53,2041507.4
2,2012-07-13,A,202307,80.17,3.256,221.5616784,6.565,False,8354.65,342.25,20.53,5674.44,5012.22,1830075.13
2,2012-07-20,A,202307,83.23,3.311,221.5701123,6.565,False,6961.58,241.2,24.97,3401.36,2453.42,1819666.46
2,2012-07-27,A,202307,86.37,3.407,221.5785461,6.565,False,6999.14,197.72,2.53,6319.33,5007.01,1757923.88
2,2012-08-03,A,202307,90.22,3.417,221.5869799,6.565,False,27650.68,164.58,43.02,21801.9,6652.98,1946104.6400000001
2,2012-08-10,A,202307,88.55,3.494,221.5954138,6.565,False,5554.54,142.3,13.43,4187.43,5286.19,1866719.96
2,2012-08-17,A,202307,84.79,3.571,221.6751459,6.565,False,4774.16,330.78,10.53,4253.28,4927.26,1928016.01
2,2012-08-24,A,202307,76.91,3.62,221.8083518,6.565,False,4759.7,211.38,6.62,2972.88,5102.26,1876788.15
2,2012-08-31,A,202307,82.64,3.638,221.9415576,6.565,False,17500.26,73.22,21.38,12878.62,4756.5,1947083.3
2,2012-09-07,A,202307,87.65,3.73,222.0747635,6.565,True,10658.86,149.28,60.97,2920.9,3275.57,1898777.07
2,2012-09-14,A,202307,75.88,3.717,222.2174395,6.565,False,8325.93,0.0,37.32,1808.69,9314.55,1814806.6300000001
2,2012-09-21,A,202307,71.09,3.721,222.4169362,6.565,False,6707.94,3.82,15.55,1001.42,7607.94,1829415.67
2,2012-09-28,A,202307,79.45,3.666,222.6164329,6.565,False,7106.05,1.91,1.65,1549.1,3946.03,1746470.56
2,2012-10-05,A,202307,70.27,3.617,222.8159296,6.17,False,6037.76,0.0,10.04,3027.37,3853.4,1998321.04
2,2012-10-12,A,202307,60.97,3.601,223.0154263,6.17,False,2145.5,0.0,33.31,586.83,10421.01,1900745.13
2,2012-10-19,A,202307,68.08,3.594,223.0598077,6.17,False,4461.89,0.0,1.14,1579.67,2642.29,1847990.41
2,2012-10-26,A,202307,69.79,3.506,223.0783366,6.17,False,6152.59,129.77,200.0,272.29,2924.15,1834458.35
3,2010-02-05,B,37392,45.71,2.572,214.4248812,7.368,False,0.0,0.0,0.0,0.0,0.0,461622.22
3,2010-02-12,B,37392,47.93,2.548,214.5747916,7.368,True,0.0,0.0,0.0,0.0,0.0,420728.96
3,2010-02-19,B,37392,47.07,2.514,214.6198868,7.368,False,0.0,0.0,0.0,0.0,0.0,421642.19
3,2010-02-26,B,37392,52.05,2.561,214.6475127,7.368,False,0.0,0.0,0.0,0.0,0.0,407204.86
3,2010-03-05,B,37392,53.04,2.625,214.6751386,7.368,False,0.0,0.0,0.0,0.0,0.0,415202.04000000004
3,2010-03-12,B,37392,63.08,2.667,214.7027646,7.368,False,0.0,0.0,0.0,0.0,0.0,384200.69
3,2010-03-19,B,37392,60.42,2.72,214.5301219,7.368,False,0.0,0.0,0.0,0.0,0.0,375328.58999999997
3,2010-03-26,B,37392,57.06,2.732,214.3241011,7.368,False,0.0,0.0,0.0,0.0,0.0,359949.27
3,2010-04-02,B,37392,65.56,2.719,214.1180803,7.343,False,0.0,0.0,0.0,0.0,0.0,423294.4
3,2010-04-09,B,37392,68.0,2.77,213.9120595,7.343,False,0.0,0.0,0.0,0.0,0.0,415870.28
3,2010-04-16,B,37392,66.98,2.808,213.7726889,7.343,False,0.0,0.0,0.0,0.0,0.0,354993.26
3,2010-04-23,B,37392,67.87,2.795,213.7221852,7.343,False,0.0,0.0,0.0,0.0,0.0,339976.65
3,2010-04-30,B,37392,70.24,2.78,213.6716815,7.343,False,0.0,0.0,0.0,0.0,0.0,361248.39
3,2010-05-07,B,37392,73.47,2.835,213.6211778,7.343,False,0.0,0.0,0.0,0.0,0.0,399323.86
3,2010-05-14,B,37392,77.18,2.854,213.6196139,7.343,False,0.0,0.0,0.0,0.0,0.0,384357.94
3,2010-05-21,B,37392,75.81,2.826,213.9116886,7.343,False,0.0,0.0,0.0,0.0,0.0,343763.17
3,2010-05-28,B,37392,78.6,2.759,214.2037634,7.343,False,0.0,0.0,0.0,0.0,0.0,350089.23
3,2010-06-04,B,37392,78.53,2.705,214.4958382,7.343,False,0.0,0.0,0.0,0.0,0.0,396968.8
3,2010-06-11,B,37392,82.1,2.668,214.787913,7.343,False,0.0,0.0,0.0,0.0,0.0,355017.09
3,2010-06-18,B,37392,83.52,2.637,214.7858259,7.343,False,0.0,0.0,0.0,0.0,0.0,364076.85
3,2010-06-25,B,37392,83.79,2.653,214.6660741,7.343,False,0.0,0.0,0.0,0.0,0.0,357346.48
3,2010-07-02,B,37392,82.2,2.669,214.5463222,7.346,False,0.0,0.0,0.0,0.0,0.0,381151.72000000003
3,2010-07-09,B,37392,81.75,2.642,214.4265704,7.346,False,0.0,0.0,0.0,0.0,0.0,349214.18
3,2010-07-16,B,37392,84.32,2.623,214.4176476,7.346,False,0.0,0.0,0.0,0.0,0.0,352728.78
3,2010-07-23,B,37392,83.32,2.608,214.5564968,7.346,False,0.0,0.0,0.0,0.0,0.0,352864.49
3,2010-07-30,B,37392,82.04,2.64,214.695346,7.346,False,0.0,0.0,0.0,0.0,0.0,347955.05
3,2010-08-06,B,37392,85.13,2.627,214.8341952,7.346,False,0.0,0.0,0.0,0.0,0.0,402635.76
3,2010-08-13,B,37392,86.74,2.692,214.9730444,7.346,False,0.0,0.0,0.0,0.0,0.0,339597.38
3,2010-08-20,B,37392,88.02,2.664,214.9314191,7.346,False,0.0,0.0,0.0,0.0,0.0,351728.21
3,2010-08-27,B,37392,86.15,2.619,214.8897938,7.346,False,0.0,0.0,0.0,0.0,0.0,362134.08999999997
3,2010-09-03,B,37392,84.16,2.577,214.8481685,7.346,False,0.0,0.0,0.0,0.0,0.0,366473.97000000003
3,2010-09-10,B,37392,80.84,2.565,214.8065431,7.346,True,0.0,0.0,0.0,0.0,0.0,352260.97
3,2010-09-17,B,37392,82.36,2.582,214.8322484,7.346,False,0.0,0.0,0.0,0.0,0.0,363064.64
3,2010-09-24,B,37392,76.9,2.624,214.9084516,7.346,False,0.0,0.0,0.0,0.0,0.0,355626.87
3,2010-10-01,B,37392,73.6,2.603,214.9846548,7.564,False,0.0,0.0,0.0,0.0,0.0,358784.1
3,2010-10-08,B,37392,66.99,2.633,215.060858,7.564,False,0.0,0.0,0.0,0.0,0.0,395107.35000000003
3,2010-10-15,B,37392,69.71,2.72,215.1293114,7.564,False,0.0,0.0,0.0,0.0,0.0,345584.39
3,2010-10-22,B,37392,71.64,2.725,215.17839,7.564,False,0.0,0.0,0.0,0.0,0.0,348895.98
3,2010-10-29,B,37392,72.04,2.716,215.2274686,7.564,False,0.0,0.0,0.0,0.0,0.0,348591.74
3,2010-11-05,B,37392,62.94,2.689,215.2765472,7.564,False,0.0,0.0,0.0,0.0,0.0,423175.56
3,2010-11-12,B,37392,62.79,2.728,215.3256258,7.564,False,0.0,0.0,0.0,0.0,0.0,386635.03
3,2010-11-19,B,37392,57.72,2.771,215.2074519,7.564,False,0.0,0.0,0.0,0.0,0.0,372545.32
3,2010-11-26,B,37392,68.71,2.735,215.0614025,7.564,True,0.0,0.0,0.0,0.0,0.0,565567.84
3,2010-12-03,B,37392,53.76,2.708,214.9153531,7.564,False,0.0,0.0,0.0,0.0,0.0,476420.77
3,2010-12-10,B,37392,51.13,2.843,214.7693037,7.564,False,0.0,0.0,0.0,0.0,0.0,467642.02999999997
3,2010-12-17,B,37392,52.2,2.869,214.704919,7.564,False,0.0,0.0,0.0,0.0,0.0,498159.39
3,2010-12-24,B,37392,57.16,2.886,214.7017828,7.564,False,0.0,0.0,0.0,0.0,0.0,605990.41
3,2010-12-31,B,37392,53.2,2.943,214.6986466,7.564,True,0.0,0.0,0.0,0.0,0.0,382677.76
3,2011-01-07,B,37392,53.35,2.976,214.6955104,7.551,False,0.0,0.0,0.0,0.0,0.0,378241.33999999997
3,2011-01-14,B,37392,44.76,2.983,214.7470729,7.551,False,0.0,0.0,0.0,0.0,0.0,381061.10000000003
3,2011-01-21,B,37392,50.74,3.016,215.1268275,7.551,False,0.0,0.0,0.0,0.0,0.0,350876.7
3,2011-01-28,B,37392,48.71,3.01,215.5065821,7.551,False,0.0,0.0,0.0,0.0,0.0,364866.24000000005
3,2011-02-04,B,37392,45.95,2.989,215.8863367,7.551,False,0.0,0.0,0.0,0.0,0.0,438516.53
3,2011-02-11,B,37392,43.57,3.022,216.2660913,7.551,True,0.0,0.0,0.0,0.0,0.0,430526.21
3,2011-02-18,B,37392,61.58,3.045,216.5843571,7.551,False,0.0,0.0,0.0,0.0,0.0,432782.1
3,2011-02-25,B,37392,67.4,3.065,216.8780275,7.551,False,0.0,0.0,0.0,0.0,0.0,397211.19
3,2011-03-04,B,37392,65.11,3.288,217.1716979,7.551,False,0.0,0.0,0.0,0.0,0.0,437084.51
3,2011-03-11,B,37392,61.29,3.459,217.4653683,7.551,False,0.0,0.0,0.0,0.0,0.0,404753.3
3,2011-03-18,B,37392,69.47,3.488,217.7235226,7.551,False,0.0,0.0,0.0,0.0,0.0,392109.51
3,2011-03-25,B,37392,72.94,3.473,217.9674705,7.551,False,0.0,0.0,0.0,0.0,0.0,380683.67
3,2011-04-01,B,37392,68.76,3.524,218.2114184,7.574,False,0.0,0.0,0.0,0.0,0.0,374556.07999999996
3,2011-04-08,B,37392,72.55,3.622,218.4553663,7.574,False,0.0,0.0,0.0,0.0,0.0,384075.31
3,2011-04-15,B,37392,75.88,3.743,218.6788642,7.574,False,0.0,0.0,0.0,0.0,0.0,366250.69
3,2011-04-22,B,37392,76.91,3.807,218.851237,7.574,False,0.0,0.0,0.0,0.0,0.0,391860.04
3,2011-04-29,B,37392,78.69,3.81,219.0236099,7.574,False,0.0,0.0,0.0,0.0,0.0,367405.4
3,2011-05-06,B,37392,69.45,3.906,219.1959827,7.574,False,0.0,0.0,0.0,0.0,0.0,413042.12
3,2011-05-13,B,37392,79.87,3.899,219.3683556,7.574,False,0.0,0.0,0.0,0.0,0.0,386312.68
3,2011-05-20,B,37392,75.79,3.907,219.127216,7.574,False,0.0,0.0,0.0,0.0,0.0,364603.13
3,2011-05-27,B,37392,84.41,3.786,218.8860765,7.574,False,0.0,0.0,0.0,0.0,0.0,369350.6
3,2011-06-03,B,37392,84.29,3.699,218.6449369,7.574,False,0.0,0.0,0.0,0.0,0.0,394507.84
3,2011-06-10,B,37392,84.84,3.648,218.4037974,7.574,False,0.0,0.0,0.0,0.0,0.0,391638.75
3,2011-06-17,B,37392,86.96,3.637,218.3551748,7.574,False,0.0,0.0,0.0,0.0,0.0,403423.34
3,2011-06-24,B,37392,84.94,3.594,218.45094,7.574,False,0.0,0.0,0.0,0.0,0.0,385520.71
3,2011-07-01,B,37392,85.1,3.524,218.5467052,7.567,False,0.0,0.0,0.0,0.0,0.0,368962.72000000003
3,2011-07-08,B,37392,85.38,3.48,218.6424704,7.567,False,0.0,0.0,0.0,0.0,0.0,395146.24
3,2011-07-15,B,37392,87.14,3.575,218.7275216,7.567,False,0.0,0.0,0.0,0.0,0.0,373454.33
3,2011-07-22,B,37392,86.19,3.651,218.7857881,7.567,False,0.0,0.0,0.0,0.0,0.0,360617.37
3,2011-07-29,B,37392,88.07,3.682,218.8440545,7.567,False,0.0,0.0,0.0,0.0,0.0,345381.29
3,2011-08-05,B,37392,88.45,3.684,218.9023209,7.567,False,0.0,0.0,0.0,0.0,0.0,409981.25
3,2011-08-12,B,37392,88.88,3.638,218.9605873,7.567,False,0.0,0.0,0.0,0.0,0.0,380376.85
3,2011-08-19,B,37392,88.44,3.554,219.023271,7.567,False,0.0,0.0,0.0,0.0,0.0,379716.91000000003
3,2011-08-26,B,37392,87.67,3.523,219.0866908,7.567,False,0.0,0.0,0.0,0.0,0.0,366367.55
3,2011-09-02,B,37392,89.12,3.533,219.1501106,7.567,False,0.0,0.0,0.0,0.0,0.0,375988.69
3,2011-09-09,B,37392,81.72,3.546,219.2135305,7.567,True,0.0,0.0,0.0,0.0,0.0,377347.49
3,2011-09-16,B,37392,83.63,3.526,219.3972867,7.567,False,0.0,0.0,0.0,0.0,0.0,375629.51
3,2011-09-23,B,37392,80.19,3.467,219.7414914,7.567,False,0.0,0.0,0.0,0.0,0.0,365248.94
3,2011-09-30,B,37392,82.58,3.355,220.085696,7.567,False,0.0,0.0,0.0,0.0,0.0,368477.93
3,2011-10-07,B,37392,75.54,3.285,220.4299007,7.197,False,0.0,0.0,0.0,0.0,0.0,403342.4
3,2011-10-14,B,37392,73.75,3.274,220.7486167,7.197,False,0.0,0.0,0.0,0.0,0.0,368282.57
3,2011-10-21,B,37392,69.03,3.353,220.9144005,7.197,False,0.0,0.0,0.0,0.0,0.0,394976.36
3,2011-10-28,B,37392,71.04,3.372,221.0801842,7.197,False,0.0,0.0,0.0,0.0,0.0,389540.62
3,2011-11-04,B,37392,59.31,3.332,221.245968,7.197,False,0.0,0.0,0.0,0.0,0.0,459443.22
3,2011-11-11,B,37392,61.7,3.297,221.4117517,7.197,False,8787.59,2006.62,200.01,570.57,1005.33,407764.25
3,2011-11-18,B,37392,63.91,3.308,221.6432852,7.197,False,1383.53,23.27,19.95,865.09,2926.05,398838.97
3,2011-11-25,B,37392,68.0,3.236,221.9011185,7.197,True,41.74,10.47,37612.74,0.0,135.16,556925.1900000001
3,2011-12-02,B,37392,54.97,3.172,222.1589519,7.197,False,850.86,18.94,781.71,394.29,7297.1,472511.32
3,2011-12-09,B,37392,49.26,3.158,222.4167852,7.197,False,4059.38,6.47,123.42,833.44,3018.08,468772.8
3,2011-12-16,B,37392,57.95,3.159,222.6426418,7.197,False,1864.61,0.0,170.36,187.42,1500.38,510747.62
3,2011-12-23,B,37392,53.41,3.112,222.8258628,7.197,False,89.98,0.24,411.52,0.0,586.66,551221.21
3,2011-12-30,B,37392,48.29,3.129,223.0090839,7.197,True,1449.16,14356.07,66.66,81.43,777.35,410553.88
3,2012-01-06,B,37392,52.42,3.157,223.1923049,6.833,False,3824.22,9389.98,15.0,415.36,1476.85,398178.21
3,2012-01-13,B,37392,51.86,3.261,223.3755259,6.833,False,3927.76,3323.64,0.0,226.97,1725.19,367438.62
3,2012-01-20,B,37392,56.2,3.268,223.4700552,6.833,False,720.82,1629.26,1.46,16.05,799.5,365818.61
3,2012-01-27,B,37392,58.06,3.29,223.5645845,6.833,False,774.55,349.99,0.0,4.0,328.72,349518.1
3,2012-02-03,B,37392,59.33,3.36,223.6591137,6.833,False,9667.5,268.29,0.6,8368.15,804.24,424960.66000000003
3,2012-02-10,B,37392,51.65,3.409,223.753643,6.833,True,8687.47,1594.87,2.2,2144.87,2577.83,473292.47000000003
3,2012-02-17,B,37392,52.39,3.51,223.9170153,6.833,False,2706.87,3128.74,1.88,2396.68,1631.28,475591.08
3,2012-02-24,B,37392,60.12,3.555,224.1320199,6.833,False,6129.28,1802.84,0.0,301.48,1929.71,418925.47
3,2012-03-02,B,37392,61.65,3.63,224.3470245,6.833,False,3552.58,601.32,0.0,2666.22,1524.87,469752.56
3,2012-03-09,B,37392,60.71,3.669,224.5620291,6.833,False,8368.5,298.46,1.39,1340.29,1416.22,445162.05
3,2012-03-16,B,37392,64.0,3.734,224.7166953,6.833,False,2588.06,80.89,3.2,909.76,491.83,411775.8
3,2012-03-23,B,37392,66.53,3.787,224.7909104,6.833,False,737.08,36.1,1.43,92.11,583.9,413907.25
3,2012-03-30,B,37392,69.36,3.845,224.8651254,6.833,False,825.1,99.83,1.25,113.25,388.39,407488.83999999997
3,2012-04-06,B,37392,73.01,3.891,224.9393405,6.664,False,4433.71,0.0,24.45,1282.3,1062.83,503232.13
3,2012-04-13,B,37392,72.83,3.891,225.0135556,6.664,False,5359.22,1673.42,3.0,682.03,1371.55,420789.74
3,2012-04-20,B,37392,72.05,3.877,225.0689541,6.664,False,2784.82,130.68,1.75,425.29,904.8,434822.13
3,2012-04-27,B,37392,73.39,3.814,225.1243526,6.664,False,1178.7,0.0,2.95,36.5,351.97,394616.11
3,2012-05-04,B,37392,79.51,3.749,225.1797511,6.664,False,2430.23,0.0,30.92,1159.71,1432.53,439913.57
3,2012-05-11,B,37392,75.19,3.688,225.2351496,6.664,False,3794.95,0.0,0.25,813.77,618.46,431985.36
3,2012-05-18,B,37392,72.38,3.63,225.2512024,6.664,False,3208.73,0.0,0.3,143.23,805.06,418112.76
3,2012-05-25,B,37392,78.58,3.561,225.2515168,6.664,False,3032.03,0.0,291.17,536.82,580.87,413701.29
3,2012-06-01,B,37392,81.55,3.501,225.2518313,6.664,False,2664.55,10.0,220.03,618.49,1940.77,432268.53
3,2012-06-08,B,37392,81.65,3.452,225.2521458,6.664,False,5770.48,28.6,30.18,283.7,2093.48,446336.8
3,2012-06-15,B,37392,84.66,3.393,225.2644795,6.664,False,2014.47,31.8,1.0,631.17,835.34,442074.79
3,2012-06-22,B,37392,82.7,3.346,225.3068615,6.664,False,1843.45,11.2,0.51,421.71,1743.54,419497.95
3,2012-06-29,B,37392,86.42,3.286,225.3492435,6.664,False,2297.32,8.0,0.0,395.28,1182.52,422965.33
3,2012-07-06,B,37392,83.14,3.227,225.3916254,6.334,False,2625.99,30.7,28.16,703.16,1962.17,411206.5
3,2012-07-13,B,37392,82.28,3.256,225.4340074,6.334,False,3196.9,20.8,2.02,302.29,451.1,416913.1
3,2012-07-20,B,37392,81.38,3.311,225.4438827,6.334,False,1266.72,66.2,3.83,149.62,558.02,432424.85
3,2012-07-27,B,37392,84.94,3.407,225.4537579,6.334,False,3447.28,31.0,2.46,1791.7,1107.97,389427.9
3,2012-08-03,B,37392,86.55,3.417,225.4636332,6.334,False,5683.49,37.2,0.04,2484.22,639.29,419990.29000000004
3,2012-08-10,B,37392,85.85,3.494,225.4735085,6.334,False,3375.44,28.4,2.4,1880.43,555.9,391811.6
3,2012-08-17,B,37392,87.36,3.571,225.5558664,6.334,False,990.08,44.2,0.0,401.46,430.69,394918.83
3,2012-08-24,B,37392,83.01,3.62,225.6925864,6.334,False,3062.02,26.8,0.0,1004.51,1285.29,412449.67
3,2012-08-31,B,37392,85.18,3.638,225.8293063,6.334,False,6599.69,27.8,24.7,1743.76,428.74,408838.73
3,2012-09-07,B,37392,84.99,3.73,225.9660263,6.334,True,2266.83,19.0,8.31,419.87,926.86,408229.73000000004
3,2012-09-14,B,37392,78.36,3.717,226.1122067,6.334,False,3589.7,0.0,3.72,2080.29,1760.69,407589.16
3,2012-09-21,B,37392,72.78,3.721,226.3151496,6.334,False,3233.34,1.91,7.69,878.66,1602.11,414392.09
3,2012-09-28,B,37392,77.46,3.666,226.5180926,6.334,False,2493.82,0.0,1.5,890.65,715.52,389813.02
3,2012-10-05,B,37392,72.74,3.617,226.7210356,6.034,False,1750.8,0.0,3.01,480.24,646.82,443557.65
3,2012-10-12,B,37392,70.31,3.601,226.9239785,6.034,False,775.31,0.0,2.78,498.54,328.16,410804.39
3,2012-10-19,B,37392,73.44,3.594,226.9688442,6.034,False,629.25,0.0,7.5,75.11,3010.32,424513.08
3,2012-10-26,B,37392,74.66,3.506,226.9873637,6.034,False,370.99,6.35,4.0,5.94,180.07,405432.7
4,2010-02-05,A,205863,43.76,2.598,126.4420645,8.623,False,0.0,0.0,0.0,0.0,0.0,2135143.87
4,2010-02-12,A,205863,28.84,2.573,126.4962581,8.623,True,0.0,0.0,0.0,0.0,0.0,2188307.39
4,2010-02-19,A,205863,36.45,2.54,126.5262857,8.623,False,0.0,0.0,0.0,0.0,0.0,2049860.26
4,2010-02-26,A,205863,41.36,2.59,126.5522857,8.623,False,0.0,0.0,0.0,0.0,0.0,1925728.84
4,2010-03-05,A,205863,43.49,2.654,126.5782857,8.623,False,0.0,0.0,0.0,0.0,0.0,1971057.44
4,2010-03-12,A,205863,49.63,2.704,126.6042857,8.623,False,0.0,0.0,0.0,0.0,0.0,1894324.09
4,2010-03-19,A,205863,55.19,2.743,126.6066452,8.623,False,0.0,0.0,0.0,0.0,0.0,1897429.36
4,2010-03-26,A,205863,39.91,2.752,126.6050645,8.623,False,0.0,0.0,0.0,0.0,0.0,1762539.3
4,2010-04-02,A,205863,48.77,2.74,126.6034839,7.896,False,0.0,0.0,0.0,0.0,0.0,1979247.1199999999
4,2010-04-09,A,205863,54.16,2.773,126.6019032,7.896,False,0.0,0.0,0.0,0.0,0.0,1818452.72
4,2010-04-16,A,205863,56.23,2.81,126.5621,7.896,False,0.0,0.0,0.0,0.0,0.0,1851519.69
4,2010-04-23,A,205863,56.87,2.805,126.4713333,7.896,False,0.0,0.0,0.0,0.0,0.0,1802677.9
4,2010-04-30,A,205863,53.04,2.787,126.3805667,7.896,False,0.0,0.0,0.0,0.0,0.0,1817273.28
4,2010-05-07,A,205863,56.77,2.836,126.2898,7.896,False,0.0,0.0,0.0,0.0,0.0,2000626.14
4,2010-05-14,A,205863,62.35,2.845,126.2085484,7.896,False,0.0,0.0,0.0,0.0,0.0,1875597.28
4,2010-05-21,A,205863,67.4,2.82,126.1843871,7.896,False,0.0,0.0,0.0,0.0,0.0,1903752.6
4,2010-05-28,A,205863,67.73,2.756,126.1602258,7.896,False,0.0,0.0,0.0,0.0,0.0,1857533.7
4,2010-06-04,A,205863,70.83,2.701,126.1360645,7.896,False,0.0,0.0,0.0,0.0,0.0,1903290.58
4,2010-06-11,A,205863,78.45,2.668,126.1119032,7.896,False,0.0,0.0,0.0,0.0,0.0,1870619.23
4,2010-06-18,A,205863,81.53,2.635,126.114,7.896,False,0.0,0.0,0.0,0.0,0.0,1929736.35
4,2010-06-25,A,205863,81.1,2.654,126.1266,7.896,False,0.0,0.0,0.0,0.0,0.0,1846651.95
4,2010-07-02,A,205863,73.66,2.668,126.1392,7.372,False,0.0,0.0,0.0,0.0,0.0,1881337.21
4,2010-07-09,A,205863,80.35,2.637,126.1518,7.372,False,0.0,0.0,0.0,0.0,0.0,1812208.22
4,2010-07-16,A,205863,78.53,2.621,126.1498065,7.372,False,0.0,0.0,0.0,0.0,0.0,1898427.66
4,2010-07-23,A,205863,79.78,2.612,126.1283548,7.372,False,0.0,0.0,0.0,0.0,0.0,1848426.78
4,2010-07-30,A,205863,80.7,2.65,126.1069032,7.372,False,0.0,0.0,0.0,0.0,0.0,1796637.6099999999
4,2010-08-06,A,205863,76.53,2.64,126.0854516,7.372,False,0.0,0.0,0.0,0.0,0.0,1907638.58
4,2010-08-13,A,205863,78.08,2.698,126.064,7.372,False,0.0,0.0,0.0,0.0,0.0,2007050.75
4,2010-08-20,A,205863,78.83,2.671,126.0766452,7.372,False,0.0,0.0,0.0,0.0,0.0,1997181.09
4,2010-08-27,A,205863,74.44,2.621,126.0892903,7.372,False,0.0,0.0,0.0,0.0,0.0,1848403.92
4,2010-09-03,A,205863,76.8,2.584,126.1019355,7.372,False,0.0,0.0,0.0,0.0,0.0,1935857.58
4,2010-09-10,A,205863,73.54,2.574,126.1145806,7.372,True,0.0,0.0,0.0,0.0,0.0,1865820.81
4,2010-09-17,A,205863,64.91,2.594,126.1454667,7.372,False,0.0,0.0,0.0,0.0,0.0,1899959.61
4,2010-09-24,A,205863,60.96,2.642,126.1900333,7.372,False,0.0,0.0,0.0,0.0,0.0,1810684.68
4,2010-10-01,A,205863,63.96,2.619,126.2346,7.127,False,0.0,0.0,0.0,0.0,0.0,1842821.02
4,2010-10-08,A,205863,67.73,2.645,126.2791667,7.127,False,0.0,0.0,0.0,0.0,0.0,1951494.85
4,2010-10-15,A,205863,62.03,2.732,126.3266774,7.127,False,0.0,0.0,0.0,0.0,0.0,1867345.09
4,2010-10-22,A,205863,64.17,2.736,126.3815484,7.127,False,0.0,0.0,0.0,0.0,0.0,1927610.06
4,2010-10-29,A,205863,56.94,2.718,126.4364194,7.127,False,0.0,0.0,0.0,0.0,0.0,1933333.0
4,2010-11-05,A,205863,51.6,2.699,126.4912903,7.127,False,0.0,0.0,0.0,0.0,0.0,2013115.79
4,2010-11-12,A,205863,52.65,2.741,126.5461613,7.127,False,0.0,0.0,0.0,0.0,0.0,1999794.26
4,2010-11-19,A,205863,48.05,2.78,126.6072,7.127,False,0.0,0.0,0.0,0.0,0.0,2097809.4
4,2010-11-26,A,205863,48.08,2.752,126.6692667,7.127,True,0.0,0.0,0.0,0.0,0.0,2789469.45
4,2010-12-03,A,205863,46.4,2.727,126.7313333,7.127,False,0.0,0.0,0.0,0.0,0.0,2102530.17
4,2010-12-10,A,205863,42.4,2.86,126.7934,7.127,False,0.0,0.0,0.0,0.0,0.0,2302504.86
4,2010-12-17,A,205863,46.57,2.884,126.8794839,7.127,False,0.0,0.0,0.0,0.0,0.0,2740057.14
4,2010-12-24,A,205863,43.21,2.887,126.9835806,7.127,False,0.0,0.0,0.0,0.0,0.0,3526713.39
4,2010-12-31,A,205863,38.09,2.955,127.0876774,7.127,True,0.0,0.0,0.0,0.0,0.0,1794868.74
4,2011-01-07,A,205863,39.34,2.98,127.1917742,6.51,False,0.0,0.0,0.0,0.0,0.0,1862476.27
4,2011-01-14,A,205863,31.6,2.992,127.3009355,6.51,False,0.0,0.0,0.0,0.0,0.0,1865502.46
4,2011-01-21,A,205863,38.34,3.017,127.4404839,6.51,False,0.0,0.0,0.0,0.0,0.0,1886393.9400000002
4,2011-01-28,A,205863,40.6,3.022,127.5800323,6.51,False,0.0,0.0,0.0,0.0,0.0,1814240.85
4,2011-02-04,A,205863,34.61,2.996,127.7195806,6.51,False,0.0,0.0,0.0,0.0,0.0,2119086.04
4,2011-02-11,A,205863,33.29,3.033,127.859129,6.51,True,0.0,0.0,0.0,0.0,0.0,2187847.29
4,2011-02-18,A,205863,48.17,3.058,127.99525,6.51,False,0.0,0.0,0.0,0.0,0.0,2316495.56
4,2011-02-25,A,205863,49.0,3.087,128.13,6.51,False,0.0,0.0,0.0,0.0,0.0,2078094.69
4,2011-03-04,A,205863,46.56,3.305,128.26475,6.51,False,0.0,0.0,0.0,0.0,0.0,2103455.75
4,2011-03-11,A,205863,50.93,3.461,128.3995,6.51,False,0.0,0.0,0.0,0.0,0.0,2039818.41
4,2011-03-18,A,205863,51.86,3.495,128.5121935,6.51,False,0.0,0.0,0.0,0.0,0.0,2116475.38
4,2011-03-25,A,205863,59.1,3.48,128.6160645,6.51,False,0.0,0.0,0.0,0.0,0.0,1944164.32
4,2011-04-01,A,205863,56.99,3.521,128.7199355,5.946,False,0.0,0.0,0.0,0.0,0.0,1900246.47
4,2011-04-08,A,205863,62.61,3.605,128.8238065,5.946,False,0.0,0.0,0.0,0.0,0.0,2074953.46
4,2011-04-15,A,205863,62.34,3.724,128.9107333,5.946,False,0.0,0.0,0.0,0.0,0.0,1960587.76
4,2011-04-22,A,205863,68.8,3.781,128.9553,5.946,False,0.0,0.0,0.0,0.0,0.0,2220600.7600000002
4,2011-04-29,A,205863,64.22,3.781,128.9998667,5.946,False,0.0,0.0,0.0,0.0,0.0,1878167.44
4,2011-05-06,A,205863,63.41,3.866,129.0444333,5.946,False,0.0,0.0,0.0,0.0,0.0,2063682.76
4,2011-05-13,A,205863,70.65,3.872,129.089,5.946,False,0.0,0.0,0.0,0.0,0.0,2002362.37
4,2011-05-20,A,205863,70.49,3.881,129.0756774,5.946,False,0.0,0.0,0.0,0.0,0.0,2015563.48
4,2011-05-27,A,205863,73.65,3.771,129.0623548,5.946,False,0.0,0.0,0.0,0.0,0.0,1986597.95
4,2011-06-03,A,205863,78.26,3.683,129.0490323,5.946,False,0.0,0.0,0.0,0.0,0.0,2065377.1500000001
4,2011-06-10,A,205863,80.05,3.64,129.0357097,5.946,False,0.0,0.0,0.0,0.0,0.0,2073951.38
4,2011-06-17,A,205863,83.51,3.618,129.0432,5.946,False,0.0,0.0,0.0,0.0,0.0,2141210.62
4,2011-06-24,A,205863,81.85,3.57,129.0663,5.946,False,0.0,0.0,0.0,0.0,0.0,2008344.92
4,2011-07-01,A,205863,84.54,3.504,129.0894,5.644,False,0.0,0.0,0.0,0.0,0.0,2051533.53
4,2011-07-08,A,205863,84.59,3.469,129.1125,5.644,False,0.0,0.0,0.0,0.0,0.0,2066541.8599999999
4,2011-07-15,A,205863,83.27,3.563,129.1338387,5.644,False,0.0,0.0,0.0,0.0,0.0,2049046.95
4,2011-07-22,A,205863,82.84,3.627,129.1507742,5.644,False,0.0,0.0,0.0,0.0,0.0,2036231.39
4,2011-07-29,A,205863,84.36,3.659,129.1677097,5.644,False,0.0,0.0,0.0,0.0,0.0,1989674.07
4,2011-08-05,A,205863,86.09,3.662,129.1846452,5.644,False,0.0,0.0,0.0,0.0,0.0,2160057.39
4,2011-08-12,A,205863,82.98,3.617,129.2015806,5.644,False,0.0,0.0,0.0,0.0,0.0,2105668.7399999998
4,2011-08-19,A,205863,82.77,3.55,129.2405806,5.644,False,0.0,0.0,0.0,0.0,0.0,2232892.1
4,2011-08-26,A,205863,81.47,3.523,129.2832581,5.644,False,0.0,0.0,0.0,0.0,0.0,1988490.21
4,2011-09-02,A,205863,77.99,3.533,129.3259355,5.644,False,0.0,0.0,0.0,0.0,0.0,2078420.31
4,2011-09-09,A,205863,73.34,3.554,129.3686129,5.644,True,0.0,0.0,0.0,0.0,0.0,2093139.01
4,2011-09-16,A,205863,72.76,3.532,129.4306,5.644,False,0.0,0.0,0.0,0.0,0.0,2075577.33
4,2011-09-23,A,205863,69.23,3.473,129.5183333,5.644,False,0.0,0.0,0.0,0.0,0.0,2031406.41
4,2011-09-30,A,205863,72.15,3.371,129.6060667,5.644,False,0.0,0.0,0.0,0.0,0.0,1929486.6300000001
4,2011-10-07,A,205863,65.79,3.299,129.6938,5.143,False,0.0,0.0,0.0,0.0,0.0,2166737.65
4,2011-10-14,A,205863,63.75,3.283,129.7706452,5.143,False,0.0,0.0,0.0,0.0,0.0,2074548.8499999999
4,2011-10-21,A,205863,64.79,3.361,129.7821613,5.143,False,0.0,0.0,0.0,0.0,0.0,2207742.13
4,2011-10-28,A,205863,55.31,3.362,129.7936774,5.143,False,0.0,0.0,0.0,0.0,0.0,2151659.59
4,2011-11-04,A,205863,49.86,3.322,129.8051935,5.143,False,0.0,0.0,0.0,0.0,0.0,2281217.31
4,2011-11-11,A,205863,47.12,3.286,129.8167097,5.143,False,12851.52,16658.47,430.13,5630.01,9213.39,2203028.96
4,2011-11-18,A,205863,50.44,3.294,129.8268333,5.143,False,4539.94,840.56,372.9,613.96,5358.13,2243946.59
4,2011-11-25,A,205863,47.96,3.225,129.8364,5.143,True,561.45,137.88,83340.33,44.04,9239.23,3004702.33
4,2011-12-02,A,205863,38.71,3.176,129.8459667,5.143,False,9762.39,160.94,2260.29,4767.86,28604.2,2180999.26
4,2011-12-09,A,205863,31.64,3.153,129.8555333,5.143,False,5857.72,30.0,984.98,4692.5,13503.99,2508955.2399999998
4,2011-12-16,A,205863,36.44,3.149,129.8980645,5.143,False,2756.67,72.3,1790.15,777.65,10261.95,2771397.17
4,2011-12-23,A,205863,35.92,3.103,129.9845484,5.143,False,2461.94,69.05,2938.24,52.0,4396.76,3676388.98
4,2011-12-30,A,205863,36.89,3.119,130.0710323,5.143,True,3496.13,72413.71,399.77,776.26,5012.53,2007105.86
4,2012-01-06,A,205863,38.64,3.158,130.1575161,4.607,False,7857.71,38677.72,234.0,863.22,8682.95,2047766.07
4,2012-01-13,A,205863,34.41,3.263,130.244,4.607,False,3666.28,14553.37,76.37,820.37,5955.28,1941676.61
4,2012-01-20,A,205863,42.09,3.273,130.2792258,4.607,False,2109.41,7040.02,44.16,918.36,1116.83,2005097.76
4,2012-01-27,A,205863,40.31,3.29,130.3144516,4.607,False,1346.06,3740.12,46.16,445.47,2451.89,1928720.51
4,2012-02-03,A,205863,41.81,3.354,130.3496774,4.607,False,50820.76,4033.29,285.11,48086.64,7456.15,2173373.91
4,2012-02-10,A,205863,33.0,3.411,130.3849032,4.607,True,11374.63,7208.51,118.37,12869.78,10618.93,2374660.64
4,2012-02-17,A,205863,34.19,3.493,130.4546207,4.607,False,14225.99,11049.65,17.36,11912.49,7565.99,2427640.17
4,2012-02-24,A,205863,41.31,3.541,130.5502069,4.607,False,9777.71,4703.88,5.4,1179.72,9352.14,2226662.17
4,2012-03-02,A,205863,50.38,3.619,130.6457931,4.607,False,18564.88,1394.86,32.93,10714.6,3592.82,2206319.9
4,2012-03-09,A,205863,53.63,3.667,130.7413793,4.607,False,8779.57,602.02,8.53,1103.64,9464.98,2202450.81
4,2012-03-16,A,205863,59.81,3.707,130.8261935,4.607,False,5669.21,37.12,0.0,8540.87,2544.94,2214967.44
4,2012-03-23,A,205863,59.07,3.759,130.8966452,4.607,False,8806.8,-10.5,5.99,739.14,4396.97,2091592.54
4,2012-03-30,A,205863,72.63,3.82,130.9670968,4.607,False,2565.8,442.52,6.5,487.66,4076.68,2089381.77
4,2012-04-06,A,205863,67.69,3.864,131.0375484,4.308,False,11341.17,0.0,73.38,5677.89,7821.95,2470206.13
4,2012-04-13,A,205863,68.69,3.881,131.108,4.308,False,12506.74,5941.43,30.84,3915.29,4392.95,2105301.39
4,2012-04-20,A,205863,68.6,3.864,131.1173333,4.308,False,2774.39,4279.41,43.43,2409.97,4544.22,2144336.89
4,2012-04-27,A,205863,76.47,3.81,131.1266667,4.308,False,3993.66,97.77,26.68,113.37,3947.45,2064065.66
4,2012-05-04,A,205863,80.14,3.747,131.136,4.308,False,13737.91,0.0,93.65,6993.97,4541.89,2196968.33
4,2012-05-11,A,205863,67.64,3.685,131.1453333,4.308,False,20499.88,86.0,103.05,5005.96,3815.16,2127661.17
4,2012-05-18,A,205863,68.43,3.62,131.0983226,4.308,False,6531.12,0.0,99.91,2290.18,2521.84,2207214.81
4,2012-05-25,A,205863,77.47,3.551,131.0287742,4.308,False,4330.02,436.0,862.31,3268.41,3749.53,2154137.67
4,2012-06-01,A,205863,77.41,3.483,130.9592258,4.308,False,10165.22,8.6,47.93,2676.33,4896.34,2179360.94
4,2012-06-08,A,205863,78.11,3.433,130.8896774,4.308,False,7429.46,249.8,7.86,4235.27,9690.55,2245257.18
4,2012-06-15,A,205863,80.94,3.372,130.8295333,4.308,False,16063.84,84.0,0.22,2105.39,6113.16,2234190.93
4,2012-06-22,A,205863,81.63,3.329,130.7929,4.308,False,6619.2,351.22,3.48,5390.02,10920.89,2197299.65
4,2012-06-29,A,205863,84.23,3.257,130.7562667,4.308,False,3756.11,211.6,0.0,2114.26,6371.15,2128362.92
4,2012-07-06,A,205863,80.37,3.187,130.7196333,4.077,False,9789.03,90.0,157.62,10671.47,3864.91,2224499.28
4,2012-07-13,A,205863,76.86,3.224,130.683,4.077,False,11075.38,151.0,17.27,3810.25,4766.88,2100252.61
4,2012-07-20,A,205863,79.14,3.263,130.7012903,4.077,False,4799.23,47.55,30.56,634.78,4648.91,2175563.69
4,2012-07-27,A,205863,81.06,3.356,130.7195806,4.077,False,7011.68,68.7,4.26,13565.83,3841.61,2048613.65
4,2012-08-03,A,205863,83.86,3.374,130.737871,4.077,False,29127.2,42.27,58.34,22663.73,10925.99,2174514.13
4,2012-08-10,A,205863,83.21,3.476,130.7561613,4.077,False,16996.42,36.6,60.94,4777.2,3937.09,2193367.69
4,2012-08-17,A,205863,81.41,3.552,130.7909677,4.077,False,2531.63,15.04,5.54,1269.13,3528.9,2283540.3
4,2012-08-24,A,205863,75.76,3.61,130.8381613,4.077,False,9983.59,0.0,23.4,8115.89,7158.66,2125241.68
4,2012-08-31,A,205863,76.47,3.646,130.8853548,4.077,False,19617.58,1.02,68.29,7187.73,6428.12,2081181.35
4,2012-09-07,A,205863,82.09,3.709,130.9325484,4.077,True,9082.61,16.0,59.06,7217.88,8026.47,2125104.7199999997
4,2012-09-14,A,205863,68.2,3.706,130.9776667,4.077,False,13802.34,0.0,23.12,3643.77,12517.18,2117854.6
4,2012-09-21,A,205863,68.97,3.721,131.0103333,4.077,False,11214.89,5.73,16.84,6376.86,4417.13,2119438.5300000003
4,2012-09-28,A,205863,71.74,3.666,131.043,4.077,False,5333.92,5.73,2.94,1931.02,9753.37,2027620.23
4,2012-10-05,A,205863,63.07,3.62,131.0756667,3.879,False,5918.34,0.0,126.57,3674.49,6807.07,2209835.43
4,2012-10-12,A,205863,57.11,3.603,131.1083333,3.879,False,4975.39,0.0,61.17,1513.17,5905.53,2133026.07
4,2012-10-19,A,205863,64.46,3.61,131.1499677,3.879,False,6313.84,0.0,15.05,2421.08,5885.12,2097266.85
4,2012-10-26,A,205863,63.64,3.514,131.1930968,3.879,False,1763.13,88.76,66.76,0.0,7577.14,2149594.46
5,2010-02-05,B,34875,39.7,2.572,211.6539716,6.566,False,0.0,0.0,0.0,0.0,0.0,317173.1
5,2010-02-12,B,34875,39.81,2.548,211.8004698,6.566,True,0.0,0.0,0.0,0.0,0.0,311825.7
5,2010-02-19,B,34875,41.14,2.514,211.8471283,6.566,False,0.0,0.0,0.0,0.0,0.0,303447.57
5,2010-02-26,B,34875,46.7,2.561,211.8771468,6.566,False,0.0,0.0,0.0,0.0,0.0,270281.63
5,2010-03-05,B,34875,48.89,2.625,211.9071653,6.566,False,0.0,0.0,0.0,0.0,0.0,288855.71
5,2010-03-12,B,34875,58.5,2.667,211.9371839,6.566,False,0.0,0.0,0.0,0.0,0.0,297293.58999999997
5,2010-03-19,B,34875,55.46,2.72,211.770897,6.566,False,0.0,0.0,0.0,0.0,0.0,281706.41
5,2010-03-26,B,34875,52.47,2.732,211.5718925,6.566,False,0.0,0.0,0.0,0.0,0.0,273282.97
5,2010-04-02,B,34875,63.18,2.719,211.372888,6.465,False,0.0,0.0,0.0,0.0,0.0,331406.0
5,2010-04-09,B,34875,65.19,2.77,211.1738835,6.465,False,0.0,0.0,0.0,0.0,0.0,328020.49
5,2010-04-16,B,34875,65.3,2.808,211.0388528,6.465,False,0.0,0.0,0.0,0.0,0.0,306858.69
5,2010-04-23,B,34875,65.13,2.795,210.9891204,6.465,False,0.0,0.0,0.0,0.0,0.0,288839.73
5,2010-04-30,B,34875,67.53,2.78,210.939388,6.465,False,0.0,0.0,0.0,0.0,0.0,298697.84
5,2010-05-07,B,34875,71.53,2.835,210.8896556,6.465,False,0.0,0.0,0.0,0.0,0.0,333522.6
5,2010-05-14,B,34875,74.79,2.854,210.8872772,6.465,False,0.0,0.0,0.0,0.0,0.0,296673.77
5,2010-05-21,B,34875,75.2,2.826,211.169023,6.465,False,0.0,0.0,0.0,0.0,0.0,301615.49
5,2010-05-28,B,34875,79.81,2.759,211.4507688,6.465,False,0.0,0.0,0.0,0.0,0.0,310013.11
5,2010-06-04,B,34875,79.54,2.705,211.7325146,6.465,False,0.0,0.0,0.0,0.0,0.0,337825.89
5,2010-06-11,B,34875,80.7,2.668,212.0142605,6.465,False,0.0,0.0,0.0,0.0,0.0,296641.91
5,2010-06-18,B,34875,83.91,2.637,212.0119769,6.465,False,0.0,0.0,0.0,0.0,0.0,313795.6
5,2010-06-25,B,34875,83.72,2.653,211.8960815,6.465,False,0.0,0.0,0.0,0.0,0.0,295257.3
5,2010-07-02,B,34875,81.25,2.669,211.7801861,6.496,False,0.0,0.0,0.0,0.0,0.0,305993.27
5,2010-07-09,B,34875,81.14,2.642,211.6642907,6.496,False,0.0,0.0,0.0,0.0,0.0,291808.87
5,2010-07-16,B,34875,83.98,2.623,211.6561123,6.496,False,0.0,0.0,0.0,0.0,0.0,280701.7
5,2010-07-23,B,34875,83.66,2.608,211.7915565,6.496,False,0.0,0.0,0.0,0.0,0.0,274742.63
5,2010-07-30,B,34875,82.46,2.64,211.9270006,6.496,False,0.0,0.0,0.0,0.0,0.0,268929.03
5,2010-08-06,B,34875,86.1,2.627,212.0624447,6.496,False,0.0,0.0,0.0,0.0,0.0,303043.02
5,2010-08-13,B,34875,87.41,2.692,212.1978889,6.496,False,0.0,0.0,0.0,0.0,0.0,286477.35
5,2010-08-20,B,34875,87.71,2.664,212.1608984,6.496,False,0.0,0.0,0.0,0.0,0.0,287205.38
5,2010-08-27,B,34875,87.05,2.619,212.123908,6.496,False,0.0,0.0,0.0,0.0,0.0,288519.75
5,2010-09-03,B,34875,84.06,2.577,212.0869176,6.496,False,0.0,0.0,0.0,0.0,0.0,323798.0
5,2010-09-10,B,34875,79.86,2.565,212.0499271,6.496,True,0.0,0.0,0.0,0.0,0.0,306533.08
5,2010-09-17,B,34875,82.28,2.582,212.0769346,6.496,False,0.0,0.0,0.0,0.0,0.0,282558.65
5,2010-09-24,B,34875,78.53,2.624,212.1519404,6.496,False,0.0,0.0,0.0,0.0,0.0,293131.58
5,2010-10-01,B,34875,71.1,2.603,212.2269463,6.768,False,0.0,0.0,0.0,0.0,0.0,283178.12
5,2010-10-08,B,34875,64.99,2.633,212.3019522,6.768,False,0.0,0.0,0.0,0.0,0.0,290494.85
5,2010-10-15,B,34875,68.11,2.72,212.3691867,6.768,False,0.0,0.0,0.0,0.0,0.0,280681.2
5,2010-10-22,B,34875,70.96,2.725,212.4169928,6.768,False,0.0,0.0,0.0,0.0,0.0,284988.27
5,2010-10-29,B,34875,70.58,2.716,212.464799,6.768,False,0.0,0.0,0.0,0.0,0.0,278031.81
5,2010-11-05,B,34875,58.88,2.689,212.5126051,6.768,False,0.0,0.0,0.0,0.0,0.0,325310.3
5,2010-11-12,B,34875,62.37,2.728,212.5604113,6.768,False,0.0,0.0,0.0,0.0,0.0,301827.36
5,2010-11-19,B,34875,52.52,2.771,212.445487,6.768,False,0.0,0.0,0.0,0.0,0.0,297384.81
5,2010-11-26,B,34875,66.15,2.735,212.303441,6.768,True,0.0,0.0,0.0,0.0,0.0,488362.61
5,2010-12-03,B,34875,51.31,2.708,212.1613951,6.768,False,0.0,0.0,0.0,0.0,0.0,344490.88
5,2010-12-10,B,34875,48.27,2.843,212.0193491,6.768,False,0.0,0.0,0.0,0.0,0.0,352811.53
5,2010-12-17,B,34875,51.61,2.869,211.9580815,6.768,False,0.0,0.0,0.0,0.0,0.0,367801.19
5,2010-12-24,B,34875,55.01,2.886,211.9573978,6.768,False,0.0,0.0,0.0,0.0,0.0,466010.25
5,2010-12-31,B,34875,49.79,2.943,211.9567142,6.768,True,0.0,0.0,0.0,0.0,0.0,298180.18
5,2011-01-07,B,34875,48.3,2.976,211.9560305,6.634,False,0.0,0.0,0.0,0.0,0.0,286347.26
5,2011-01-14,B,34875,37.74,2.983,212.008514,6.634,False,0.0,0.0,0.0,0.0,0.0,260636.71
5,2011-01-21,B,34875,45.41,3.016,212.3800012,6.634,False,0.0,0.0,0.0,0.0,0.0,275313.34
5,2011-01-28,B,34875,44.5,3.01,212.7514884,6.634,False,0.0,0.0,0.0,0.0,0.0,279088.39
5,2011-02-04,B,34875,41.67,2.989,213.1229755,6.634,False,0.0,0.0,0.0,0.0,0.0,329613.2
5,2011-02-11,B,34875,38.25,3.022,213.4944627,6.634,True,0.0,0.0,0.0,0.0,0.0,311590.54
5,2011-02-18,B,34875,58.83,3.045,213.8068304,6.634,False,0.0,0.0,0.0,0.0,0.0,356622.61
5,2011-02-25,B,34875,63.35,3.065,214.0955503,6.634,False,0.0,0.0,0.0,0.0,0.0,294659.5
5,2011-03-04,B,34875,60.35,3.288,214.3842702,6.634,False,0.0,0.0,0.0,0.0,0.0,329033.66
5,2011-03-11,B,34875,55.74,3.459,214.6729901,6.634,False,0.0,0.0,0.0,0.0,0.0,293098.1
5,2011-03-18,B,34875,64.31,3.488,214.9257339,6.634,False,0.0,0.0,0.0,0.0,0.0,312177.67
5,2011-03-25,B,34875,70.71,3.473,215.1640872,6.634,False,0.0,0.0,0.0,0.0,0.0,294732.5
5,2011-04-01,B,34875,61.5,3.524,215.4024406,6.489,False,0.0,0.0,0.0,0.0,0.0,314316.55
5,2011-04-08,B,34875,69.64,3.622,215.6407939,6.489,False,0.0,0.0,0.0,0.0,0.0,307333.62
5,2011-04-15,B,34875,72.02,3.743,215.8592673,6.489,False,0.0,0.0,0.0,0.0,0.0,307913.58
5,2011-04-22,B,34875,74.34,3.807,216.0280407,6.489,False,0.0,0.0,0.0,0.0,0.0,328415.44
5,2011-04-29,B,34875,74.75,3.81,216.1968142,6.489,False,0.0,0.0,0.0,0.0,0.0,307291.56
5,2011-05-06,B,34875,66.27,3.906,216.3655877,6.489,False,0.0,0.0,0.0,0.0,0.0,322904.68
5,2011-05-13,B,34875,77.38,3.899,216.5343611,6.489,False,0.0,0.0,0.0,0.0,0.0,290930.01
5,2011-05-20,B,34875,71.37,3.907,216.3023847,6.489,False,0.0,0.0,0.0,0.0,0.0,299614.33
5,2011-05-27,B,34875,80.14,3.786,216.0704083,6.489,False,0.0,0.0,0.0,0.0,0.0,297149.69
5,2011-06-03,B,34875,83.81,3.699,215.8384319,6.489,False,0.0,0.0,0.0,0.0,0.0,329183.92
5,2011-06-10,B,34875,83.61,3.648,215.6064555,6.489,False,0.0,0.0,0.0,0.0,0.0,304984.14
5,2011-06-17,B,34875,86.84,3.637,215.560463,6.489,False,0.0,0.0,0.0,0.0,0.0,304811.82
5,2011-06-24,B,34875,84.76,3.594,215.6539583,6.489,False,0.0,0.0,0.0,0.0,0.0,302881.64
5,2011-07-01,B,34875,85.81,3.524,215.7474537,6.529,False,0.0,0.0,0.0,0.0,0.0,327093.89
5,2011-07-08,B,34875,86.64,3.48,215.8409491,6.529,False,0.0,0.0,0.0,0.0,0.0,310804.93
5,2011-07-15,B,34875,88.64,3.575,215.9250696,6.529,False,0.0,0.0,0.0,0.0,0.0,283248.62
5,2011-07-22,B,34875,86.97,3.651,215.985753,6.529,False,0.0,0.0,0.0,0.0,0.0,292539.73
5,2011-07-29,B,34875,89.42,3.682,216.0464364,6.529,False,0.0,0.0,0.0,0.0,0.0,275142.17
5,2011-08-05,B,34875,91.07,3.684,216.1071198,6.529,False,0.0,0.0,0.0,0.0,0.0,317738.56
5,2011-08-12,B,34875,90.16,3.638,216.1678032,6.529,False,0.0,0.0,0.0,0.0,0.0,289886.16000000003
5,2011-08-19,B,34875,89.35,3.554,216.2311855,6.529,False,0.0,0.0,0.0,0.0,0.0,303643.83999999997
5,2011-08-26,B,34875,89.18,3.523,216.2950176,6.529,False,0.0,0.0,0.0,0.0,0.0,310338.17
5,2011-09-02,B,34875,90.38,3.533,216.3588498,6.529,False,0.0,0.0,0.0,0.0,0.0,315645.53
5,2011-09-09,B,34875,79.04,3.546,216.4226819,6.529,True,0.0,0.0,0.0,0.0,0.0,321110.22
5,2011-09-16,B,34875,83.55,3.526,216.6033083,6.529,False,0.0,0.0,0.0,0.0,0.0,278529.71
5,2011-09-23,B,34875,78.01,3.467,216.9396605,6.529,False,0.0,0.0,0.0,0.0,0.0,291024.98
5,2011-09-30,B,34875,81.16,3.355,217.2760127,6.529,False,0.0,0.0,0.0,0.0,0.0,292315.38
5,2011-10-07,B,34875,71.64,3.285,217.6123648,6.3,False,0.0,0.0,0.0,0.0,0.0,309111.47000000003
5,2011-10-14,B,34875,72.36,3.274,217.9237458,6.3,False,0.0,0.0,0.0,0.0,0.0,286117.72
5,2011-10-21,B,34875,66.9,3.353,218.0852999,6.3,False,0.0,0.0,0.0,0.0,0.0,306069.18
5,2011-10-28,B,34875,69.27,3.372,218.2468539,6.3,False,0.0,0.0,0.0,0.0,0.0,307035.11
5,2011-11-04,B,34875,56.71,3.332,218.408408,6.3,False,0.0,0.0,0.0,0.0,0.0,353652.23
5,2011-11-11,B,34875,60.71,3.297,218.5699621,6.3,False,2971.48,1943.2,60.03,757.33,1040.96,311906.7
5,2011-11-18,B,34875,64.33,3.308,218.793912,6.3,False,952.21,116.11,95.01,295.13,4368.45,307944.37
5,2011-11-25,B,34875,61.93,3.236,219.0428204,6.3,True,107.42,7.0,29333.06,8.0,826.06,507900.07
5,2011-12-02,B,34875,51.14,3.172,219.2917287,6.3,False,2359.44,4.0,658.01,901.67,24751.93,376225.61
5,2011-12-09,B,34875,44.12,3.158,219.540637,6.3,False,2546.5,0.0,83.07,523.27,3118.64,367433.77
5,2011-12-16,B,34875,54.42,3.159,219.7596266,6.3,False,802.42,0.0,78.77,319.84,1940.54,379530.3
5,2011-12-23,B,34875,50.33,3.112,219.9387246,6.3,False,225.21,0.15,427.57,0.0,1443.04,458562.24
5,2011-12-30,B,34875,45.62,3.129,220.1178226,6.3,True,1938.28,17079.76,72.93,162.33,1211.95,349624.88
5,2012-01-06,B,34875,50.21,3.157,220.2969205,5.943,False,4602.39,6733.6,35.03,621.64,3507.24,312078.71
5,2012-01-13,B,34875,48.86,3.261,220.4760185,5.943,False,3408.93,3666.32,1.71,137.88,1706.42,291454.52
5,2012-01-20,B,34875,54.65,3.268,220.5694104,5.943,False,761.25,2100.24,0.0,132.63,1276.75,287523.98
5,2012-01-27,B,34875,54.63,3.29,220.6628023,5.943,False,573.64,969.68,0.0,12.0,861.28,295974.22
5,2012-02-03,B,34875,57.35,3.36,220.7561941,5.943,False,23811.41,1349.62,23.82,14928.42,3186.52,333948.0
5,2012-02-10,B,34875,48.57,3.409,220.849586,5.943,True,4239.28,2725.8,1.53,3682.89,3234.79,349239.88
5,2012-02-17,B,34875,48.25,3.51,221.0106341,5.943,False,5548.48,1958.52,1.76,2662.84,2820.38,356427.98
5,2012-02-24,B,34875,57.75,3.555,221.2224243,5.943,False,2220.32,1407.4,0.0,145.46,2657.52,312220.47
5,2012-03-02,B,34875,60.66,3.63,221.4342146,5.943,False,6172.7,123.32,1.0,3063.26,1213.59,359206.21
5,2012-03-09,B,34875,57.69,3.669,221.6460048,5.943,False,1842.42,51.27,2.0,109.67,5043.45,347295.6
5,2012-03-16,B,34875,63.55,3.734,221.7989713,5.943,False,1879.87,30.7,2.24,585.12,1765.08,339392.54
5,2012-03-23,B,34875,64.44,3.787,221.8735063,5.943,False,694.24,32.75,5.59,210.09,775.7,321299.99
5,2012-03-30,B,34875,67.76,3.845,221.9480412,5.943,False,5097.87,25.2,2.7,322.57,1790.31,331318.73
5,2012-04-06,B,34875,70.4,3.891,222.0225762,5.801,False,5174.35,0.0,6.48,1489.1,2264.89,402985.7
5,2012-04-13,B,34875,70.56,3.891,222.0971111,5.801,False,1562.33,758.49,0.0,206.0,1642.42,351832.02999999997
5,2012-04-20,B,34875,67.33,3.877,222.1512315,5.801,False,1197.53,225.78,3.0,247.94,1499.51,330063.06
5,2012-04-27,B,34875,68.96,3.814,222.2053519,5.801,False,1127.44,0.0,5.05,33.35,2598.67,324839.74
5,2012-05-04,B,34875,77.1,3.749,222.2594722,5.801,False,6396.61,0.0,83.63,1183.64,2813.83,360932.69
5,2012-05-11,B,34875,73.45,3.688,222.3135926,5.801,False,4668.2,0.0,42.75,709.19,1740.42,333870.52
5,2012-05-18,B,34875,70.45,3.63,222.330443,5.801,False,2639.05,0.0,65.34,243.73,2119.63,336189.66
5,2012-05-25,B,34875,78.23,3.561,222.3323853,5.801,False,3784.86,0.0,431.99,225.2,2239.68,341994.48
5,2012-06-01,B,34875,79.72,3.501,222.3343277,5.801,False,2840.78,0.0,41.58,393.41,2114.0,359867.8
5,2012-06-08,B,34875,81.02,3.452,222.33627,5.801,False,4488.47,0.0,0.24,231.16,1246.89,341704.59
5,2012-06-15,B,34875,81.64,3.393,222.3492901,5.801,False,1911.02,0.95,0.04,570.11,1828.62,327383.64
5,2012-06-22,B,34875,80.57,3.346,222.3900046,5.801,False,2046.93,8.8,0.0,677.36,2762.83,325041.68
5,2012-06-29,B,34875,87.08,3.286,222.4307191,5.801,False,1053.25,12.75,0.0,113.8,1300.11,329658.1
5,2012-07-06,B,34875,82.35,3.227,222.4714336,5.603,False,2592.37,2.65,52.06,914.36,2768.98,341214.43
5,2012-07-13,B,34875,80.78,3.256,222.5121481,5.603,False,1471.06,1.0,12.0,889.18,798.44,316203.64
5,2012-07-20,B,34875,81.05,3.311,222.5209358,5.603,False,964.82,13.48,3.39,278.93,1050.13,321205.12
5,2012-07-27,B,34875,85.06,3.407,222.5297234,5.603,False,2696.67,7.75,0.36,3104.68,2152.23,306827.36
5,2012-08-03,B,34875,86.91,3.417,222.5385111,5.603,False,7365.26,14.48,0.7,3640.7,2517.31,324195.17
5,2012-08-10,B,34875,86.96,3.494,222.5472987,5.603,False,3261.56,15.0,0.5,1687.13,2102.31,306759.7
5,2012-08-17,B,34875,87.52,3.571,222.6276753,5.603,False,1649.56,-10.98,2.31,1955.75,1205.23,314014.18
5,2012-08-24,B,34875,79.45,3.62,222.7617437,5.603,False,1985.37,68.0,4.54,627.6,1355.17,320831.36
5,2012-08-31,B,34875,84.25,3.638,222.8958121,5.603,False,5211.69,49.0,13.0,2799.14,2740.48,344642.01
5,2012-09-07,B,34875,86.3,3.73,223.0298805,5.603,True,2797.26,1.9,9.61,968.75,2069.3,350648.91
5,2012-09-14,B,34875,76.65,3.717,223.1734167,5.603,False,2027.18,4.0,4.55,1354.97,3535.01,299800.67
5,2012-09-21,B,34875,71.09,3.721,223.3737593,5.603,False,3033.26,5.73,1.1,83.82,4579.05,307306.76
5,2012-09-28,B,34875,78.33,3.666,223.5741019,5.603,False,1279.39,0.0,0.55,425.98,1492.6,310141.68
5,2012-10-05,B,34875,71.17,3.617,223.7744444,5.422,False,2048.94,0.0,6.02,1121.58,2070.87,343048.29
5,2012-10-12,B,34875,66.24,3.601,223.974787,5.422,False,1355.87,0.0,4.0,453.98,3562.36,325345.41
5,2012-10-19,B,34875,69.17,3.594,224.0192873,5.422,False,908.91,0.0,0.0,0.0,709.95,313358.15
5,2012-10-26,B,34875,71.7,3.506,224.0378139,5.422,False,1547.61,1.74,0.0,133.31,598.74,319550.77
6,2010-02-05,A,202505,40.43,2.572,212.6223518,7.259,False,0.0,0.0,0.0,0.0,0.0,1652635.1
6,2010-02-12,A,202505,40.57,2.548,212.7700425,7.259,True,0.0,0.0,0.0,0.0,0.0,1606283.8599999999
6,2010-02-19,A,202505,43.58,2.514,212.8161546,7.259,False,0.0,0.0,0.0,0.0,0.0,1567138.07
6,2010-02-26,A,202505,47.1,2.561,212.845337,7.259,False,0.0,0.0,0.0,0.0,0.0,1432953.21
6,2010-03-05,A,202505,49.63,2.625,212.8745193,7.259,False,0.0,0.0,0.0,0.0,0.0,1601348.82
6,2010-03-12,A,202505,58.82,2.667,212.9037017,7.259,False,0.0,0.0,0.0,0.0,0.0,1558621.36
6,2010-03-19,A,202505,56.55,2.72,212.7351935,7.259,False,0.0,0.0,0.0,0.0,0.0,1693058.91
6,2010-03-26,A,202505,53.74,2.732,212.533737,7.259,False,0.0,0.0,0.0,0.0,0.0,1472033.38
6,2010-04-02,A,202505,64.94,2.719,212.3322805,7.092,False,0.0,0.0,0.0,0.0,0.0,1770333.9
6,2010-04-09,A,202505,66.15,2.77,212.1308239,7.092,False,0.0,0.0,0.0,0.0,0.0,1667181.82
6,2010-04-16,A,202505,65.68,2.808,211.9942765,7.092,False,0.0,0.0,0.0,0.0,0.0,1519846.36
6,2010-04-23,A,202505,64.11,2.795,211.9442745,7.092,False,0.0,0.0,0.0,0.0,0.0,1540435.99
6,2010-04-30,A,202505,68.91,2.78,211.8942725,7.092,False,0.0,0.0,0.0,0.0,0.0,1498080.16
6,2010-05-07,A,202505,73.68,2.835,211.8442706,7.092,False,0.0,0.0,0.0,0.0,0.0,1619920.04
6,2010-05-14,A,202505,74.95,2.854,211.8421769,7.092,False,0.0,0.0,0.0,0.0,0.0,1524059.4
6,2010-05-21,A,202505,74.8,2.826,212.1275324,7.092,False,0.0,0.0,0.0,0.0,0.0,1531938.44
6,2010-05-28,A,202505,78.89,2.759,212.412888,7.092,False,0.0,0.0,0.0,0.0,0.0,1644470.66
6,2010-06-04,A,202505,79.44,2.705,212.6982436,7.092,False,0.0,0.0,0.0,0.0,0.0,1857380.09
6,2010-06-11,A,202505,81.81,2.668,212.9835992,7.092,False,0.0,0.0,0.0,0.0,0.0,1685652.35
6,2010-06-18,A,202505,83.89,2.637,212.9813843,7.092,False,0.0,0.0,0.0,0.0,0.0,1677248.24
6,2010-06-25,A,202505,84.2,2.653,212.8641412,7.092,False,0.0,0.0,0.0,0.0,0.0,1640681.88
6,2010-07-02,A,202505,80.34,2.669,212.746898,6.973,False,0.0,0.0,0.0,0.0,0.0,1759777.25
6,2010-07-09,A,202505,80.93,2.642,212.6296549,6.973,False,0.0,0.0,0.0,0.0,0.0,1690317.99
6,2010-07-16,A,202505,83.75,2.623,212.6212163,6.973,False,0.0,0.0,0.0,0.0,0.0,1560120.8
6,2010-07-23,A,202505,83.9,2.608,212.7578505,6.973,False,0.0,0.0,0.0,0.0,0.0,1585240.92
6,2010-07-30,A,202505,81.37,2.64,212.8944846,6.973,False,0.0,0.0,0.0,0.0,0.0,1532308.78
6,2010-08-06,A,202505,86.61,2.627,213.0311188,6.973,False,0.0,0.0,0.0,0.0,0.0,1633241.59
6,2010-08-13,A,202505,86.83,2.692,213.1677529,6.973,False,0.0,0.0,0.0,0.0,0.0,1547654.98
6,2010-08-20,A,202505,87.36,2.664,213.1291427,6.973,False,0.0,0.0,0.0,0.0,0.0,1539930.5
6,2010-08-27,A,202505,85.71,2.619,213.0905324,6.973,False,0.0,0.0,0.0,0.0,0.0,1450766.1199999999
6,2010-09-03,A,202505,82.15,2.577,213.0519222,6.973,False,0.0,0.0,0.0,0.0,0.0,1510925.32
6,2010-09-10,A,202505,78.78,2.565,213.013312,6.973,True,0.0,0.0,0.0,0.0,0.0,1424225.44
6,2010-09-17,A,202505,81.78,2.582,213.0398643,6.973,False,0.0,0.0,0.0,0.0,0.0,1308537.75
6,2010-09-24,A,202505,76.49,2.624,213.1152886,6.973,False,0.0,0.0,0.0,0.0,0.0,1275591.84
6,2010-10-01,A,202505,70.69,2.603,213.1907129,7.007,False,0.0,0.0,0.0,0.0,0.0,1328468.89
6,2010-10-08,A,202505,65.21,2.633,213.2661373,7.007,False,0.0,0.0,0.0,0.0,0.0,1360317.9
6,2010-10-15,A,202505,68.93,2.72,213.3337977,7.007,False,0.0,0.0,0.0,0.0,0.0,1344580.92
6,2010-10-22,A,202505,70.97,2.725,213.3820486,7.007,False,0.0,0.0,0.0,0.0,0.0,1332716.53
6,2010-10-29,A,202505,70.39,2.716,213.4302994,7.007,False,0.0,0.0,0.0,0.0,0.0,1385323.7
6,2010-11-05,A,202505,59.9,2.689,213.4785503,7.007,False,0.0,0.0,0.0,0.0,0.0,1505442.15
6,2010-11-12,A,202505,62.11,2.728,213.5268011,7.007,False,0.0,0.0,0.0,0.0,0.0,1495536.46
6,2010-11-19,A,202505,52.99,2.771,213.4107412,7.007,False,0.0,0.0,0.0,0.0,0.0,1518841.45
6,2010-11-26,A,202505,65.79,2.735,213.2672961,7.007,True,0.0,0.0,0.0,0.0,0.0,2267452.4
6,2010-12-03,A,202505,52.3,2.708,213.123851,7.007,False,0.0,0.0,0.0,0.0,0.0,1677067.24
6,2010-12-10,A,202505,48.46,2.843,212.9804059,7.007,False,0.0,0.0,0.0,0.0,0.0,1834737.58
6,2010-12-17,A,202505,52.24,2.869,212.918049,7.007,False,0.0,0.0,0.0,0.0,0.0,2090268.95
6,2010-12-24,A,202505,55.07,2.886,212.9165082,7.007,False,0.0,0.0,0.0,0.0,0.0,2727575.18
6,2010-12-31,A,202505,49.14,2.943,212.9149674,7.007,True,0.0,0.0,0.0,0.0,0.0,1464050.02
6,2011-01-07,A,202505,47.78,2.976,212.9134266,6.858,False,0.0,0.0,0.0,0.0,0.0,1350441.68
6,2011-01-14,A,202505,38.37,2.983,212.9655882,6.858,False,0.0,0.0,0.0,0.0,0.0,1306194.55
6,2011-01-21,A,202505,46.2,3.016,213.3399647,6.858,False,0.0,0.0,0.0,0.0,0.0,1261253.18
6,2011-01-28,A,202505,44.98,3.01,213.7143412,6.858,False,0.0,0.0,0.0,0.0,0.0,1287034.7
6,2011-02-04,A,202505,40.59,2.989,214.0887176,6.858,False,0.0,0.0,0.0,0.0,0.0,1514999.17
6,2011-02-11,A,202505,39.38,3.022,214.4630941,6.858,True,0.0,0.0,0.0,0.0,0.0,1486920.17
6,2011-02-18,A,202505,59.61,3.045,214.7775231,6.858,False,0.0,0.0,0.0,0.0,0.0,1572117.54
6,2011-02-25,A,202505,62.86,3.065,215.0679731,6.858,False,0.0,0.0,0.0,0.0,0.0,1422600.43
6,2011-03-04,A,202505,60.45,3.288,215.3584231,6.858,False,0.0,0.0,0.0,0.0,0.0,1502617.99
6,2011-03-11,A,202505,57.71,3.459,215.6488731,6.858,False,0.0,0.0,0.0,0.0,0.0,1494497.3900000001
6,2011-03-18,A,202505,65.07,3.488,215.9035078,6.858,False,0.0,0.0,0.0,0.0,0.0,1685375.47
6,2011-03-25,A,202505,70.83,3.473,216.1438163,6.858,False,0.0,0.0,0.0,0.0,0.0,1438465.81
6,2011-04-01,A,202505,62.25,3.524,216.3841249,6.855,False,0.0,0.0,0.0,0.0,0.0,1459276.77
6,2011-04-08,A,202505,70.35,3.622,216.6244334,6.855,False,0.0,0.0,0.0,0.0,0.0,1534594.0
6,2011-04-15,A,202505,73.17,3.743,216.8446627,6.855,False,0.0,0.0,0.0,0.0,0.0,1448797.02
6,2011-04-22,A,202505,74.24,3.807,217.0146941,6.855,False,0.0,0.0,0.0,0.0,0.0,1639358.93
6,2011-04-29,A,202505,75.27,3.81,217.1847255,6.855,False,0.0,0.0,0.0,0.0,0.0,1479249.9
6,2011-05-06,A,202505,65.42,3.906,217.3547569,6.855,False,0.0,0.0,0.0,0.0,0.0,1504651.57
6,2011-05-13,A,202505,76.95,3.899,217.5247882,6.855,False,0.0,0.0,0.0,0.0,0.0,1453185.65
6,2011-05-20,A,202505,72.01,3.907,217.2896095,6.855,False,0.0,0.0,0.0,0.0,0.0,1382783.83
6,2011-05-27,A,202505,80.83,3.786,217.0544307,6.855,False,0.0,0.0,0.0,0.0,0.0,1523979.11
6,2011-06-03,A,202505,84.01,3.699,216.819252,6.855,False,0.0,0.0,0.0,0.0,0.0,1705506.29
6,2011-06-10,A,202505,84.49,3.648,216.5840732,6.855,False,0.0,0.0,0.0,0.0,0.0,1598643.65
6,2011-06-17,A,202505,87.08,3.637,216.5371616,6.855,False,0.0,0.0,0.0,0.0,0.0,1622150.33
6,2011-06-24,A,202505,85.51,3.594,216.6314502,6.855,False,0.0,0.0,0.0,0.0,0.0,1543365.9000000001
6,2011-07-01,A,202505,87.0,3.524,216.7257388,6.925,False,0.0,0.0,0.0,0.0,0.0,1694551.15
6,2011-07-08,A,202505,88.36,3.48,216.8200275,6.925,False,0.0,0.0,0.0,0.0,0.0,1709373.62
6,2011-07-15,A,202505,88.93,3.575,216.9044732,6.925,False,0.0,0.0,0.0,0.0,0.0,1526801.24
6,2011-07-22,A,202505,88.06,3.651,216.964312,6.925,False,0.0,0.0,0.0,0.0,0.0,1526506.08
6,2011-07-29,A,202505,90.22,3.682,217.0241507,6.925,False,0.0,0.0,0.0,0.0,0.0,1483991.05
6,2011-08-05,A,202505,91.46,3.684,217.0839894,6.925,False,0.0,0.0,0.0,0.0,0.0,1601584.57
6,2011-08-12,A,202505,90.49,3.638,217.1438281,6.925,False,0.0,0.0,0.0,0.0,0.0,1484995.38
6,2011-08-19,A,202505,89.26,3.554,217.2069662,6.925,False,0.0,0.0,0.0,0.0,0.0,1493544.04
6,2011-08-26,A,202505,90.07,3.523,217.2706543,6.925,False,0.0,0.0,0.0,0.0,0.0,1420405.41
6,2011-09-02,A,202505,91.22,3.533,217.3343423,6.925,False,0.0,0.0,0.0,0.0,0.0,1481618.74
6,2011-09-09,A,202505,80.21,3.546,217.3980304,6.925,True,0.0,0.0,0.0,0.0,0.0,1483574.38
6,2011-09-16,A,202505,84.94,3.526,217.5797506,6.925,False,0.0,0.0,0.0,0.0,0.0,1351407.79
6,2011-09-23,A,202505,78.49,3.467,217.9188471,6.925,False,0.0,0.0,0.0,0.0,0.0,1336044.75
6,2011-09-30,A,202505,82.51,3.355,218.2579435,6.925,False,0.0,0.0,0.0,0.0,0.0,1307551.92
6,2011-10-07,A,202505,74.1,3.285,218.59704,6.551,False,0.0,0.0,0.0,0.0,0.0,1481739.2
6,2011-10-14,A,202505,71.24,3.274,218.9109844,6.551,False,0.0,0.0,0.0,0.0,0.0,1386520.99
6,2011-10-21,A,202505,68.53,3.353,219.0740167,6.551,False,0.0,0.0,0.0,0.0,0.0,1417922.3699999999
6,2011-10-28,A,202505,69.51,3.372,219.237049,6.551,False,0.0,0.0,0.0,0.0,0.0,1419445.12
6,2011-11-04,A,202505,58.54,3.332,219.4000812,6.551,False,0.0,0.0,0.0,0.0,0.0,1523420.38
6,2011-11-11,A,202505,61.33,3.297,219.5631135,6.551,False,12590.41,2173.66,123.2,3108.55,5416.96,1536176.54
6,2011-11-18,A,202505,63.89,3.308,219.7897137,6.551,False,4649.8,304.36,205.38,687.88,7949.26,1524390.07
6,2011-11-25,A,202505,62.78,3.236,220.0417412,6.551,True,429.03,171.88,83192.81,15.0,986.23,2249811.55
6,2011-12-02,A,202505,51.18,3.172,220.2937686,6.551,False,6264.18,74.94,2885.14,3904.82,27272.53,1688531.34
6,2011-12-09,A,202505,43.64,3.158,220.5457961,6.551,False,5473.33,42.0,282.45,4436.51,11311.24,1903385.14
6,2011-12-16,A,202505,53.27,3.159,220.7671856,6.551,False,7070.01,27.0,603.98,508.56,4788.85,2034695.56
6,2011-12-23,A,202505,49.45,3.112,220.9477245,6.551,False,2143.54,55.54,1417.2,23.41,5336.5,2644633.02
6,2011-12-30,A,202505,46.8,3.129,221.1282634,6.551,True,6098.54,82881.16,326.68,814.58,2728.99,1598080.52
6,2012-01-06,A,202505,50.82,3.157,221.3088023,6.132,False,3220.17,32056.43,108.24,985.76,6650.63,1395339.71
6,2012-01-13,A,202505,48.33,3.261,221.4893412,6.132,False,4779.48,11967.81,65.72,575.13,4512.18,1344243.17
6,2012-01-20,A,202505,55.37,3.268,221.5831306,6.132,False,3413.91,1540.99,33.02,449.06,6587.63,1326255.7
6,2012-01-27,A,202505,53.95,3.29,221.6769199,6.132,False,1510.59,630.92,37.1,17.0,2641.9,1315610.66
6,2012-02-03,A,202505,57.45,3.36,221.7707093,6.132,False,36848.38,1772.68,161.55,28199.34,7151.33,1496305.78
6,2012-02-10,A,202505,48.58,3.409,221.8644987,6.132,True,12635.19,5694.76,68.45,8976.17,6779.43,1620603.92
6,2012-02-17,A,202505,49.03,3.51,222.026359,6.132,False,13182.32,15299.89,12.82,6129.29,7603.05,1632616.09
6,2012-02-24,A,202505,59.17,3.555,222.2392726,6.132,False,9198.08,8878.31,10.6,642.13,5539.68,1465187.71
6,2012-03-02,A,202505,60.32,3.63,222.4521862,6.132,False,20243.99,618.72,14.35,9687.4,4968.92,1550385.65
6,2012-03-09,A,202505,57.89,3.669,222.6650998,6.132,False,7731.19,445.6,4.19,446.42,5729.67,1569304.4
6,2012-03-16,A,202505,62.8,3.734,222.8186603,6.132,False,7034.05,103.68,4.59,2231.64,2062.04,1748010.29
6,2012-03-23,A,202505,63.71,3.787,222.8930835,6.132,False,4928.84,57.72,10.95,664.8,3968.26,1495143.62
6,2012-03-30,A,202505,67.91,3.845,222.9675066,6.132,False,12063.62,6.78,16.5,1859.67,3535.25,1508933.26
6,2012-04-06,A,202505,71.6,3.891,223.0419298,5.964,False,9199.63,0.0,24.6,4044.88,4314.27,1840131.19
6,2012-04-13,A,202505,71.29,3.891,223.1163529,5.964,False,4634.18,6968.14,18.04,1544.21,2875.46,1616394.45
6,2012-04-20,A,202505,68.64,3.877,223.17092,5.964,False,2326.27,2591.86,14.79,81.42,3663.48,1456073.24
6,2012-04-27,A,202505,71.5,3.814,223.2254871,5.964,False,2564.41,1.49,15.54,9.94,2556.36,1456221.1
6,2012-05-04,A,202505,77.66,3.749,223.2800541,5.964,False,13643.53,266.0,117.27,5455.98,2773.56,1543461.12
6,2012-05-11,A,202505,72.66,3.688,223.3346212,5.964,False,10658.74,0.0,133.22,3312.9,9700.64,1517075.67
6,2012-05-18,A,202505,70.5,3.63,223.3511928,5.964,False,6414.56,0.0,52.03,495.43,2991.72,1513635.64
6,2012-05-25,A,202505,78.47,3.561,223.3525662,5.964,False,7694.17,0.0,945.23,1331.9,4852.27,1603793.42
6,2012-06-01,A,202505,80.39,3.501,223.3539397,5.964,False,8267.68,16.0,441.83,1904.81,3517.55,1681121.38
6,2012-06-08,A,202505,80.5,3.452,223.3553131,5.964,False,11150.2,188.6,63.7,859.54,6294.81,1696619.52
6,2012-06-15,A,202505,82.1,3.393,223.3680933,5.964,False,7041.68,276.35,350.16,3373.11,5325.58,1642247.48
6,2012-06-22,A,202505,81.2,3.346,223.4093906,5.964,False,7253.03,312.35,160.51,3024.57,6806.11,1618272.25
6,2012-06-29,A,202505,87.35,3.286,223.4506878,5.964,False,3997.4,231.9,0.0,262.44,4182.9,1648863.46
6,2012-07-06,A,202505,82.95,3.227,223.4919851,5.668,False,6087.24,254.9,205.95,3655.34,5715.69,1876359.39
6,2012-07-13,A,202505,80.27,3.256,223.5332824,5.668,False,8413.69,113.45,39.42,5516.18,2724.98,1588142.26
6,2012-07-20,A,202505,81.57,3.311,223.5424501,5.668,False,3762.14,148.95,18.43,3197.56,7560.36,1574361.97
6,2012-07-27,A,202505,85.78,3.407,223.5516178,5.668,False,7017.6,203.26,8.11,17151.91,3340.02,1513229.16
6,2012-08-03,A,202505,87.55,3.417,223.5607856,5.668,False,31765.22,141.14,19.13,15925.51,6069.02,1627274.93
6,2012-08-10,A,202505,87.04,3.494,223.5699533,5.668,False,5750.2,187.04,5.21,3920.14,7505.63,1588380.73
6,2012-08-17,A,202505,87.53,3.571,223.6510224,5.668,False,5433.03,171.64,0.01,4968.35,4940.37,1543049.52
6,2012-08-24,A,202505,79.03,3.62,223.7860175,5.668,False,5492.77,103.36,50.0,5268.21,6277.08,1501095.49
6,2012-08-31,A,202505,83.58,3.638,223.9210125,5.668,False,21801.35,111.57,16.74,15675.98,4002.59,1577439.81
6,2012-09-07,A,202505,86.33,3.73,224.0560076,5.668,True,14105.12,47.96,24.6,3040.62,3558.18,1608077.01
6,2012-09-14,A,202505,76.41,3.717,224.2004678,5.668,False,11072.87,22.0,6.01,3871.46,9997.93,1375166.86
6,2012-09-21,A,202505,70.81,3.721,224.4017192,5.668,False,8735.97,3.82,6.15,855.06,9092.57,1425603.65
6,2012-09-28,A,202505,77.82,3.666,224.6029706,5.668,False,4181.54,7.64,1.65,1952.69,2447.92,1369131.46
6,2012-10-05,A,202505,70.84,3.617,224.804222,5.329,False,9663.09,0.0,40.93,3720.0,5941.24,1518177.71
6,2012-10-12,A,202505,65.43,3.601,225.0054733,5.329,False,1905.34,0.0,13.83,559.5,8706.87,1459396.84
6,2012-10-19,A,202505,69.68,3.594,225.0501013,5.329,False,1476.45,0.0,3.1,31.32,4080.57,1436883.99
6,2012-10-26,A,202505,72.34,3.506,225.0686254,5.329,False,6827.59,53.07,0.0,319.25,1881.27,1431426.34
7,2010-02-05,B,70713,10.53,2.58,189.3816974,9.014,False,0.0,0.0,0.0,0.0,0.0,496725.44
7,2010-02-12,B,70713,25.9,2.572,189.4642725,9.014,True,0.0,0.0,0.0,0.0,0.0,524104.92
7,2010-02-19,B,70713,27.28,2.55,189.5340998,9.014,False,0.0,0.0,0.0,0.0,0.0,506760.54000000004
7,2010-02-26,B,70713,24.91,2.586,189.6018023,9.014,False,0.0,0.0,0.0,0.0,0.0,496083.24
7,2010-03-05,B,70713,35.86,2.62,189.6695049,9.014,False,0.0,0.0,0.0,0.0,0.0,491419.55000000005
7,2010-03-12,B,70713,27.25,2.684,189.7372075,9.014,False,0.0,0.0,0.0,0.0,0.0,480452.1
7,2010-03-19,B,70713,29.04,2.692,189.734262,9.014,False,0.0,0.0,0.0,0.0,0.0,574450.23
7,2010-03-26,B,70713,23.33,2.717,189.7195417,9.014,False,0.0,0.0,0.0,0.0,0.0,514731.60000000003
7,2010-04-02,B,70713,38.26,2.725,189.7048215,8.963,False,0.0,0.0,0.0,0.0,0.0,561145.14
7,2010-04-09,B,70713,33.79,2.75,189.6901012,8.963,False,0.0,0.0,0.0,0.0,0.0,484263.25
7,2010-04-16,B,70713,41.89,2.765,189.6628845,8.963,False,0.0,0.0,0.0,0.0,0.0,406228.19
7,2010-04-23,B,70713,43.07,2.776,189.6190057,8.963,False,0.0,0.0,0.0,0.0,0.0,404751.25
7,2010-04-30,B,70713,38.99,2.766,189.575127,8.963,False,0.0,0.0,0.0,0.0,0.0,373655.61
7,2010-05-07,B,70713,40.07,2.771,189.5312483,8.963,False,0.0,0.0,0.0,0.0,0.0,395453.83
7,2010-05-14,B,70713,41.41,2.788,189.4904116,8.963,False,0.0,0.0,0.0,0.0,0.0,372673.61
7,2010-05-21,B,70713,46.6,2.776,189.467827,8.963,False,0.0,0.0,0.0,0.0,0.0,395195.65
7,2010-05-28,B,70713,54.24,2.737,189.4452425,8.963,False,0.0,0.0,0.0,0.0,0.0,442734.55
7,2010-06-04,B,70713,53.63,2.7,189.422658,8.963,False,0.0,0.0,0.0,0.0,0.0,509183.22000000003
7,2010-06-11,B,70713,63.59,2.684,189.4000734,8.963,False,0.0,0.0,0.0,0.0,0.0,498580.87
7,2010-06-18,B,70713,52.7,2.674,189.4185259,8.963,False,0.0,0.0,0.0,0.0,0.0,481144.09
7,2010-06-25,B,70713,59.94,2.715,189.4533931,8.963,False,0.0,0.0,0.0,0.0,0.0,553714.87
7,2010-07-02,B,70713,61.31,2.728,189.4882603,9.017,False,0.0,0.0,0.0,0.0,0.0,575570.77
7,2010-07-09,B,70713,58.0,2.711,189.5231276,9.017,False,0.0,0.0,0.0,0.0,0.0,593462.34
7,2010-07-16,B,70713,62.19,2.699,189.6125456,9.017,False,0.0,0.0,0.0,0.0,0.0,557166.35
7,2010-07-23,B,70713,64.64,2.691,189.774698,9.017,False,0.0,0.0,0.0,0.0,0.0,570231.21
7,2010-07-30,B,70713,66.07,2.69,189.9368504,9.017,False,0.0,0.0,0.0,0.0,0.0,603547.16
7,2010-08-06,B,70713,61.7,2.69,190.0990028,9.017,False,0.0,0.0,0.0,0.0,0.0,643854.17
7,2010-08-13,B,70713,60.13,2.723,190.2611552,9.017,False,0.0,0.0,0.0,0.0,0.0,598185.4
7,2010-08-20,B,70713,59.59,2.732,190.2948237,9.017,False,0.0,0.0,0.0,0.0,0.0,582353.17
7,2010-08-27,B,70713,57.57,2.731,190.3284922,9.017,False,0.0,0.0,0.0,0.0,0.0,554309.24
7,2010-09-03,B,70713,49.84,2.773,190.3621607,9.017,False,0.0,0.0,0.0,0.0,0.0,532765.05
7,2010-09-10,B,70713,48.5,2.78,190.3958293,9.017,True,0.0,0.0,0.0,0.0,0.0,535769.32
7,2010-09-17,B,70713,48.56,2.8,190.4688287,9.017,False,0.0,0.0,0.0,0.0,0.0,489408.53
7,2010-09-24,B,70713,47.55,2.793,190.5713264,9.017,False,0.0,0.0,0.0,0.0,0.0,488008.83
7,2010-10-01,B,70713,49.99,2.759,190.6738241,9.137,False,0.0,0.0,0.0,0.0,0.0,448998.73
7,2010-10-08,B,70713,44.13,2.745,190.7763218,9.137,False,0.0,0.0,0.0,0.0,0.0,480239.88
7,2010-10-15,B,70713,35.86,2.762,190.8623087,9.137,False,0.0,0.0,0.0,0.0,0.0,463370.48
7,2010-10-22,B,70713,36.84,2.762,190.9070184,9.137,False,0.0,0.0,0.0,0.0,0.0,472450.81
7,2010-10-29,B,70713,34.78,2.748,190.951728,9.137,False,0.0,0.0,0.0,0.0,0.0,465493.15
7,2010-11-05,B,70713,49.44,2.729,190.9964377,9.137,False,0.0,0.0,0.0,0.0,0.0,480512.44
7,2010-11-12,B,70713,22.12,2.737,191.0411474,9.137,False,0.0,0.0,0.0,0.0,0.0,507584.29
7,2010-11-19,B,70713,25.56,2.758,191.0312172,9.137,False,0.0,0.0,0.0,0.0,0.0,482528.36
7,2010-11-26,B,70713,17.95,2.742,191.0121805,9.137,True,0.0,0.0,0.0,0.0,0.0,835189.26
7,2010-12-03,B,70713,21.88,2.712,190.9931437,9.137,False,0.0,0.0,0.0,0.0,0.0,552811.62
7,2010-12-10,B,70713,24.24,2.728,190.9741069,9.137,False,0.0,0.0,0.0,0.0,0.0,599730.07
7,2010-12-17,B,70713,20.74,2.778,191.0303376,9.137,False,0.0,0.0,0.0,0.0,0.0,716388.81
7,2010-12-24,B,70713,26.04,2.781,191.1430189,9.137,False,0.0,0.0,0.0,0.0,0.0,1045124.88
7,2010-12-31,B,70713,13.76,2.829,191.2557002,9.137,True,0.0,0.0,0.0,0.0,0.0,729572.08
7,2011-01-07,B,70713,10.09,2.882,191.3683815,8.818,False,0.0,0.0,0.0,0.0,0.0,661163.9400000001
7,2011-01-14,B,70713,11.32,2.911,191.4784939,8.818,False,0.0,0.0,0.0,0.0,0.0,547384.9
7,2011-01-21,B,70713,25.4,2.973,191.5731924,8.818,False,0.0,0.0,0.0,0.0,0.0,521539.46
7,2011-01-28,B,70713,10.11,3.008,191.667891,8.818,False,0.0,0.0,0.0,0.0,0.0,513372.17
7,2011-02-04,B,70713,-2.06,3.011,191.7625895,8.818,False,0.0,0.0,0.0,0.0,0.0,558027.77
7,2011-02-11,B,70713,10.24,3.037,191.8572881,8.818,True,0.0,0.0,0.0,0.0,0.0,559903.13
7,2011-02-18,B,70713,17.3,3.051,191.9178331,8.818,False,0.0,0.0,0.0,0.0,0.0,572387.47
7,2011-02-25,B,70713,17.46,3.101,191.9647167,8.818,False,0.0,0.0,0.0,0.0,0.0,546690.84
7,2011-03-04,B,70713,21.84,3.232,192.0116004,8.818,False,0.0,0.0,0.0,0.0,0.0,551378.39
7,2011-03-11,B,70713,20.7,3.372,192.058484,8.818,False,0.0,0.0,0.0,0.0,0.0,558963.8300000001
7,2011-03-18,B,70713,27.69,3.406,192.1237981,8.818,False,0.0,0.0,0.0,0.0,0.0,635014.6900000001
7,2011-03-25,B,70713,25.69,3.414,192.1964844,8.818,False,0.0,0.0,0.0,0.0,0.0,559061.58
7,2011-04-01,B,70713,24.83,3.461,192.2691707,8.595,False,0.0,0.0,0.0,0.0,0.0,513409.67
7,2011-04-08,B,70713,30.64,3.532,192.3418571,8.595,False,0.0,0.0,0.0,0.0,0.0,500552.16
7,2011-04-15,B,70713,27.79,3.611,192.4225954,8.595,False,0.0,0.0,0.0,0.0,0.0,423380.14
7,2011-04-22,B,70713,31.84,3.636,192.5234638,8.595,False,0.0,0.0,0.0,0.0,0.0,466594.89
7,2011-04-29,B,70713,26.79,3.663,192.6243322,8.595,False,0.0,0.0,0.0,0.0,0.0,410429.73
7,2011-05-06,B,70713,26.54,3.735,192.7252006,8.595,False,0.0,0.0,0.0,0.0,0.0,407012.47
7,2011-05-13,B,70713,36.61,3.767,192.826069,8.595,False,0.0,0.0,0.0,0.0,0.0,414094.05
7,2011-05-20,B,70713,36.16,3.828,192.831317,8.595,False,0.0,0.0,0.0,0.0,0.0,424670.98
7,2011-05-27,B,70713,37.51,3.795,192.8365651,8.595,False,0.0,0.0,0.0,0.0,0.0,457216.87
7,2011-06-03,B,70713,45.77,3.763,192.8418131,8.595,False,0.0,0.0,0.0,0.0,0.0,542295.37
7,2011-06-10,B,70713,53.3,3.735,192.8470612,8.595,False,0.0,0.0,0.0,0.0,0.0,621099.95
7,2011-06-17,B,70713,48.79,3.697,192.9034759,8.595,False,0.0,0.0,0.0,0.0,0.0,610991.35
7,2011-06-24,B,70713,46.85,3.661,192.9982655,8.595,False,0.0,0.0,0.0,0.0,0.0,640043.97
7,2011-07-01,B,70713,58.54,3.597,193.0930552,8.622,False,0.0,0.0,0.0,0.0,0.0,704344.21
7,2011-07-08,B,70713,59.08,3.54,193.1878448,8.622,False,0.0,0.0,0.0,0.0,0.0,761793.94
7,2011-07-15,B,70713,54.37,3.532,193.3125484,8.622,False,0.0,0.0,0.0,0.0,0.0,642748.21
7,2011-07-22,B,70713,56.22,3.545,193.5120367,8.622,False,0.0,0.0,0.0,0.0,0.0,688043.96
7,2011-07-29,B,70713,56.66,3.547,193.711525,8.622,False,0.0,0.0,0.0,0.0,0.0,653382.62
7,2011-08-05,B,70713,55.91,3.554,193.9110133,8.622,False,0.0,0.0,0.0,0.0,0.0,695392.84
7,2011-08-12,B,70713,54.56,3.542,194.1105017,8.622,False,0.0,0.0,0.0,0.0,0.0,670670.46
7,2011-08-19,B,70713,56.06,3.499,194.2500634,8.622,False,0.0,0.0,0.0,0.0,0.0,645156.21
7,2011-08-26,B,70713,57.6,3.485,194.3796374,8.622,False,0.0,0.0,0.0,0.0,0.0,629994.47
7,2011-09-02,B,70713,53.4,3.511,194.5092113,8.622,False,0.0,0.0,0.0,0.0,0.0,592355.24
7,2011-09-09,B,70713,45.61,3.566,194.6387853,8.622,True,0.0,0.0,0.0,0.0,0.0,613135.23
7,2011-09-16,B,70713,43.67,3.596,194.7419707,8.622,False,0.0,0.0,0.0,0.0,0.0,558981.45
7,2011-09-23,B,70713,43.67,3.581,194.8099713,8.622,False,0.0,0.0,0.0,0.0,0.0,536144.81
7,2011-09-30,B,70713,47.34,3.538,194.8779718,8.622,False,0.0,0.0,0.0,0.0,0.0,488880.26
7,2011-10-07,B,70713,40.65,3.498,194.9459724,8.513,False,0.0,0.0,0.0,0.0,0.0,525866.36
7,2011-10-14,B,70713,32.65,3.491,195.0261012,8.513,False,0.0,0.0,0.0,0.0,0.0,501959.19
7,2011-10-21,B,70713,37.49,3.548,195.1789994,8.513,False,0.0,0.0,0.0,0.0,0.0,558691.4299999999
7,2011-10-28,B,70713,28.82,3.55,195.3318977,8.513,False,0.0,0.0,0.0,0.0,0.0,527339.52
7,2011-11-04,B,70713,23.41,3.527,195.4847959,8.513,False,0.0,0.0,0.0,0.0,0.0,564536.01
7,2011-11-11,B,70713,19.53,3.505,195.6376941,8.513,False,3307.6,1431.65,143.06,1330.31,1680.9,556015.59
7,2011-11-18,B,70713,29.53,3.479,195.7184713,8.513,False,3221.47,1229.96,7.35,494.15,3947.57,539826.56
7,2011-11-25,B,70713,27.6,3.424,195.7704,8.513,True,35.94,6.47,41487.59,12.0,905.95,949075.87
7,2011-12-02,B,70713,20.38,3.378,195.8223287,8.513,False,2229.32,6.47,738.42,1630.88,11534.89,591907.88
7,2011-12-09,B,70713,11.17,3.331,195.8742575,8.513,False,3393.21,0.0,94.93,589.44,3067.9,653845.45
7,2011-12-16,B,70713,15.2,3.266,195.9841685,8.513,False,2089.28,0.09,168.73,439.97,1899.74,720242.1900000001
7,2011-12-23,B,70713,12.19,3.173,196.1713893,8.513,False,519.82,0.15,483.1,41.51,1313.38,1059715.27
7,2011-12-30,B,70713,15.56,3.119,196.3586101,8.513,True,2026.82,17021.3,113.19,144.93,1178.13,815915.52
7,2012-01-06,B,70713,18.67,3.095,196.5458309,8.256,False,2373.44,11519.36,7.26,162.72,4504.47,713117.66
7,2012-01-13,B,70713,7.46,3.077,196.7330517,8.256,False,3167.26,5926.48,0.54,191.84,1415.69,593875.46
7,2012-01-20,B,70713,27.41,3.055,196.7796652,8.256,False,1967.73,2791.5,0.73,213.86,4297.27,578002.85
7,2012-01-27,B,70713,26.9,3.038,196.8262786,8.256,False,747.21,559.46,0.0,47.0,2332.92,541037.98
7,2012-02-03,B,70713,22.2,3.031,196.8728921,8.256,False,56917.7,1839.82,4.53,16241.73,2414.97,580453.32
7,2012-02-10,B,70713,18.79,3.103,196.9195056,8.256,True,13100.37,3096.6,1.73,4854.7,6266.04,563460.77
7,2012-02-17,B,70713,27.03,3.113,196.9432711,8.256,False,5453.54,4918.31,1.88,1838.98,5303.89,620908.1799999999
7,2012-02-24,B,70713,24.41,3.129,196.9499007,8.256,False,10170.57,4331.71,93.06,2699.15,3456.7,603041.14
7,2012-03-02,B,70713,21.64,3.191,196.9565303,8.256,False,41848.34,2326.08,139.2,15505.0,1348.86,551058.13
7,2012-03-09,B,70713,30.1,3.286,196.9631599,8.256,False,12144.9,1178.96,2.18,996.02,2221.16,579166.5
7,2012-03-16,B,70713,37.29,3.486,197.0457208,8.256,False,2980.91,3.28,2.55,3440.61,1127.01,669205.73
7,2012-03-23,B,70713,35.06,3.664,197.2295234,8.256,False,8458.87,0.0,3.84,293.35,1493.28,615997.29
7,2012-03-30,B,70713,44.99,3.75,197.4133259,8.256,False,8460.02,2.4,9.25,385.22,1666.6,583322.2
7,2012-04-06,B,70713,44.29,3.854,197.5971285,8.09,False,7550.89,0.0,21.98,1156.2,3500.91,621425.98
7,2012-04-13,B,70713,41.43,3.901,197.780931,8.09,False,1662.2,1555.57,15.47,776.66,1377.63,517420.23
7,2012-04-20,B,70713,39.3,3.936,197.7227385,8.09,False,2114.64,863.38,14.21,549.62,1509.05,457340.06
7,2012-04-27,B,70713,51.49,3.927,197.664546,8.09,False,819.48,0.0,45.94,49.82,1209.89,467827.75
7,2012-05-04,B,70713,45.38,3.903,197.6063534,8.09,False,6018.32,0.0,69.97,1590.01,1521.53,465198.89
7,2012-05-11,B,70713,48.54,3.87,197.5481609,8.09,False,24426.8,0.0,4.8,402.53,2012.64,460397.41
7,2012-05-18,B,70713,49.41,3.837,197.5553137,8.09,False,3225.22,0.0,24.83,508.1,1897.92,468428.3
7,2012-05-25,B,70713,50.6,3.804,197.5886046,8.09,False,5126.54,0.0,90.05,483.27,2236.31,532739.77
7,2012-06-01,B,70713,55.06,3.764,197.6218954,8.09,False,2427.12,0.0,98.67,1349.72,2112.74,598495.02
7,2012-06-08,B,70713,63.07,3.741,197.6551863,8.09,False,3729.69,76.6,0.12,444.64,3495.06,642963.75
7,2012-06-15,B,70713,59.33,3.723,197.692292,8.09,False,16717.38,119.4,0.65,677.29,1144.07,666942.02
7,2012-06-22,B,70713,63.69,3.735,197.7389345,8.09,False,12407.71,352.1,0.09,1239.04,1533.86,687344.68
7,2012-06-29,B,70713,68.84,3.693,197.785577,8.09,False,1246.74,425.6,0.0,42.0,1200.17,704335.41
7,2012-07-06,B,70713,64.67,3.646,197.8322195,7.872,False,2779.97,326.2,5.07,2112.68,1548.33,805642.61
7,2012-07-13,B,70713,64.21,3.613,197.8788621,7.872,False,1562.86,85.7,0.35,424.66,57029.78,694150.89
7,2012-07-20,B,70713,62.87,3.585,197.9290378,7.872,False,1182.59,114.37,11.37,198.49,2423.07,686345.69
7,2012-07-27,B,70713,64.6,3.57,197.9792136,7.872,False,1064.81,688.66,3.45,1264.45,2007.5,686365.4
7,2012-08-03,B,70713,61.83,3.528,198.0293893,7.872,False,9468.47,109.88,2.88,8606.99,1605.62,680954.8099999999
7,2012-08-10,B,70713,63.41,3.509,198.0795651,7.872,False,4032.28,26.2,55.79,2124.61,960.59,675926.3
7,2012-08-17,B,70713,59.66,3.545,198.1001057,7.872,False,1266.82,34.6,46.86,1649.91,1421.44,642450.4
7,2012-08-24,B,70713,59.27,3.558,198.0984199,7.872,False,2534.52,19.6,1.86,1627.26,3915.85,609099.37
7,2012-08-31,B,70713,60.46,3.556,198.0967341,7.872,False,6246.07,9.0,16.35,2482.01,1225.36,586467.16
7,2012-09-07,B,70713,57.84,3.596,198.0950484,7.872,True,5069.74,0.0,10.15,817.15,2158.82,597876.5499999999
7,2012-09-14,B,70713,53.66,3.659,198.1267184,7.872,False,3180.52,0.0,5.03,709.04,5384.1,541120.2
7,2012-09-21,B,70713,51.77,3.765,198.358523,7.872,False,4113.14,12.0,3.0,344.2,4693.52,530842.25
7,2012-09-28,B,70713,50.64,3.789,198.5903276,7.872,False,3735.2,6.91,4.5,917.2,1793.35,525545.76
7,2012-10-05,B,70713,48.43,3.779,198.8221322,7.557,False,2955.56,0.0,9.9,2240.78,1324.84,505830.56
7,2012-10-12,B,70713,41.43,3.76,199.0539368,7.557,False,302.62,0.0,3.72,375.75,514.23,503463.93
7,2012-10-19,B,70713,43.01,3.75,199.1481963,7.557,False,2034.63,0.0,0.5,298.55,4163.41,516424.83
7,2012-10-26,B,70713,42.53,3.686,199.2195317,7.557,False,2818.42,24.03,2.97,343.26,1064.56,495543.27999999997
8,2010-02-05,A,155078,34.14,2.572,214.4714512,6.299,False,0.0,0.0,0.0,0.0,0.0,1004137.09
8,2010-02-12,A,155078,33.34,2.548,214.6214189,6.299,True,0.0,0.0,0.0,0.0,0.0,994801.4
8,2010-02-19,A,155078,39.1,2.514,214.6664878,6.299,False,0.0,0.0,0.0,0.0,0.0,963960.37
8,2010-02-26,A,155078,37.91,2.561,214.6940735,6.299,False,0.0,0.0,0.0,0.0,0.0,847592.11
8,2010-03-05,A,155078,45.64,2.625,214.7216592,6.299,False,0.0,0.0,0.0,0.0,0.0,881503.95
8,2010-03-12,A,155078,49.76,2.667,214.7492449,6.299,False,0.0,0.0,0.0,0.0,0.0,860336.16
8,2010-03-19,A,155078,47.26,2.72,214.5764954,6.299,False,0.0,0.0,0.0,0.0,0.0,839911.0
8,2010-03-26,A,155078,46.51,2.732,214.3703567,6.299,False,0.0,0.0,0.0,0.0,0.0,772539.12
8,2010-04-02,A,155078,60.18,2.719,214.164218,6.29,False,0.0,0.0,0.0,0.0,0.0,914500.91
8,2010-04-09,A,155078,59.25,2.77,213.9580793,6.29,False,0.0,0.0,0.0,0.0,0.0,916033.92
8,2010-04-16,A,155078,62.66,2.808,213.8186357,6.29,False,0.0,0.0,0.0,0.0,0.0,882917.12
8,2010-04-23,A,155078,56.1,2.795,213.768119,6.29,False,0.0,0.0,0.0,0.0,0.0,850440.26
8,2010-04-30,A,155078,61.01,2.78,213.7176024,6.29,False,0.0,0.0,0.0,0.0,0.0,778672.64
8,2010-05-07,A,155078,62.68,2.835,213.6670857,6.29,False,0.0,0.0,0.0,0.0,0.0,916820.96
8,2010-05-14,A,155078,61.35,2.854,213.6655355,6.29,False,0.0,0.0,0.0,0.0,0.0,873337.84
8,2010-05-21,A,155078,66.03,2.826,213.9577839,6.29,False,0.0,0.0,0.0,0.0,0.0,818333.21
8,2010-05-28,A,155078,74.71,2.759,214.2500323,6.29,False,0.0,0.0,0.0,0.0,0.0,868041.5599999999
8,2010-06-04,A,155078,75.71,2.705,214.5422806,6.29,False,0.0,0.0,0.0,0.0,0.0,958225.41
8,2010-06-11,A,155078,82.21,2.668,214.834529,6.29,False,0.0,0.0,0.0,0.0,0.0,914835.86
8,2010-06-18,A,155078,78.79,2.637,214.8324452,6.29,False,0.0,0.0,0.0,0.0,0.0,869922.56
8,2010-06-25,A,155078,81.78,2.653,214.7126286,6.29,False,0.0,0.0,0.0,0.0,0.0,814919.11
8,2010-07-02,A,155078,74.78,2.669,214.5928119,6.315,False,0.0,0.0,0.0,0.0,0.0,852333.75
8,2010-07-09,A,155078,72.49,2.642,214.4729952,6.315,False,0.0,0.0,0.0,0.0,0.0,845289.77
8,2010-07-16,A,155078,77.49,2.623,214.4640599,6.315,False,0.0,0.0,0.0,0.0,0.0,848630.5700000001
8,2010-07-23,A,155078,78.29,2.608,214.6029664,6.315,False,0.0,0.0,0.0,0.0,0.0,785515.88
8,2010-07-30,A,155078,76.02,2.64,214.7418728,6.315,False,0.0,0.0,0.0,0.0,0.0,787295.09
8,2010-08-06,A,155078,80.37,2.627,214.8807793,6.315,False,0.0,0.0,0.0,0.0,0.0,893399.77
8,2010-08-13,A,155078,80.11,2.692,215.0196857,6.315,False,0.0,0.0,0.0,0.0,0.0,867919.21
8,2010-08-20,A,155078,79.36,2.664,214.9779825,6.315,False,0.0,0.0,0.0,0.0,0.0,870676.4400000001
8,2010-08-27,A,155078,74.92,2.619,214.9362793,6.315,False,0.0,0.0,0.0,0.0,0.0,888816.78
8,2010-09-03,A,155078,76.14,2.577,214.894576,6.315,False,0.0,0.0,0.0,0.0,0.0,899036.47
8,2010-09-10,A,155078,74.34,2.565,214.8528728,6.315,True,0.0,0.0,0.0,0.0,0.0,831425.2
8,2010-09-17,A,155078,75.32,2.582,214.8785562,6.315,False,0.0,0.0,0.0,0.0,0.0,836707.85
8,2010-09-24,A,155078,72.21,2.624,214.9547795,6.315,False,0.0,0.0,0.0,0.0,0.0,773725.08
8,2010-10-01,A,155078,68.7,2.603,215.0310029,6.433,False,0.0,0.0,0.0,0.0,0.0,804105.49
8,2010-10-08,A,155078,62.94,2.633,215.1072262,6.433,False,0.0,0.0,0.0,0.0,0.0,870349.86
8,2010-10-15,A,155078,62.59,2.72,215.1757,6.433,False,0.0,0.0,0.0,0.0,0.0,826546.96
8,2010-10-22,A,155078,62.86,2.725,215.2248,6.433,False,0.0,0.0,0.0,0.0,0.0,836419.14
8,2010-10-29,A,155078,57.93,2.716,215.2739,6.433,False,0.0,0.0,0.0,0.0,0.0,830756.76
8,2010-11-05,A,155078,55.76,2.689,215.323,6.433,False,0.0,0.0,0.0,0.0,0.0,927266.34
8,2010-11-12,A,155078,54.89,2.728,215.3721,6.433,False,0.0,0.0,0.0,0.0,0.0,911538.98
8,2010-11-19,A,155078,43.86,2.771,215.2538714,6.433,False,0.0,0.0,0.0,0.0,0.0,885608.04
8,2010-11-26,A,155078,51.07,2.735,215.1077548,6.433,True,0.0,0.0,0.0,0.0,0.0,1261693.16
8,2010-12-03,A,155078,42.85,2.708,214.9616381,6.433,False,0.0,0.0,0.0,0.0,0.0,952766.9299999999
8,2010-12-10,A,155078,42.47,2.843,214.8155214,6.433,False,0.0,0.0,0.0,0.0,0.0,1069061.63
8,2010-12-17,A,155078,45.03,2.869,214.7510843,6.433,False,0.0,0.0,0.0,0.0,0.0,1220579.55
8,2010-12-24,A,155078,45.67,2.886,214.7479069,6.433,False,0.0,0.0,0.0,0.0,0.0,1511641.09
8,2010-12-31,A,155078,41.47,2.943,214.7447295,6.433,True,0.0,0.0,0.0,0.0,0.0,773586.49
8,2011-01-07,A,155078,35.77,2.976,214.7415521,6.262,False,0.0,0.0,0.0,0.0,0.0,873065.23
8,2011-01-14,A,155078,31.62,2.983,214.7930991,6.262,False,0.0,0.0,0.0,0.0,0.0,809646.66
8,2011-01-21,A,155078,42.06,3.016,215.1729926,6.262,False,0.0,0.0,0.0,0.0,0.0,822668.23
8,2011-01-28,A,155078,39.26,3.01,215.5528862,6.262,False,0.0,0.0,0.0,0.0,0.0,782256.66
8,2011-02-04,A,155078,24.48,2.989,215.9327797,6.262,False,0.0,0.0,0.0,0.0,0.0,944594.78
8,2011-02-11,A,155078,28.26,3.022,216.3126733,6.262,True,0.0,0.0,0.0,0.0,0.0,996147.39
8,2011-02-18,A,155078,50.64,3.045,216.6310383,6.262,False,0.0,0.0,0.0,0.0,0.0,1065108.64
8,2011-02-25,A,155078,51.29,3.065,216.9247918,6.262,False,0.0,0.0,0.0,0.0,0.0,917317.15
8,2011-03-04,A,155078,53.18,3.288,217.2185454,6.262,False,0.0,0.0,0.0,0.0,0.0,935266.4299999999
8,2011-03-11,A,155078,49.14,3.459,217.512299,6.262,False,0.0,0.0,0.0,0.0,0.0,900387.29
8,2011-03-18,A,155078,56.68,3.488,217.7705442,6.262,False,0.0,0.0,0.0,0.0,0.0,898289.14
8,2011-03-25,A,155078,59.74,3.473,218.0145862,6.262,False,0.0,0.0,0.0,0.0,0.0,827968.36
8,2011-04-01,A,155078,49.86,3.524,218.2586281,6.297,False,0.0,0.0,0.0,0.0,0.0,878762.3
8,2011-04-08,A,155078,65.62,3.622,218.50267,6.297,False,0.0,0.0,0.0,0.0,0.0,949825.83
8,2011-04-15,A,155078,63.55,3.743,218.7262524,6.297,False,0.0,0.0,0.0,0.0,0.0,908278.74
8,2011-04-22,A,155078,65.11,3.807,218.8986857,6.297,False,0.0,0.0,0.0,0.0,0.0,937473.13
8,2011-04-29,A,155078,62.29,3.81,219.071119,6.297,False,0.0,0.0,0.0,0.0,0.0,855014.77
8,2011-05-06,A,155078,58.92,3.906,219.2435524,6.297,False,0.0,0.0,0.0,0.0,0.0,941457.34
8,2011-05-13,A,155078,72.96,3.899,219.4159857,6.297,False,0.0,0.0,0.0,0.0,0.0,895763.41
8,2011-05-20,A,155078,65.54,3.907,219.1746922,6.297,False,0.0,0.0,0.0,0.0,0.0,836049.89
8,2011-05-27,A,155078,73.14,3.786,218.9333986,6.297,False,0.0,0.0,0.0,0.0,0.0,857939.41
8,2011-06-03,A,155078,82.05,3.699,218.6921051,6.297,False,0.0,0.0,0.0,0.0,0.0,929222.16
8,2011-06-10,A,155078,82.21,3.648,218.4508115,6.297,False,0.0,0.0,0.0,0.0,0.0,897309.41
8,2011-06-17,A,155078,84.73,3.637,218.4021448,6.297,False,0.0,0.0,0.0,0.0,0.0,922048.41
8,2011-06-24,A,155078,83.94,3.594,218.4979481,6.297,False,0.0,0.0,0.0,0.0,0.0,864881.24
8,2011-07-01,A,155078,87.26,3.524,218.5937514,6.425,False,0.0,0.0,0.0,0.0,0.0,883683.35
8,2011-07-08,A,155078,83.57,3.48,218.6895548,6.425,False,0.0,0.0,0.0,0.0,0.0,861965.12
8,2011-07-15,A,155078,84.26,3.575,218.7746217,6.425,False,0.0,0.0,0.0,0.0,0.0,849925.37
8,2011-07-22,A,155078,85.46,3.651,218.8328475,6.425,False,0.0,0.0,0.0,0.0,0.0,829902.42
8,2011-07-29,A,155078,86.46,3.682,218.8910733,6.425,False,0.0,0.0,0.0,0.0,0.0,807082.19
8,2011-08-05,A,155078,85.15,3.684,218.9492991,6.425,False,0.0,0.0,0.0,0.0,0.0,892393.77
8,2011-08-12,A,155078,86.05,3.638,219.0075249,6.425,False,0.0,0.0,0.0,0.0,0.0,856796.1
8,2011-08-19,A,155078,82.92,3.554,219.0701968,6.425,False,0.0,0.0,0.0,0.0,0.0,895066.5
8,2011-08-26,A,155078,84.69,3.523,219.1336097,6.425,False,0.0,0.0,0.0,0.0,0.0,912542.82
8,2011-09-02,A,155078,84.77,3.533,219.1970226,6.425,False,0.0,0.0,0.0,0.0,0.0,891387.14
8,2011-09-09,A,155078,69.01,3.546,219.2604355,6.425,True,0.0,0.0,0.0,0.0,0.0,848358.09
8,2011-09-16,A,155078,69.09,3.526,219.4442443,6.425,False,0.0,0.0,0.0,0.0,0.0,870971.82
8,2011-09-23,A,155078,68.72,3.467,219.788581,6.425,False,0.0,0.0,0.0,0.0,0.0,806444.29
8,2011-09-30,A,155078,72.2,3.355,220.1329176,6.425,False,0.0,0.0,0.0,0.0,0.0,809049.37
8,2011-10-07,A,155078,67.61,3.285,220.4772543,6.123,False,0.0,0.0,0.0,0.0,0.0,929976.55
8,2011-10-14,A,155078,61.74,3.274,220.7960935,6.123,False,0.0,0.0,0.0,0.0,0.0,863188.26
8,2011-10-21,A,155078,59.97,3.353,220.9619484,6.123,False,0.0,0.0,0.0,0.0,0.0,905984.49
8,2011-10-28,A,155078,56.86,3.372,221.1278032,6.123,False,0.0,0.0,0.0,0.0,0.0,876712.31
8,2011-11-04,A,155078,49.68,3.332,221.2936581,6.123,False,0.0,0.0,0.0,0.0,0.0,947815.05
8,2011-11-11,A,155078,50.56,3.297,221.4595129,6.123,False,4971.01,4538.18,541.05,1407.72,3846.73,917088.48
8,2011-11-18,A,155078,51.72,3.308,221.6911738,6.123,False,6839.45,114.32,166.32,868.79,4442.66,897032.1900000001
8,2011-11-25,A,155078,49.61,3.236,221.9491571,6.123,True,437.61,320.76,45968.51,110.41,992.9,1235163.86
8,2011-12-02,A,155078,40.82,3.172,222.2071405,6.123,False,2222.42,286.0,1464.46,1192.79,13865.57,986601.46
8,2011-12-09,A,155078,30.51,3.158,222.4651238,6.123,False,4425.92,36.0,346.05,1791.15,9889.35,1051922.95
8,2011-12-16,A,155078,39.79,3.159,222.6910959,6.123,False,739.45,34.0,326.76,169.2,2238.66,1118163.94
8,2011-12-23,A,155078,38.16,3.112,222.8743862,6.123,False,1234.0,0.3,891.94,14.0,5884.24,1462254.05
8,2011-12-30,A,155078,36.33,3.129,223.0576765,6.123,True,3701.08,36381.83,164.34,178.4,1508.56,858572.22
8,2012-01-06,A,155078,43.47,3.157,223.2409668,5.825,False,3093.39,26001.46,96.35,500.91,4468.63,872113.23
8,2012-01-13,A,155078,36.46,3.261,223.4242571,5.825,False,6725.29,12764.99,15.98,299.73,3851.69,817661.76
8,2012-01-20,A,155078,46.81,3.268,223.5188055,5.825,False,1643.08,1055.47,9.02,411.88,3161.92,813954.8200000001
8,2012-01-27,A,155078,45.52,3.29,223.6133539,5.825,False,6065.01,730.16,15.18,30.28,24241.12,778178.53
8,2012-02-03,A,155078,45.56,3.36,223.7079023,5.825,False,41524.03,1412.41,83.15,18723.56,3886.31,927610.69
8,2012-02-10,A,155078,35.71,3.409,223.8024507,5.825,True,9332.6,3298.88,32.12,6530.08,4858.74,1021400.42
8,2012-02-17,A,155078,37.51,3.51,223.9658621,5.825,False,4376.58,10723.12,10.5,1546.82,4117.02,1096232.89
8,2012-02-24,A,155078,46.33,3.555,224.1809207,5.825,False,9712.39,4960.15,1.0,2441.26,5314.33,928537.54
8,2012-03-02,A,155078,50.95,3.63,224.3959793,5.825,False,19521.45,1000.19,0.6,5819.37,3641.54,952264.91
8,2012-03-09,A,155078,49.59,3.669,224.6110379,5.825,False,7740.12,269.44,2.0,509.65,4678.17,960115.56
8,2012-03-16,A,155078,56.63,3.734,224.7657327,5.825,False,4879.04,501.9,6.14,1078.01,1288.81,921178.39
8,2012-03-23,A,155078,52.9,3.787,224.8399424,5.825,False,6155.76,499.11,2.04,403.32,2748.36,874223.25
8,2012-03-30,A,155078,66.69,3.845,224.9141521,5.825,False,6052.68,121.67,0.0,375.27,1715.7,905935.29
8,2012-04-06,A,155078,62.18,3.891,224.9883618,5.679,False,6821.13,0.0,27.04,2101.86,3627.77,1046816.59
8,2012-04-13,A,155078,65.19,3.891,225.0625714,5.679,False,7627.83,4689.55,4.2,940.82,1723.28,909989.45
8,2012-04-20,A,155078,63.59,3.877,225.1179914,5.679,False,3600.79,2105.64,4.9,1768.65,14945.23,872288.46
8,2012-04-27,A,155078,70.34,3.814,225.1734114,5.679,False,5440.25,1.5,2.2,15.6,3302.44,879448.25
8,2012-05-04,A,155078,73.96,3.749,225.2288314,5.679,False,12807.63,0.0,260.55,3338.11,2197.51,937232.09
8,2012-05-11,A,155078,64.96,3.688,225.2842514,5.679,False,10852.45,0.0,3.82,1425.65,2545.79,920128.89
8,2012-05-18,A,155078,64.16,3.63,225.3002908,5.679,False,7288.06,0.0,24.25,585.14,4836.15,913922.01
8,2012-05-25,A,155078,76.11,3.561,225.3005779,5.679,False,2989.94,0.0,651.09,1056.01,10189.75,895157.4400000001
8,2012-06-01,A,155078,78.31,3.501,225.300865,5.679,False,11578.32,41.6,58.17,1319.45,2044.72,921161.2
8,2012-06-08,A,155078,74.28,3.452,225.3011521,5.679,False,8721.82,252.8,30.45,679.89,5160.31,928820.0
8,2012-06-15,A,155078,77.14,3.393,225.3134743,5.679,False,8583.02,265.7,151.05,1184.4,5675.58,916918.7
8,2012-06-22,A,155078,78.85,3.346,225.3558843,5.679,False,5146.44,124.95,2.97,1409.95,3956.16,899449.65
8,2012-06-29,A,155078,84.47,3.286,225.3982943,5.679,False,8467.23,199.75,0.0,492.34,5529.08,878298.22
8,2012-07-06,A,155078,81.24,3.227,225.4407043,5.401,False,10526.01,157.93,182.17,3068.98,4059.99,936205.5
8,2012-07-13,A,155078,78.46,3.256,225.4831143,5.401,False,10278.48,129.2,24.0,1750.15,2057.71,890488.01
8,2012-07-20,A,155078,79.94,3.311,225.4930078,5.401,False,6764.94,164.8,13.02,390.77,58068.14,888834.07
8,2012-07-27,A,155078,81.71,3.407,225.5029014,5.401,False,6382.88,80.6,3.55,2242.95,4403.2,838227.52
8,2012-08-03,A,155078,85.06,3.417,225.5127949,5.401,False,12755.02,88.2,17.83,4783.44,4865.74,897076.73
8,2012-08-10,A,155078,83.74,3.494,225.5226885,5.401,False,11811.65,26.0,59.03,2215.73,2801.89,930745.6900000001
8,2012-08-17,A,155078,81.21,3.571,225.6050797,5.401,False,3224.14,21.02,4.26,1066.29,5044.43,896613.19
8,2012-08-24,A,155078,73.77,3.62,225.7418442,5.401,False,3822.14,6.4,4.2,763.09,3570.91,936373.65
8,2012-08-31,A,155078,75.33,3.638,225.8786088,5.401,False,10297.42,21.6,17.16,3952.93,3198.02,976137.73
8,2012-09-07,A,155078,80.87,3.73,226.0153733,5.401,True,11548.63,9.0,29.22,1177.09,2831.4,932160.37
8,2012-09-14,A,155078,67.21,3.717,226.1615981,5.401,False,4678.98,0.0,12.29,1130.96,5427.34,883569.38
8,2012-09-21,A,155078,66.96,3.721,226.3645848,5.401,False,3913.12,5.73,2.28,0.0,6984.96,857796.45
8,2012-09-28,A,155078,71.1,3.666,226.5675714,5.401,False,5518.65,1.91,0.55,1103.02,2049.02,884724.41
8,2012-10-05,A,155078,61.41,3.617,226.7705581,5.124,False,3709.42,0.0,20.04,1332.17,2156.75,976436.02
8,2012-10-12,A,155078,55.03,3.601,226.9735448,5.124,False,757.39,0.0,7.5,186.45,4830.34,927511.99
8,2012-10-19,A,155078,62.99,3.594,227.0184166,5.124,False,1260.59,0.0,6.5,280.98,3531.83,900309.75
8,2012-10-26,A,155078,64.74,3.506,227.0369359,5.124,False,2679.05,20.38,6.0,384.25,1691.31,891671.4400000001
9,2010-02-05,B,125833,38.01,2.572,214.6554591,6.415,False,0.0,0.0,0.0,0.0,0.0,549505.55
9,2010-02-12,B,125833,37.08,2.548,214.8056534,6.415,True,0.0,0.0,0.0,0.0,0.0,552677.48
9,2010-02-19,B,125833,43.06,2.514,214.8506185,6.415,False,0.0,0.0,0.0,0.0,0.0,511327.9
9,2010-02-26,B,125833,43.83,2.561,214.8780453,6.415,False,0.0,0.0,0.0,0.0,0.0,473773.27
9,2010-03-05,B,125833,48.43,2.625,214.9054721,6.415,False,0.0,0.0,0.0,0.0,0.0,507297.88
9,2010-03-12,B,125833,55.76,2.667,214.932899,6.415,False,0.0,0.0,0.0,0.0,0.0,494145.8
9,2010-03-19,B,125833,53.15,2.72,214.7597274,6.415,False,0.0,0.0,0.0,0.0,0.0,485744.61
9,2010-03-26,B,125833,51.8,2.732,214.5531227,6.415,False,0.0,0.0,0.0,0.0,0.0,484946.56
9,2010-04-02,B,125833,65.21,2.719,214.3465181,6.384,False,0.0,0.0,0.0,0.0,0.0,545206.32
9,2010-04-09,B,125833,64.95,2.77,214.1399135,6.384,False,0.0,0.0,0.0,0.0,0.0,529384.3099999999
9,2010-04-16,B,125833,66.09,2.808,214.0001817,6.384,False,0.0,0.0,0.0,0.0,0.0,485764.32
9,2010-04-23,B,125833,61.26,2.795,213.9496138,6.384,False,0.0,0.0,0.0,0.0,0.0,488683.57
9,2010-04-30,B,125833,66.07,2.78,213.8990459,6.384,False,0.0,0.0,0.0,0.0,0.0,491723.42
9,2010-05-07,B,125833,68.58,2.835,213.848478,6.384,False,0.0,0.0,0.0,0.0,0.0,526128.61
9,2010-05-14,B,125833,70.53,2.854,213.8469819,6.384,False,0.0,0.0,0.0,0.0,0.0,492792.8
9,2010-05-21,B,125833,71.5,2.826,214.1399162,6.384,False,0.0,0.0,0.0,0.0,0.0,506274.94
9,2010-05-28,B,125833,77.12,2.759,214.4328505,6.384,False,0.0,0.0,0.0,0.0,0.0,558143.53
9,2010-06-04,B,125833,79.65,2.705,214.7257848,6.384,False,0.0,0.0,0.0,0.0,0.0,586061.46
9,2010-06-11,B,125833,83.75,2.668,215.0187191,6.384,False,0.0,0.0,0.0,0.0,0.0,522715.68
9,2010-06-18,B,125833,82.99,2.637,215.0166484,6.384,False,0.0,0.0,0.0,0.0,0.0,513073.87
9,2010-06-25,B,125833,85.02,2.653,214.8965756,6.384,False,0.0,0.0,0.0,0.0,0.0,509263.28
9,2010-07-02,B,125833,78.55,2.669,214.7765028,6.442,False,0.0,0.0,0.0,0.0,0.0,528832.54
9,2010-07-09,B,125833,78.51,2.642,214.6564301,6.442,False,0.0,0.0,0.0,0.0,0.0,485389.14999999997
9,2010-07-16,B,125833,82.93,2.623,214.6474453,6.442,False,0.0,0.0,0.0,0.0,0.0,474030.51
9,2010-07-23,B,125833,84.49,2.608,214.7865779,6.442,False,0.0,0.0,0.0,0.0,0.0,462676.5
9,2010-07-30,B,125833,79.83,2.64,214.9257105,6.442,False,0.0,0.0,0.0,0.0,0.0,468675.19
9,2010-08-06,B,125833,87.09,2.627,215.064843,6.442,False,0.0,0.0,0.0,0.0,0.0,522815.45
9,2010-08-13,B,125833,86.85,2.692,215.2039756,6.442,False,0.0,0.0,0.0,0.0,0.0,481897.98000000004
9,2010-08-20,B,125833,86.3,2.664,215.1619646,6.442,False,0.0,0.0,0.0,0.0,0.0,499325.38
9,2010-08-27,B,125833,84.01,2.619,215.1199536,6.442,False,0.0,0.0,0.0,0.0,0.0,506789.66
9,2010-09-03,B,125833,82.47,2.577,215.0779426,6.442,False,0.0,0.0,0.0,0.0,0.0,511049.06
9,2010-09-10,B,125833,77.7,2.565,215.0359315,6.442,True,0.0,0.0,0.0,0.0,0.0,484835.2
9,2010-09-17,B,125833,81.19,2.582,215.0615285,6.442,False,0.0,0.0,0.0,0.0,0.0,463448.58999999997
9,2010-09-24,B,125833,77.15,2.624,215.1378313,6.442,False,0.0,0.0,0.0,0.0,0.0,452905.22
9,2010-10-01,B,125833,69.08,2.603,215.2141341,6.56,False,0.0,0.0,0.0,0.0,0.0,495692.19
9,2010-10-08,B,125833,65.35,2.633,215.290437,6.56,False,0.0,0.0,0.0,0.0,0.0,505069.21
9,2010-10-15,B,125833,67.36,2.72,215.3589917,6.56,False,0.0,0.0,0.0,0.0,0.0,454769.68
9,2010-10-22,B,125833,69.99,2.725,215.4081762,6.56,False,0.0,0.0,0.0,0.0,0.0,466322.76
9,2010-10-29,B,125833,64.43,2.716,215.4573607,6.56,False,0.0,0.0,0.0,0.0,0.0,508801.61
9,2010-11-05,B,125833,58.69,2.689,215.5065452,6.56,False,0.0,0.0,0.0,0.0,0.0,517869.97
9,2010-11-12,B,125833,61.59,2.728,215.5557297,6.56,False,0.0,0.0,0.0,0.0,0.0,520846.68
9,2010-11-19,B,125833,49.96,2.771,215.4372854,6.56,False,0.0,0.0,0.0,0.0,0.0,519823.3
9,2010-11-26,B,125833,60.18,2.735,215.2909028,6.56,True,0.0,0.0,0.0,0.0,0.0,768070.53
9,2010-12-03,B,125833,49.89,2.708,215.1445203,6.56,False,0.0,0.0,0.0,0.0,0.0,578164.82
9,2010-12-10,B,125833,46.1,2.843,214.9981378,6.56,False,0.0,0.0,0.0,0.0,0.0,618121.82
9,2010-12-17,B,125833,49.7,2.869,214.9334937,6.56,False,0.0,0.0,0.0,0.0,0.0,685243.2
9,2010-12-24,B,125833,50.93,2.886,214.9301534,6.56,False,0.0,0.0,0.0,0.0,0.0,873347.5499999999
9,2010-12-31,B,125833,45.92,2.943,214.9268131,6.56,True,0.0,0.0,0.0,0.0,0.0,459770.85
9,2011-01-07,B,125833,41.82,2.976,214.9234729,6.416,False,0.0,0.0,0.0,0.0,0.0,490981.78
9,2011-01-14,B,125833,36.43,2.983,214.9749587,6.416,False,0.0,0.0,0.0,0.0,0.0,458086.69
9,2011-01-21,B,125833,44.72,3.016,215.3554013,6.416,False,0.0,0.0,0.0,0.0,0.0,454021.69
9,2011-01-28,B,125833,43.9,3.01,215.7358438,6.416,False,0.0,0.0,0.0,0.0,0.0,463561.48
9,2011-02-04,B,125833,31.82,2.989,216.1162864,6.416,False,0.0,0.0,0.0,0.0,0.0,544612.28
9,2011-02-11,B,125833,34.13,3.022,216.496729,6.416,True,0.0,0.0,0.0,0.0,0.0,555279.02
9,2011-02-18,B,125833,58.5,3.045,216.8154856,6.416,False,0.0,0.0,0.0,0.0,0.0,610985.56
9,2011-02-25,B,125833,59.01,3.065,217.1095679,6.416,False,0.0,0.0,0.0,0.0,0.0,513107.2
9,2011-03-04,B,125833,60.67,3.288,217.4036503,6.416,False,0.0,0.0,0.0,0.0,0.0,542016.18
9,2011-03-11,B,125833,54.75,3.459,217.6977326,6.416,False,0.0,0.0,0.0,0.0,0.0,517783.5
9,2011-03-18,B,125833,63.82,3.488,217.9563371,6.416,False,0.0,0.0,0.0,0.0,0.0,515226.11
9,2011-03-25,B,125833,68.79,3.473,218.2007506,6.416,False,0.0,0.0,0.0,0.0,0.0,497488.39999999997
9,2011-04-01,B,125833,56.12,3.524,218.445164,6.38,False,0.0,0.0,0.0,0.0,0.0,520962.14
9,2011-04-08,B,125833,71.4,3.622,218.6895775,6.38,False,0.0,0.0,0.0,0.0,0.0,561625.92
9,2011-04-15,B,125833,71.9,3.743,218.9134935,6.38,False,0.0,0.0,0.0,0.0,0.0,528420.28
9,2011-04-22,B,125833,72.35,3.807,219.0861659,6.38,False,0.0,0.0,0.0,0.0,0.0,549502.11
9,2011-04-29,B,125833,70.85,3.81,219.2588382,6.38,False,0.0,0.0,0.0,0.0,0.0,532226.2
9,2011-05-06,B,125833,62.2,3.906,219.4315106,6.38,False,0.0,0.0,0.0,0.0,0.0,545251.1
9,2011-05-13,B,125833,77.66,3.899,219.6041829,6.38,False,0.0,0.0,0.0,0.0,0.0,539126.0
9,2011-05-20,B,125833,70.49,3.907,219.3622809,6.38,False,0.0,0.0,0.0,0.0,0.0,518266.9
9,2011-05-27,B,125833,80.42,3.786,219.1203788,6.38,False,0.0,0.0,0.0,0.0,0.0,553834.04
9,2011-06-03,B,125833,85.8,3.699,218.8784768,6.38,False,0.0,0.0,0.0,0.0,0.0,587004.29
9,2011-06-10,B,125833,85.81,3.648,218.6365747,6.38,False,0.0,0.0,0.0,0.0,0.0,550076.3200000001
9,2011-06-17,B,125833,89.15,3.637,218.5877333,6.38,False,0.0,0.0,0.0,0.0,0.0,558671.14
9,2011-06-24,B,125833,86.74,3.594,218.6836874,6.38,False,0.0,0.0,0.0,0.0,0.0,538745.9299999999
9,2011-07-01,B,125833,89.14,3.524,218.7796415,6.404,False,0.0,0.0,0.0,0.0,0.0,537064.03
9,2011-07-08,B,125833,89.04,3.48,218.8755955,6.404,False,0.0,0.0,0.0,0.0,0.0,535983.13
9,2011-07-15,B,125833,90.45,3.575,218.9607242,6.404,False,0.0,0.0,0.0,0.0,0.0,512834.04000000004
9,2011-07-22,B,125833,89.08,3.651,219.0187895,6.404,False,0.0,0.0,0.0,0.0,0.0,491449.94
9,2011-07-29,B,125833,91.1,3.682,219.0768548,6.404,False,0.0,0.0,0.0,0.0,0.0,471449.98000000004
9,2011-08-05,B,125833,91.52,3.684,219.1349201,6.404,False,0.0,0.0,0.0,0.0,0.0,554879.67
9,2011-08-12,B,125833,91.63,3.638,219.1929854,6.404,False,0.0,0.0,0.0,0.0,0.0,520284.79
9,2011-08-19,B,125833,85.8,3.554,219.2556109,6.404,False,0.0,0.0,0.0,0.0,0.0,540819.44
9,2011-08-26,B,125833,88.95,3.523,219.3189965,6.404,False,0.0,0.0,0.0,0.0,0.0,542663.53
9,2011-09-02,B,125833,89.33,3.533,219.382382,6.404,False,0.0,0.0,0.0,0.0,0.0,544643.33
9,2011-09-09,B,125833,75.65,3.546,219.4457675,6.404,True,0.0,0.0,0.0,0.0,0.0,528784.86
9,2011-09-16,B,125833,77.95,3.526,219.6297841,6.404,False,0.0,0.0,0.0,0.0,0.0,500274.03
9,2011-09-23,B,125833,74.42,3.467,219.9746423,6.404,False,0.0,0.0,0.0,0.0,0.0,506743.78
9,2011-09-30,B,125833,78.45,3.355,220.3195004,6.404,False,0.0,0.0,0.0,0.0,0.0,508567.04
9,2011-10-07,B,125833,72.62,3.285,220.6643585,6.054,False,0.0,0.0,0.0,0.0,0.0,553836.98
9,2011-10-14,B,125833,67.27,3.274,220.9836849,6.054,False,0.0,0.0,0.0,0.0,0.0,529515.66
9,2011-10-21,B,125833,65.46,3.353,221.1498206,6.054,False,0.0,0.0,0.0,0.0,0.0,557075.21
9,2011-10-28,B,125833,63.96,3.372,221.3159563,6.054,False,0.0,0.0,0.0,0.0,0.0,548527.49
9,2011-11-04,B,125833,54.46,3.332,221.4820921,6.054,False,0.0,0.0,0.0,0.0,0.0,597855.0700000001
9,2011-11-11,B,125833,58.28,3.297,221.6482278,6.054,False,3235.06,1645.11,63.15,1580.98,2209.21,594574.12
9,2011-11-18,B,125833,58.8,3.308,221.8803923,6.054,False,3648.4,2.63,21.12,1639.62,3623.62,542414.27
9,2011-11-25,B,125833,54.32,3.236,222.1389683,6.054,True,121.57,0.0,44061.13,247.83,8294.47,814753.5
9,2011-12-02,B,125833,46.84,3.172,222.3975443,6.054,False,1237.88,0.0,1330.53,643.78,8323.51,613115.21
9,2011-12-09,B,125833,37.65,3.158,222.6561203,6.054,False,3075.89,0.0,248.8,822.69,7585.2,630327.28
9,2011-12-16,B,125833,47.31,3.159,222.8825484,6.054,False,2755.9,0.0,136.48,384.78,2240.49,705557.97
9,2011-12-23,B,125833,44.43,3.112,223.0661125,6.054,False,719.14,0.24,318.75,17.72,2357.19,905324.68
9,2011-12-30,B,125833,43.41,3.129,223.2496766,6.054,True,2155.73,14481.63,44.07,237.84,3699.24,549788.36
9,2012-01-06,B,125833,47.54,3.157,223.4332408,5.667,False,3597.08,6203.76,11.2,3743.55,1912.75,519585.67
9,2012-01-13,B,125833,42.44,3.261,223.6168049,5.667,False,4731.1,2959.36,0.0,129.27,3416.48,474964.6
9,2012-01-20,B,125833,51.56,3.268,223.7114288,5.667,False,910.51,234.36,0.0,117.08,6081.04,480130.04000000004
9,2012-01-27,B,125833,49.38,3.29,223.8060527,5.667,False,489.19,283.85,0.0,22.5,2888.79,482451.21
9,2012-02-03,B,125833,54.43,3.36,223.9006766,5.667,False,19289.22,527.14,4.46,9955.21,3428.92,549967.89
9,2012-02-10,B,125833,44.03,3.409,223.9953006,5.667,True,5619.8,1595.17,1.71,4740.66,4494.14,609736.12
9,2012-02-17,B,125833,43.81,3.51,224.1588663,5.667,False,4572.81,5448.91,6.0,945.06,7589.85,658965.05
9,2012-02-24,B,125833,53.67,3.555,224.3741384,5.667,False,3801.98,4010.13,1.0,586.06,7315.09,563578.79
9,2012-03-02,B,125833,57.2,3.63,224.5894104,5.667,False,6268.15,154.97,0.0,3557.17,1878.44,619498.28
9,2012-03-09,B,125833,54.03,3.669,224.8046825,5.667,False,3923.2,96.52,17.36,990.11,2755.72,574955.95
9,2012-03-16,B,125833,59.94,3.734,224.9594902,5.667,False,1913.05,1.8,7.33,436.67,14026.36,550373.57
9,2012-03-23,B,125833,58.79,3.787,225.0336786,5.667,False,1681.15,1.8,0.68,414.45,466.42,550791.32
9,2012-03-30,B,125833,67.87,3.845,225.107867,5.667,False,3669.95,15.98,0.0,69.02,2049.16,574985.37
9,2012-04-06,B,125833,68.83,3.891,225.1820555,5.539,False,4876.77,0.0,10.0,1201.8,8545.16,677885.99
9,2012-04-13,B,125833,69.19,3.891,225.2562439,5.539,False,4939.14,856.32,0.0,290.87,807.0,578539.86
9,2012-04-20,B,125833,68.04,3.877,225.3117488,5.539,False,910.31,121.25,2.0,265.55,1146.34,542819.03
9,2012-04-27,B,125833,73.07,3.814,225.3672537,5.539,False,409.76,0.0,0.4,7.88,7179.53,550414.99
9,2012-05-04,B,125833,78.98,3.749,225.4227585,5.539,False,5917.56,0.0,68.0,969.06,647.76,586289.08
9,2012-05-11,B,125833,70.94,3.688,225.4782634,5.539,False,4727.8,0.0,1.04,356.78,1077.81,592572.3
9,2012-05-18,B,125833,69.52,3.63,225.4942498,5.539,False,1926.92,0.0,0.24,426.51,2968.78,571463.93
9,2012-05-25,B,125833,79.69,3.561,225.4944288,5.539,False,1574.27,0.0,361.83,81.12,5286.38,547226.0
9,2012-06-01,B,125833,80.26,3.501,225.4946078,5.539,False,2542.14,35.6,76.8,374.37,3413.57,583648.59
9,2012-06-08,B,125833,78.91,3.452,225.4947868,5.539,False,3564.15,142.2,0.3,81.26,5518.29,582525.42
9,2012-06-15,B,125833,82.21,3.393,225.5070634,5.539,False,3296.23,176.4,50.03,780.78,4209.82,564606.1
9,2012-06-22,B,125833,81.05,3.346,225.5495841,5.539,False,2886.26,3.8,0.0,1270.8,4545.91,562173.12
9,2012-06-29,B,125833,87.18,3.286,225.5921049,5.539,False,2073.16,120.0,0.0,31.75,2792.7,544770.7
9,2012-07-06,B,125833,84.15,3.227,225.6346256,5.277,False,3165.17,87.2,8.08,1642.41,2096.86,578790.36
9,2012-07-13,B,125833,82.39,3.256,225.6771463,5.277,False,3031.81,0.0,2.02,47.76,4554.39,536537.64
9,2012-07-20,B,125833,83.39,3.311,225.6871121,5.277,False,1107.97,0.5,5.85,862.28,1986.24,513991.57
9,2012-07-27,B,125833,86.41,3.407,225.6970779,5.277,False,1042.73,8.0,1.66,1129.2,2929.43,495951.0
9,2012-08-03,B,125833,90.23,3.417,225.7070437,5.277,False,11864.5,61.0,0.22,1659.09,2176.37,533887.54
9,2012-08-10,B,125833,88.66,3.494,225.7170094,5.277,False,3180.78,-9.94,1.4,2112.03,2314.58,538713.47
9,2012-08-17,B,125833,86.37,3.571,225.7995323,5.277,False,975.91,0.0,3.0,325.68,670.48,535153.47
9,2012-08-24,B,125833,77.9,3.62,225.9364729,5.277,False,1524.71,0.0,1.8,501.16,4241.59,572887.78
9,2012-08-31,B,125833,80.71,3.638,226.0734135,5.277,False,5758.14,0.0,17.6,2828.89,1884.13,576879.15
9,2012-09-07,B,125833,87.93,3.73,226.2103541,5.277,True,4837.99,-5.96,22.74,602.8,1377.59,565812.29
9,2012-09-14,B,125833,73.55,3.717,226.3567545,5.277,False,2640.68,0.0,10.75,385.53,4276.03,523427.35
9,2012-09-21,B,125833,69.92,3.721,226.5599138,5.277,False,1887.95,1.91,0.0,273.53,4626.19,533756.88
9,2012-09-28,B,125833,76.8,3.666,226.7630732,5.277,False,1699.68,1.91,0.55,190.38,1819.15,516361.06
9,2012-10-05,B,125833,66.61,3.617,226.9662325,4.954,False,2657.57,0.0,3.01,1107.79,1560.55,606755.3
9,2012-10-12,B,125833,60.09,3.601,227.1693919,4.954,False,520.41,0.0,6.01,0.0,2839.84,558464.8
9,2012-10-19,B,125833,68.01,3.594,227.214288,4.954,False,545.72,0.0,8.0,28.94,3098.87,542009.46
9,2012-10-26,B,125833,69.52,3.506,227.2328068,4.954,False,512.23,3.0,8.0,0.0,1666.38,549731.49
10,2010-02-05,B,126512,54.34,2.962,126.4420645,9.765,False,0.0,0.0,0.0,0.0,0.0,2193048.75
10,2010-02-12,B,126512,49.96,2.828,126.4962581,9.765,True,0.0,0.0,0.0,0.0,0.0,2176028.52
10,2010-02-19,B,126512,58.22,2.915,126.5262857,9.765,False,0.0,0.0,0.0,0.0,0.0,2113432.58
10,2010-02-26,B,126512,52.77,2.825,126.5522857,9.765,False,0.0,0.0,0.0,0.0,0.0,2006774.96
10,2010-03-05,B,126512,55.92,2.877,126.5782857,9.765,False,0.0,0.0,0.0,0.0,0.0,1987090.09
10,2010-03-12,B,126512,52.33,3.034,126.6042857,9.765,False,0.0,0.0,0.0,0.0,0.0,1941346.13
10,2010-03-19,B,126512,61.46,3.054,126.6066452,9.765,False,0.0,0.0,0.0,0.0,0.0,1946875.06
10,2010-03-26,B,126512,60.05,2.98,126.6050645,9.765,False,0.0,0.0,0.0,0.0,0.0,1893532.46
10,2010-04-02,B,126512,63.66,3.086,126.6034839,9.524,False,0.0,0.0,0.0,0.0,0.0,2138651.97
10,2010-04-09,B,126512,65.29,3.004,126.6019032,9.524,False,0.0,0.0,0.0,0.0,0.0,2041069.3699999999
10,2010-04-16,B,126512,69.74,3.109,126.5621,9.524,False,0.0,0.0,0.0,0.0,0.0,1826241.44
10,2010-04-23,B,126512,66.42,3.05,126.4713333,9.524,False,0.0,0.0,0.0,0.0,0.0,1829521.83
10,2010-04-30,B,126512,69.76,3.105,126.3805667,9.524,False,0.0,0.0,0.0,0.0,0.0,1790694.59
10,2010-05-07,B,126512,71.06,3.127,126.2898,9.524,False,0.0,0.0,0.0,0.0,0.0,1921432.16
10,2010-05-14,B,126512,73.88,3.145,126.2085484,9.524,False,0.0,0.0,0.0,0.0,0.0,1808056.41
10,2010-05-21,B,126512,78.32,3.12,126.1843871,9.524,False,0.0,0.0,0.0,0.0,0.0,1847613.58
10,2010-05-28,B,126512,76.67,3.058,126.1602258,9.524,False,0.0,0.0,0.0,0.0,0.0,1904618.17
10,2010-06-04,B,126512,82.82,2.941,126.1360645,9.524,False,0.0,0.0,0.0,0.0,0.0,1931406.28
10,2010-06-11,B,126512,89.67,3.057,126.1119032,9.524,False,0.0,0.0,0.0,0.0,0.0,1827521.71
10,2010-06-18,B,126512,83.49,2.935,126.114,9.524,False,0.0,0.0,0.0,0.0,0.0,1837636.24
10,2010-06-25,B,126512,90.32,3.084,126.1266,9.524,False,0.0,0.0,0.0,0.0,0.0,1768172.31
10,2010-07-02,B,126512,92.89,2.978,126.1392,9.199,False,0.0,0.0,0.0,0.0,0.0,1845893.87
10,2010-07-09,B,126512,91.03,3.1,126.1518,9.199,False,0.0,0.0,0.0,0.0,0.0,1769793.3699999999
10,2010-07-16,B,126512,91.8,2.971,126.1498065,9.199,False,0.0,0.0,0.0,0.0,0.0,1828052.47
10,2010-07-23,B,126512,88.44,3.112,126.1283548,9.199,False,0.0,0.0,0.0,0.0,0.0,1831676.03
10,2010-07-30,B,126512,85.03,3.017,126.1069032,9.199,False,0.0,0.0,0.0,0.0,0.0,1832664.03
10,2010-08-06,B,126512,86.13,3.123,126.0854516,9.199,False,0.0,0.0,0.0,0.0,0.0,1949236.09
10,2010-08-13,B,126512,88.37,3.049,126.064,9.199,False,0.0,0.0,0.0,0.0,0.0,1962996.7
10,2010-08-20,B,126512,89.88,3.041,126.0766452,9.199,False,0.0,0.0,0.0,0.0,0.0,1983190.56
10,2010-08-27,B,126512,84.99,3.022,126.0892903,9.199,False,0.0,0.0,0.0,0.0,0.0,1727565.42
10,2010-09-03,B,126512,83.8,3.087,126.1019355,9.199,False,0.0,0.0,0.0,0.0,0.0,1766331.45
10,2010-09-10,B,126512,84.04,2.961,126.1145806,9.199,True,0.0,0.0,0.0,0.0,0.0,1720530.23
10,2010-09-17,B,126512,85.52,3.028,126.1454667,9.199,False,0.0,0.0,0.0,0.0,0.0,1716755.78
10,2010-09-24,B,126512,85.75,2.939,126.1900333,9.199,False,0.0,0.0,0.0,0.0,0.0,1655036.75
10,2010-10-01,B,126512,86.01,3.001,126.2346,9.003,False,0.0,0.0,0.0,0.0,0.0,1645892.97
10,2010-10-08,B,126512,77.04,2.924,126.2791667,9.003,False,0.0,0.0,0.0,0.0,0.0,1772192.42
10,2010-10-15,B,126512,75.48,3.08,126.3266774,9.003,False,0.0,0.0,0.0,0.0,0.0,1703850.25
10,2010-10-22,B,126512,68.12,3.014,126.3815484,9.003,False,0.0,0.0,0.0,0.0,0.0,1740234.06
10,2010-10-29,B,126512,68.76,3.13,126.4364194,9.003,False,0.0,0.0,0.0,0.0,0.0,1741308.56
10,2010-11-05,B,126512,71.04,3.009,126.4912903,9.003,False,0.0,0.0,0.0,0.0,0.0,1832211.96
10,2010-11-12,B,126512,61.24,3.13,126.5461613,9.003,False,0.0,0.0,0.0,0.0,0.0,1895901.59
10,2010-11-19,B,126512,58.83,3.047,126.6072,9.003,False,0.0,0.0,0.0,0.0,0.0,1949177.13
10,2010-11-26,B,126512,55.33,3.162,126.6692667,9.003,True,0.0,0.0,0.0,0.0,0.0,2939946.38
10,2010-12-03,B,126512,51.17,3.041,126.7313333,9.003,False,0.0,0.0,0.0,0.0,0.0,2251206.64
10,2010-12-10,B,126512,60.51,3.091,126.7934,9.003,False,0.0,0.0,0.0,0.0,0.0,2411790.21
10,2010-12-17,B,126512,59.15,3.125,126.8794839,9.003,False,0.0,0.0,0.0,0.0,0.0,2811646.85
10,2010-12-24,B,126512,57.06,3.236,126.9835806,9.003,False,0.0,0.0,0.0,0.0,0.0,3749057.69
10,2010-12-31,B,126512,49.67,3.148,127.0876774,9.003,True,0.0,0.0,0.0,0.0,0.0,1707298.1400000001
10,2011-01-07,B,126512,43.43,3.287,127.1917742,8.744,False,0.0,0.0,0.0,0.0,0.0,1714309.9
10,2011-01-14,B,126512,49.98,3.312,127.3009355,8.744,False,0.0,0.0,0.0,0.0,0.0,1710803.59
10,2011-01-21,B,126512,56.75,3.336,127.4404839,8.744,False,0.0,0.0,0.0,0.0,0.0,1677556.18
10,2011-01-28,B,126512,53.03,3.231,127.5800323,8.744,False,0.0,0.0,0.0,0.0,0.0,1715769.05
10,2011-02-04,B,126512,44.88,3.348,127.7195806,8.744,False,0.0,0.0,0.0,0.0,0.0,1968045.91
10,2011-02-11,B,126512,51.51,3.381,127.859129,8.744,True,0.0,0.0,0.0,0.0,0.0,2115408.31
10,2011-02-18,B,126512,61.77,3.43,127.99525,8.744,False,0.0,0.0,0.0,0.0,0.0,2106934.55
10,2011-02-25,B,126512,53.59,3.398,128.13,8.744,False,0.0,0.0,0.0,0.0,0.0,1967996.71
10,2011-03-04,B,126512,56.96,3.674,128.26475,8.744,False,0.0,0.0,0.0,0.0,0.0,1958003.19
10,2011-03-11,B,126512,64.22,3.63,128.3995,8.744,False,0.0,0.0,0.0,0.0,0.0,1933469.15
10,2011-03-18,B,126512,70.12,3.892,128.5121935,8.744,False,0.0,0.0,0.0,0.0,0.0,1884734.31
10,2011-03-25,B,126512,62.53,3.716,128.6160645,8.744,False,0.0,0.0,0.0,0.0,0.0,1815798.85
10,2011-04-01,B,126512,67.64,3.772,128.7199355,8.494,False,0.0,0.0,0.0,0.0,0.0,1827733.18
10,2011-04-08,B,126512,73.03,3.818,128.8238065,8.494,False,0.0,0.0,0.0,0.0,0.0,1870720.73
10,2011-04-15,B,126512,61.05,4.089,128.9107333,8.494,False,0.0,0.0,0.0,0.0,0.0,1781767.22
10,2011-04-22,B,126512,75.93,3.917,128.9553,8.494,False,0.0,0.0,0.0,0.0,0.0,2004831.14
10,2011-04-29,B,126512,73.38,4.151,128.9998667,8.494,False,0.0,0.0,0.0,0.0,0.0,1873646.34
10,2011-05-06,B,126512,73.56,4.193,129.0444333,8.494,False,0.0,0.0,0.0,0.0,0.0,1841369.99
10,2011-05-13,B,126512,74.04,4.202,129.089,8.494,False,0.0,0.0,0.0,0.0,0.0,1712995.44
10,2011-05-20,B,126512,72.62,3.99,129.0756774,8.494,False,0.0,0.0,0.0,0.0,0.0,1720908.01
10,2011-05-27,B,126512,78.62,3.933,129.0623548,8.494,False,0.0,0.0,0.0,0.0,0.0,1743000.38
10,2011-06-03,B,126512,81.87,3.893,129.0490323,8.494,False,0.0,0.0,0.0,0.0,0.0,1792210.89
10,2011-06-10,B,126512,84.57,3.981,129.0357097,8.494,False,0.0,0.0,0.0,0.0,0.0,1740063.1
10,2011-06-17,B,126512,87.96,3.935,129.0432,8.494,False,0.0,0.0,0.0,0.0,0.0,1817934.76
10,2011-06-24,B,126512,90.69,3.807,129.0663,8.494,False,0.0,0.0,0.0,0.0,0.0,1711813.1300000001
10,2011-07-01,B,126512,95.36,3.842,129.0894,8.257,False,0.0,0.0,0.0,0.0,0.0,1751369.75
10,2011-07-08,B,126512,88.57,3.793,129.1125,8.257,False,0.0,0.0,0.0,0.0,0.0,1699708.3800000001
10,2011-07-15,B,126512,86.01,3.779,129.1338387,8.257,False,0.0,0.0,0.0,0.0,0.0,1775068.4
10,2011-07-22,B,126512,88.59,3.697,129.1507742,8.257,False,0.0,0.0,0.0,0.0,0.0,1774342.61
10,2011-07-29,B,126512,86.75,3.694,129.1677097,8.257,False,0.0,0.0,0.0,0.0,0.0,1745841.33
10,2011-08-05,B,126512,89.8,3.803,129.1846452,8.257,False,0.0,0.0,0.0,0.0,0.0,1886299.98
10,2011-08-12,B,126512,85.61,3.794,129.2015806,8.257,False,0.0,0.0,0.0,0.0,0.0,1917397.6300000001
10,2011-08-19,B,126512,87.4,3.743,129.2405806,8.257,False,0.0,0.0,0.0,0.0,0.0,1954849.68
10,2011-08-26,B,126512,91.59,3.663,129.2832581,8.257,False,0.0,0.0,0.0,0.0,0.0,1728399.07
10,2011-09-02,B,126512,91.61,3.798,129.3259355,8.257,False,0.0,0.0,0.0,0.0,0.0,1758587.35
10,2011-09-09,B,126512,89.06,3.771,129.3686129,8.257,True,0.0,0.0,0.0,0.0,0.0,1670579.82
10,2011-09-16,B,126512,77.49,3.784,129.4306,8.257,False,0.0,0.0,0.0,0.0,0.0,1650894.3
10,2011-09-23,B,126512,82.51,3.789,129.5183333,8.257,False,0.0,0.0,0.0,0.0,0.0,1685910.53
10,2011-09-30,B,126512,82.27,3.877,129.6060667,8.257,False,0.0,0.0,0.0,0.0,0.0,1627707.31
10,2011-10-07,B,126512,75.01,3.827,129.6938,7.874,False,0.0,0.0,0.0,0.0,0.0,1788227.6
10,2011-10-14,B,126512,70.27,3.698,129.7706452,7.874,False,0.0,0.0,0.0,0.0,0.0,1704753.02
10,2011-10-21,B,126512,77.91,3.842,129.7821613,7.874,False,0.0,0.0,0.0,0.0,0.0,1745928.56
10,2011-10-28,B,126512,72.79,3.843,129.7936774,7.874,False,0.0,0.0,0.0,0.0,0.0,1771792.97
10,2011-11-04,B,126512,68.57,3.828,129.8051935,7.874,False,0.0,0.0,0.0,0.0,0.0,1904438.59
10,2011-11-11,B,126512,55.28,3.677,129.8167097,7.874,False,13444.17,14909.99,752.18,4320.22,5896.3,2076570.84
10,2011-11-18,B,126512,58.97,3.669,129.8268333,7.874,False,3886.23,708.7,115.18,695.54,9141.32,1869087.85
10,2011-11-25,B,126512,60.68,3.76,129.8364,7.874,True,174.72,329.0,141630.61,79.0,1009.98,2950198.64
10,2011-12-02,B,126512,57.29,3.701,129.8459667,7.874,False,7772.17,240.0,4737.51,6615.5,36360.42,2068097.18
10,2011-12-09,B,126512,42.58,3.644,129.8555333,7.874,False,7010.08,74.24,1019.36,5124.86,9458.28,2429310.9
10,2011-12-16,B,126512,50.53,3.489,129.8980645,7.874,False,2200.27,337.44,1203.16,158.52,3475.95,2555031.18
10,2011-12-23,B,126512,48.36,3.541,129.9845484,7.874,False,300.02,77.73,2432.01,108.37,4078.21,3487986.89
10,2011-12-30,B,126512,48.92,3.428,130.0710323,7.874,True,7676.36,104519.54,179.82,1573.87,3732.93,1930690.3699999999
10,2012-01-06,B,126512,59.85,3.443,130.1575161,7.545,False,7737.75,38456.09,39.72,305.2,5408.08,1683401.78
10,2012-01-13,B,126512,51.0,3.477,130.244,7.545,False,5203.77,14424.42,1.38,597.55,5659.57,1711562.73
10,2012-01-20,B,126512,54.51,3.66,130.2792258,7.545,False,2972.31,3286.44,1.0,644.03,5331.52,1675562.94
10,2012-01-27,B,126512,53.59,3.675,130.3144516,7.545,False,3242.59,1646.86,0.0,45.8,1691.83,1632406.0
10,2012-02-03,B,126512,56.85,3.543,130.3496774,7.545,False,42468.4,1985.73,174.33,33345.34,5609.77,1867403.01
10,2012-02-10,B,126512,55.73,3.722,130.3849032,7.545,True,8414.22,861.38,66.96,6806.11,5723.0,2218595.8000000003
10,2012-02-17,B,126512,54.12,3.781,130.4546207,7.545,False,20174.89,8935.08,10.8,6330.02,12821.24,2168709.76
10,2012-02-24,B,126512,56.02,3.95,130.5502069,7.545,False,13929.09,4614.67,0.0,596.5,6528.31,2039415.74
10,2012-03-02,B,126512,57.62,3.882,130.6457931,7.545,False,22685.06,152.91,48.76,5831.75,2808.95,1990371.02
10,2012-03-09,B,126512,57.65,3.963,130.7413793,7.545,False,11265.62,7.9,14.95,919.45,2473.83,1917483.1
10,2012-03-16,B,126512,62.11,4.273,130.8261935,7.545,False,3977.45,-10.5,6.03,1928.5,2273.92,1930814.66
10,2012-03-23,B,126512,56.54,4.288,130.8966452,7.545,False,4034.35,3.1,4.08,480.89,2194.51,1837457.69
10,2012-03-30,B,126512,67.92,4.294,130.9670968,7.545,False,7388.74,7.8,0.0,574.87,4035.49,1815760.42
10,2012-04-06,B,126512,65.99,4.282,131.0375484,7.382,False,9256.0,0.0,23.74,4802.15,8553.67,2163384.17
10,2012-04-13,B,126512,70.28,4.254,131.108,7.382,False,7299.64,10818.3,27.47,3675.97,1148.04,1974687.51
10,2012-04-20,B,126512,67.75,4.111,131.1173333,7.382,False,4973.95,4561.31,5.17,1953.72,3653.48,1777166.53
10,2012-04-27,B,126512,80.11,4.088,131.1266667,7.382,False,3444.43,1.5,3.39,124.18,2906.22,1712987.56
10,2012-05-04,B,126512,77.02,4.058,131.136,7.382,False,18275.88,0.0,21.31,4872.45,2722.29,1821364.42
10,2012-05-11,B,126512,76.03,4.186,131.1453333,7.382,False,10837.25,0.0,105.67,4736.02,2747.36,1792345.3
10,2012-05-18,B,126512,85.19,4.308,131.0983226,7.382,False,9630.62,0.0,9.46,972.85,2986.24,1795152.73
10,2012-05-25,B,126512,86.03,4.127,131.0287742,7.382,False,7786.58,0.0,712.2,1701.28,3214.55,1830939.1
10,2012-06-01,B,126512,80.06,4.277,130.9592258,7.382,False,11614.41,0.0,172.39,2945.55,1528.02,1767471.48
10,2012-06-08,B,126512,86.87,4.103,130.8896774,7.382,False,7184.69,31.0,338.26,637.39,5399.57,1840491.41
10,2012-06-15,B,126512,88.58,4.144,130.8295333,7.382,False,6017.71,18.8,41.99,2052.91,4250.19,1811562.88
10,2012-06-22,B,126512,89.92,4.014,130.7929,7.382,False,7684.55,12.6,1.17,3375.65,7210.53,1755334.18
10,2012-06-29,B,126512,91.36,3.875,130.7562667,7.382,False,3339.88,22.0,0.0,1119.45,3710.52,1707481.9
10,2012-07-06,B,126512,86.87,3.666,130.7196333,7.17,False,12644.88,11.2,4.12,5763.56,4746.94,1805999.79
10,2012-07-13,B,126512,89.8,3.723,130.683,7.17,False,7069.25,5.0,0.32,8194.36,1372.82,1765571.91
10,2012-07-20,B,126512,84.45,3.589,130.7012903,7.17,False,6596.8,-1.6,44.6,4275.27,10650.28,1869967.03
10,2012-07-27,B,126512,83.98,3.769,130.7195806,7.17,False,9511.34,0.0,8.87,16376.33,3062.22,1817603.66
10,2012-08-03,B,126512,84.76,3.595,130.737871,7.17,False,37194.44,0.0,53.4,21623.93,2549.27,1939440.09
10,2012-08-10,B,126512,90.78,3.811,130.7561613,7.17,False,15282.47,0.0,58.8,5537.01,14827.71,1880436.94
10,2012-08-17,B,126512,88.83,4.002,130.7909677,7.17,False,4407.9,0.0,7.2,3037.56,3717.52,1827797.4
10,2012-08-24,B,126512,82.5,4.055,130.8381613,7.17,False,11322.69,0.0,34.0,6602.59,7256.22,1764984.15
10,2012-08-31,B,126512,86.97,3.886,130.8853548,7.17,False,26218.85,0.0,68.24,12440.51,3544.68,1650285.54
10,2012-09-07,B,126512,83.07,4.124,130.9325484,7.17,True,11848.88,20.0,47.52,3530.47,2552.3,1708283.28
10,2012-09-14,B,126512,78.47,3.966,130.9776667,7.17,False,10389.14,0.0,15.97,4943.53,7618.04,1640168.99
10,2012-09-21,B,126512,81.93,4.125,131.0103333,7.17,False,11273.56,245.91,27.0,2976.5,7950.03,1671857.57
10,2012-09-28,B,126512,82.52,3.966,131.043,7.17,False,6091.96,62.82,2.82,3350.88,1751.75,1694862.41
10,2012-10-05,B,126512,80.88,4.132,131.0756667,6.943,False,8975.95,0.0,46.24,9546.75,7186.77,1758971.38
10,2012-10-12,B,126512,76.03,4.468,131.1083333,6.943,False,2674.51,0.0,10.32,1390.15,8116.13,1713889.11
10,2012-10-19,B,126512,72.71,4.449,131.1499677,6.943,False,3067.64,0.0,53.6,967.02,2705.58,1734834.82
10,2012-10-26,B,126512,70.5,4.301,131.1930968,6.943,False,9657.93,63.3,100.0,1925.87,834.57,1744349.05
11,2010-02-05,A,207499,46.04,2.572,214.4248812,7.368,False,0.0,0.0,0.0,0.0,0.0,1528008.6400000001
11,2010-02-12,A,207499,48.01,2.548,214.5747916,7.368,True,0.0,0.0,0.0,0.0,0.0,1574684.08
11,2010-02-19,A,207499,48.3,2.514,214.6198868,7.368,False,0.0,0.0,0.0,0.0,0.0,1503298.7
11,2010-02-26,A,207499,52.79,2.561,214.6475127,7.368,False,0.0,0.0,0.0,0.0,0.0,1336404.65
11,2010-03-05,A,207499,53.96,2.625,214.6751386,7.368,False,0.0,0.0,0.0,0.0,0.0,1426622.65
11,2010-03-12,A,207499,64.1,2.667,214.7027646,7.368,False,0.0,0.0,0.0,0.0,0.0,1331883.16
11,2010-03-19,A,207499,61.51,2.72,214.5301219,7.368,False,0.0,0.0,0.0,0.0,0.0,1364207.0
11,2010-03-26,A,207499,58.09,2.732,214.3241011,7.368,False,0.0,0.0,0.0,0.0,0.0,1245624.27
11,2010-04-02,A,207499,66.16,2.719,214.1180803,7.343,False,0.0,0.0,0.0,0.0,0.0,1446210.26
11,2010-04-09,A,207499,69.57,2.77,213.9120595,7.343,False,0.0,0.0,0.0,0.0,0.0,1470308.32
11,2010-04-16,A,207499,67.81,2.808,213.7726889,7.343,False,0.0,0.0,0.0,0.0,0.0,1323243.35
11,2010-04-23,A,207499,68.37,2.795,213.7221852,7.343,False,0.0,0.0,0.0,0.0,0.0,1283766.55
11,2010-04-30,A,207499,71.13,2.78,213.6716815,7.343,False,0.0,0.0,0.0,0.0,0.0,1239766.89
11,2010-05-07,A,207499,75.57,2.835,213.6211778,7.343,False,0.0,0.0,0.0,0.0,0.0,1312329.78
11,2010-05-14,A,207499,77.64,2.854,213.6196139,7.343,False,0.0,0.0,0.0,0.0,0.0,1266796.13
11,2010-05-21,A,207499,76.97,2.826,213.9116886,7.343,False,0.0,0.0,0.0,0.0,0.0,1271646.6199999999
11,2010-05-28,A,207499,79.69,2.759,214.2037634,7.343,False,0.0,0.0,0.0,0.0,0.0,1264272.52
11,2010-06-04,A,207499,79.66,2.705,214.4958382,7.343,False,0.0,0.0,0.0,0.0,0.0,1396322.19
11,2010-06-11,A,207499,82.81,2.668,214.787913,7.343,False,0.0,0.0,0.0,0.0,0.0,1339570.85
11,2010-06-18,A,207499,84.13,2.637,214.7858259,7.343,False,0.0,0.0,0.0,0.0,0.0,1336522.92
11,2010-06-25,A,207499,84.5,2.653,214.6660741,7.343,False,0.0,0.0,0.0,0.0,0.0,1262025.08
11,2010-07-02,A,207499,83.09,2.669,214.5463222,7.346,False,0.0,0.0,0.0,0.0,0.0,1302600.14
11,2010-07-09,A,207499,83.01,2.642,214.4265704,7.346,False,0.0,0.0,0.0,0.0,0.0,1280156.47
11,2010-07-16,A,207499,84.9,2.623,214.4176476,7.346,False,0.0,0.0,0.0,0.0,0.0,1290609.54
11,2010-07-23,A,207499,84.57,2.608,214.5564968,7.346,False,0.0,0.0,0.0,0.0,0.0,1244390.03
11,2010-07-30,A,207499,83.26,2.64,214.695346,7.346,False,0.0,0.0,0.0,0.0,0.0,1250178.89
11,2010-08-06,A,207499,86.54,2.627,214.8341952,7.346,False,0.0,0.0,0.0,0.0,0.0,1369634.92
11,2010-08-13,A,207499,87.73,2.692,214.9730444,7.346,False,0.0,0.0,0.0,0.0,0.0,1384339.1
11,2010-08-20,A,207499,88.93,2.664,214.9314191,7.346,False,0.0,0.0,0.0,0.0,0.0,1430192.3699999999
11,2010-08-27,A,207499,87.7,2.619,214.8897938,7.346,False,0.0,0.0,0.0,0.0,0.0,1311263.07
11,2010-09-03,A,207499,84.94,2.577,214.8481685,7.346,False,0.0,0.0,0.0,0.0,0.0,1303914.27
11,2010-09-10,A,207499,81.93,2.565,214.8065431,7.346,True,0.0,0.0,0.0,0.0,0.0,1231428.46
11,2010-09-17,A,207499,83.04,2.582,214.8322484,7.346,False,0.0,0.0,0.0,0.0,0.0,1215676.31
11,2010-09-24,A,207499,77.36,2.624,214.9084516,7.346,False,0.0,0.0,0.0,0.0,0.0,1170103.25
11,2010-10-01,A,207499,75.11,2.603,214.9846548,7.564,False,0.0,0.0,0.0,0.0,0.0,1182490.46
11,2010-10-08,A,207499,68.71,2.633,215.060858,7.564,False,0.0,0.0,0.0,0.0,0.0,1293472.8
11,2010-10-15,A,207499,71.46,2.72,215.1293114,7.564,False,0.0,0.0,0.0,0.0,0.0,1175003.67
11,2010-10-22,A,207499,72.6,2.725,215.17839,7.564,False,0.0,0.0,0.0,0.0,0.0,1169831.38
11,2010-10-29,A,207499,74.21,2.716,215.2274686,7.564,False,0.0,0.0,0.0,0.0,0.0,1195036.0
11,2010-11-05,A,207499,64.41,2.689,215.2765472,7.564,False,0.0,0.0,0.0,0.0,0.0,1332759.13
11,2010-11-12,A,207499,63.74,2.728,215.3256258,7.564,False,0.0,0.0,0.0,0.0,0.0,1281675.6
11,2010-11-19,A,207499,58.63,2.771,215.2074519,7.564,False,0.0,0.0,0.0,0.0,0.0,1292346.57
11,2010-11-26,A,207499,69.9,2.735,215.0614025,7.564,True,0.0,0.0,0.0,0.0,0.0,1757242.51
11,2010-12-03,A,207499,55.9,2.708,214.9153531,7.564,False,0.0,0.0,0.0,0.0,0.0,1380522.64
11,2010-12-10,A,207499,53.33,2.843,214.7693037,7.564,False,0.0,0.0,0.0,0.0,0.0,1564516.43
11,2010-12-17,A,207499,54.63,2.869,214.704919,7.564,False,0.0,0.0,0.0,0.0,0.0,1843971.15
11,2010-12-24,A,207499,59.33,2.886,214.7017828,7.564,False,0.0,0.0,0.0,0.0,0.0,2306265.36
11,2010-12-31,A,207499,55.03,2.943,214.6986466,7.564,True,0.0,0.0,0.0,0.0,0.0,1172003.1
11,2011-01-07,A,207499,54.43,2.976,214.6955104,7.551,False,0.0,0.0,0.0,0.0,0.0,1178905.44
11,2011-01-14,A,207499,45.34,2.983,214.7470729,7.551,False,0.0,0.0,0.0,0.0,0.0,1194449.78
11,2011-01-21,A,207499,51.51,3.016,215.1268275,7.551,False,0.0,0.0,0.0,0.0,0.0,1187776.19
11,2011-01-28,A,207499,51.04,3.01,215.5065821,7.551,False,0.0,0.0,0.0,0.0,0.0,1100418.69
11,2011-02-04,A,207499,47.17,2.989,215.8863367,7.551,False,0.0,0.0,0.0,0.0,0.0,1422546.05
11,2011-02-11,A,207499,44.61,3.022,216.2660913,7.551,True,0.0,0.0,0.0,0.0,0.0,1419236.9
11,2011-02-18,A,207499,61.5,3.045,216.5843571,7.551,False,0.0,0.0,0.0,0.0,0.0,1554747.15
11,2011-02-25,A,207499,68.74,3.065,216.8780275,7.551,False,0.0,0.0,0.0,0.0,0.0,1323999.36
11,2011-03-04,A,207499,66.5,3.288,217.1716979,7.551,False,0.0,0.0,0.0,0.0,0.0,1399456.99
11,2011-03-11,A,207499,63.29,3.459,217.4653683,7.551,False,0.0,0.0,0.0,0.0,0.0,1314557.31
11,2011-03-18,A,207499,70.17,3.488,217.7235226,7.551,False,0.0,0.0,0.0,0.0,0.0,1391813.69
11,2011-03-25,A,207499,73.74,3.473,217.9674705,7.551,False,0.0,0.0,0.0,0.0,0.0,1229777.24
11,2011-04-01,A,207499,69.1,3.524,218.2114184,7.574,False,0.0,0.0,0.0,0.0,0.0,1258674.12
11,2011-04-08,A,207499,73.57,3.622,218.4553663,7.574,False,0.0,0.0,0.0,0.0,0.0,1327401.06
11,2011-04-15,A,207499,76.64,3.743,218.6788642,7.574,False,0.0,0.0,0.0,0.0,0.0,1312905.8
11,2011-04-22,A,207499,78.31,3.807,218.851237,7.574,False,0.0,0.0,0.0,0.0,0.0,1388118.53
11,2011-04-29,A,207499,79.97,3.81,219.0236099,7.574,False,0.0,0.0,0.0,0.0,0.0,1357589.89
11,2011-05-06,A,207499,71.39,3.906,219.1959827,7.574,False,0.0,0.0,0.0,0.0,0.0,1331453.41
11,2011-05-13,A,207499,80.93,3.899,219.3683556,7.574,False,0.0,0.0,0.0,0.0,0.0,1277959.42
11,2011-05-20,A,207499,76.97,3.907,219.127216,7.574,False,0.0,0.0,0.0,0.0,0.0,1239466.97
11,2011-05-27,A,207499,85.61,3.786,218.8860765,7.574,False,0.0,0.0,0.0,0.0,0.0,1216876.52
11,2011-06-03,A,207499,86.14,3.699,218.6449369,7.574,False,0.0,0.0,0.0,0.0,0.0,1343637.0
11,2011-06-10,A,207499,85.79,3.648,218.4037974,7.574,False,0.0,0.0,0.0,0.0,0.0,1314626.75
11,2011-06-17,A,207499,87.9,3.637,218.3551748,7.574,False,0.0,0.0,0.0,0.0,0.0,1337506.74
11,2011-06-24,A,207499,86.13,3.594,218.45094,7.574,False,0.0,0.0,0.0,0.0,0.0,1254587.84
11,2011-07-01,A,207499,86.43,3.524,218.5467052,7.567,False,0.0,0.0,0.0,0.0,0.0,1297472.06
11,2011-07-08,A,207499,87.17,3.48,218.6424704,7.567,False,0.0,0.0,0.0,0.0,0.0,1334627.96
11,2011-07-15,A,207499,88.3,3.575,218.7275216,7.567,False,0.0,0.0,0.0,0.0,0.0,1266546.73
11,2011-07-22,A,207499,87.8,3.651,218.7857881,7.567,False,0.0,0.0,0.0,0.0,0.0,1290576.44
11,2011-07-29,A,207499,89.46,3.682,218.8440545,7.567,False,0.0,0.0,0.0,0.0,0.0,1212938.67
11,2011-08-05,A,207499,90.04,3.684,218.9023209,7.567,False,0.0,0.0,0.0,0.0,0.0,1403198.94
11,2011-08-12,A,207499,90.3,3.638,218.9605873,7.567,False,0.0,0.0,0.0,0.0,0.0,1354188.43
11,2011-08-19,A,207499,89.51,3.554,219.023271,7.567,False,0.0,0.0,0.0,0.0,0.0,1484169.74
11,2011-08-26,A,207499,89.09,3.523,219.0866908,7.567,False,0.0,0.0,0.0,0.0,0.0,1304706.75
11,2011-09-02,A,207499,91.44,3.533,219.1501106,7.567,False,0.0,0.0,0.0,0.0,0.0,1297792.41
11,2011-09-09,A,207499,84.91,3.546,219.2135305,7.567,True,0.0,0.0,0.0,0.0,0.0,1249439.95
11,2011-09-16,A,207499,85.11,3.526,219.3972867,7.567,False,0.0,0.0,0.0,0.0,0.0,1270816.01
11,2011-09-23,A,207499,82.14,3.467,219.7414914,7.567,False,0.0,0.0,0.0,0.0,0.0,1235775.15
11,2011-09-30,A,207499,84.4,3.355,220.085696,7.567,False,0.0,0.0,0.0,0.0,0.0,1190515.83
11,2011-10-07,A,207499,76.97,3.285,220.4299007,7.197,False,0.0,0.0,0.0,0.0,0.0,1346271.06
11,2011-10-14,A,207499,75.56,3.274,220.7486167,7.197,False,0.0,0.0,0.0,0.0,0.0,1286388.96
11,2011-10-21,A,207499,70.91,3.353,220.9144005,7.197,False,0.0,0.0,0.0,0.0,0.0,1325107.53
11,2011-10-28,A,207499,72.66,3.372,221.0801842,7.197,False,0.0,0.0,0.0,0.0,0.0,1310684.1
11,2011-11-04,A,207499,61.13,3.332,221.245968,7.197,False,0.0,0.0,0.0,0.0,0.0,1458287.38
11,2011-11-11,A,207499,64.2,3.297,221.4117517,7.197,False,9134.39,10126.19,473.38,2206.22,6338.3,1366053.69
11,2011-11-18,A,207499,66.17,3.308,221.6432852,7.197,False,10941.05,222.94,263.1,404.05,8885.3,1315091.63
11,2011-11-25,A,207499,70.03,3.236,221.9011185,7.197,True,531.09,74.35,71081.98,3.0,1676.85,1848953.48
11,2011-12-02,A,207499,56.89,3.172,222.1589519,7.197,False,7019.2,97.47,2917.09,3648.95,28803.28,1399322.44
11,2011-12-09,A,207499,50.63,3.158,222.4167852,7.197,False,4923.89,36.0,525.03,2598.36,8696.45,1646655.94
11,2011-12-16,A,207499,59.69,3.159,222.6426418,7.197,False,1812.02,143.06,592.44,669.07,4900.25,1783910.06
11,2011-12-23,A,207499,54.29,3.112,222.8258628,7.197,False,515.57,11.23,964.31,0.0,3429.82,2213518.5
11,2011-12-30,A,207499,48.86,3.129,223.0090839,7.197,True,4241.32,58046.41,239.33,78.09,586.72,1352084.21
11,2012-01-06,A,207499,54.44,3.157,223.1923049,6.833,False,5107.29,32305.3,144.66,530.55,6004.19,1283885.55
11,2012-01-13,A,207499,53.1,3.261,223.3755259,6.833,False,7153.87,4831.34,39.14,590.68,8698.99,1264736.59
11,2012-01-20,A,207499,56.43,3.268,223.4700552,6.833,False,2421.89,1803.64,37.76,297.73,2282.23,1207303.29
11,2012-01-27,A,207499,58.36,3.29,223.5645845,6.833,False,708.33,1631.94,49.3,3.0,2116.1,1162675.85
11,2012-02-03,A,207499,60.24,3.36,223.6591137,6.833,False,50909.18,1957.49,137.23,37091.67,6418.36,1376732.18
11,2012-02-10,A,207499,52.23,3.409,223.753643,6.833,True,12424.72,4575.75,81.74,8932.68,6987.67,1574287.76
11,2012-02-17,A,207499,52.77,3.51,223.9170153,6.833,False,10256.46,9792.52,24.82,4060.54,2418.36,1569607.94
11,2012-02-24,A,207499,61.11,3.555,224.1320199,6.833,False,17546.88,7531.48,0.5,3698.03,12656.68,1379473.03
11,2012-03-02,A,207499,62.61,3.63,224.3470245,6.833,False,16404.25,1191.27,7.03,11524.7,4400.35,1438383.44
11,2012-03-09,A,207499,61.44,3.669,224.5620291,6.833,False,7634.94,379.04,3.5,1251.85,6147.5,1413382.76
11,2012-03-16,A,207499,64.21,3.734,224.7166953,6.833,False,7073.59,224.43,4.19,3164.68,2438.5,1441884.28
11,2012-03-23,A,207499,67.16,3.787,224.7909104,6.833,False,7359.11,297.23,2.04,558.46,3588.44,1300593.61
11,2012-03-30,A,207499,70.23,3.845,224.8651254,6.833,False,7438.04,190.98,1.0,1345.08,3504.0,1300104.03
11,2012-04-06,A,207499,74.19,3.891,224.9393405,6.664,False,10760.37,0.0,45.34,4048.21,5596.73,1596325.01
11,2012-04-13,A,207499,72.74,3.891,225.0135556,6.664,False,8906.38,4722.18,9.86,1412.83,2772.79,1472752.01
11,2012-04-20,A,207499,71.97,3.877,225.0689541,6.664,False,7906.21,68.22,1.44,393.55,4854.79,1315356.99
11,2012-04-27,A,207499,73.4,3.814,225.1243526,6.664,False,1824.41,1.41,1.48,0.0,5826.68,1236238.29
11,2012-05-04,A,207499,79.07,3.749,225.1797511,6.664,False,17975.32,0.0,160.84,9298.85,4109.98,1370251.22
11,2012-05-11,A,207499,75.13,3.688,225.2351496,6.664,False,15656.23,0.0,21.7,4600.43,3707.51,1300147.07
11,2012-05-18,A,207499,72.53,3.63,225.2512024,6.664,False,4622.9,0.0,9.22,479.55,4109.33,1352442.31
11,2012-05-25,A,207499,78.44,3.561,225.2515168,6.664,False,15143.06,0.0,984.13,2938.13,5495.44,1297335.87
11,2012-06-01,A,207499,81.67,3.501,225.2518313,6.664,False,8172.36,79.6,126.72,1785.38,4232.48,1361595.33
11,2012-06-08,A,207499,82.1,3.452,225.2521458,6.664,False,11984.13,191.4,78.65,2768.31,6358.77,1414343.53
11,2012-06-15,A,207499,84.97,3.393,225.2644795,6.664,False,7018.0,247.6,0.15,2876.5,4951.58,1417875.42
11,2012-06-22,A,207499,83.26,3.346,225.3068615,6.664,False,8329.88,278.6,1.98,1726.99,6103.42,1355680.3
11,2012-06-29,A,207499,87.86,3.286,225.3492435,6.664,False,4430.73,219.8,0.0,1799.43,6504.38,1297028.6
11,2012-07-06,A,207499,83.44,3.227,225.3916254,6.334,False,8324.1,125.6,88.73,6101.75,4603.06,1461129.94
11,2012-07-13,A,207499,82.46,3.256,225.4340074,6.334,False,7783.03,105.95,34.8,4778.55,2445.82,1320239.51
11,2012-07-20,A,207499,82.41,3.311,225.4438827,6.334,False,2874.78,140.22,44.95,3689.47,6187.32,1344483.81
11,2012-07-27,A,207499,85.43,3.407,225.4537579,6.334,False,2799.14,97.58,5.64,2364.95,1897.08,1272395.02
11,2012-08-03,A,207499,86.94,3.417,225.4636332,6.334,False,21974.47,173.58,25.5,22778.65,6172.69,1399341.07
11,2012-08-10,A,207499,86.21,3.494,225.4735085,6.334,False,16812.92,128.54,8.74,4764.33,4098.22,1388973.65
11,2012-08-17,A,207499,87.73,3.571,225.5558664,6.334,False,6844.78,209.26,0.04,1235.79,2254.08,1421307.2
11,2012-08-24,A,207499,83.17,3.62,225.6925864,6.334,False,3936.04,74.16,102.55,1673.59,4930.02,1409515.73
11,2012-08-31,A,207499,86.49,3.638,225.8293063,6.334,False,16650.73,120.0,45.0,7575.93,6689.78,1372872.35
11,2012-09-07,A,207499,85.17,3.73,225.9660263,6.334,True,14597.86,56.0,45.05,3235.27,2855.68,1304584.4
11,2012-09-14,A,207499,79.61,3.717,226.1122067,6.334,False,7571.95,32.98,19.52,707.47,8664.16,1267675.05
11,2012-09-21,A,207499,73.64,3.721,226.3151496,6.334,False,6267.79,159.46,12.0,838.95,9194.37,1326132.98
11,2012-09-28,A,207499,77.67,3.666,226.5180926,6.334,False,7694.84,51.91,5.2,1653.38,3211.84,1227430.73
11,2012-10-05,A,207499,73.37,3.617,226.7210356,6.034,False,5635.1,0.0,27.94,1754.56,5473.9,1422794.26
11,2012-10-12,A,207499,69.94,3.601,226.9239785,6.034,False,2345.03,0.0,22.95,271.93,13035.68,1311965.09
11,2012-10-19,A,207499,73.77,3.594,226.9688442,6.034,False,2344.65,0.0,153.97,409.53,2739.63,1232073.18
11,2012-10-26,A,207499,74.26,3.506,226.9873637,6.034,False,4115.64,147.27,153.0,1060.9,3936.2,1200729.45
12,2010-02-05,B,112238,49.47,2.962,126.4420645,13.975,False,0.0,0.0,0.0,0.0,0.0,1100046.37
12,2010-02-12,B,112238,47.87,2.946,126.4962581,13.975,True,0.0,0.0,0.0,0.0,0.0,1117863.33
12,2010-02-19,B,112238,54.83,2.915,126.5262857,13.975,False,0.0,0.0,0.0,0.0,0.0,1095421.65
12,2010-02-26,B,112238,50.23,2.825,126.5522857,13.975,False,0.0,0.0,0.0,0.0,0.0,1048617.17
12,2010-03-05,B,112238,53.77,2.987,126.5782857,13.975,False,0.0,0.0,0.0,0.0,0.0,1077018.27
12,2010-03-12,B,112238,50.11,2.925,126.6042857,13.975,False,0.0,0.0,0.0,0.0,0.0,985594.23
12,2010-03-19,B,112238,59.57,3.054,126.6066452,13.975,False,0.0,0.0,0.0,0.0,0.0,972088.34
12,2010-03-26,B,112238,60.06,3.083,126.6050645,13.975,False,0.0,0.0,0.0,0.0,0.0,981615.8099999999
12,2010-04-02,B,112238,59.84,3.086,126.6034839,14.099,False,0.0,0.0,0.0,0.0,0.0,1011822.3
12,2010-04-09,B,112238,59.25,3.09,126.6019032,14.099,False,0.0,0.0,0.0,0.0,0.0,1041238.87
12,2010-04-16,B,112238,64.95,3.109,126.5621,14.099,False,0.0,0.0,0.0,0.0,0.0,957997.52
12,2010-04-23,B,112238,64.55,3.05,126.4713333,14.099,False,0.0,0.0,0.0,0.0,0.0,993833.4400000001
12,2010-04-30,B,112238,67.38,3.105,126.3805667,14.099,False,0.0,0.0,0.0,0.0,0.0,954220.22
12,2010-05-07,B,112238,70.15,3.127,126.2898,14.099,False,0.0,0.0,0.0,0.0,0.0,1043240.27
12,2010-05-14,B,112238,68.44,3.145,126.2085484,14.099,False,0.0,0.0,0.0,0.0,0.0,966054.97
12,2010-05-21,B,112238,76.2,3.12,126.1843871,14.099,False,0.0,0.0,0.0,0.0,0.0,958374.5599999999
12,2010-05-28,B,112238,67.84,3.058,126.1602258,14.099,False,0.0,0.0,0.0,0.0,0.0,955451.16
12,2010-06-04,B,112238,81.39,2.941,126.1360645,14.099,False,0.0,0.0,0.0,0.0,0.0,1049357.36
12,2010-06-11,B,112238,90.84,2.949,126.1119032,14.099,False,0.0,0.0,0.0,0.0,0.0,1016039.71
12,2010-06-18,B,112238,81.06,3.043,126.114,14.099,False,0.0,0.0,0.0,0.0,0.0,956211.2
12,2010-06-25,B,112238,87.27,3.084,126.1266,14.099,False,0.0,0.0,0.0,0.0,0.0,958007.69
12,2010-07-02,B,112238,91.98,3.105,126.1392,14.18,False,0.0,0.0,0.0,0.0,0.0,951957.3099999999
12,2010-07-09,B,112238,90.37,3.1,126.1518,14.18,False,0.0,0.0,0.0,0.0,0.0,943506.28
12,2010-07-16,B,112238,97.18,3.094,126.1498065,14.18,False,0.0,0.0,0.0,0.0,0.0,916402.76
12,2010-07-23,B,112238,99.22,3.112,126.1283548,14.18,False,0.0,0.0,0.0,0.0,0.0,912403.67
12,2010-07-30,B,112238,96.31,3.017,126.1069032,14.18,False,0.0,0.0,0.0,0.0,0.0,913548.25
12,2010-08-06,B,112238,92.95,3.123,126.0854516,14.18,False,0.0,0.0,0.0,0.0,0.0,967576.95
12,2010-08-13,B,112238,87.01,3.159,126.064,14.18,False,0.0,0.0,0.0,0.0,0.0,928264.4
12,2010-08-20,B,112238,92.81,3.041,126.0766452,14.18,False,0.0,0.0,0.0,0.0,0.0,948447.34
12,2010-08-27,B,112238,93.19,3.129,126.0892903,14.18,False,0.0,0.0,0.0,0.0,0.0,1004516.46
12,2010-09-03,B,112238,83.12,3.087,126.1019355,14.18,False,0.0,0.0,0.0,0.0,0.0,1075758.55
12,2010-09-10,B,112238,83.63,3.044,126.1145806,14.18,True,0.0,0.0,0.0,0.0,0.0,903119.03
12,2010-09-17,B,112238,82.45,3.028,126.1454667,14.18,False,0.0,0.0,0.0,0.0,0.0,852882.61
12,2010-09-24,B,112238,81.77,2.939,126.1900333,14.18,False,0.0,0.0,0.0,0.0,0.0,851919.34
12,2010-10-01,B,112238,85.2,3.001,126.2346,14.313,False,0.0,0.0,0.0,0.0,0.0,850936.26
12,2010-10-08,B,112238,71.82,3.013,126.2791667,14.313,False,0.0,0.0,0.0,0.0,0.0,918335.68
12,2010-10-15,B,112238,75.0,2.976,126.3266774,14.313,False,0.0,0.0,0.0,0.0,0.0,862419.84
12,2010-10-22,B,112238,68.85,3.014,126.3815484,14.313,False,0.0,0.0,0.0,0.0,0.0,857883.46
12,2010-10-29,B,112238,61.09,3.016,126.4364194,14.313,False,0.0,0.0,0.0,0.0,0.0,955294.7
12,2010-11-05,B,112238,65.49,3.129,126.4912903,14.313,False,0.0,0.0,0.0,0.0,0.0,929690.7100000001
12,2010-11-12,B,112238,57.79,3.13,126.5461613,14.313,False,0.0,0.0,0.0,0.0,0.0,942475.24
12,2010-11-19,B,112238,58.18,3.161,126.6072,14.313,False,0.0,0.0,0.0,0.0,0.0,894493.7
12,2010-11-26,B,112238,47.66,3.162,126.6692667,14.313,True,0.0,0.0,0.0,0.0,0.0,1601377.41
12,2010-12-03,B,112238,43.33,3.041,126.7313333,14.313,False,0.0,0.0,0.0,0.0,0.0,1069533.17
12,2010-12-10,B,112238,50.01,3.203,126.7934,14.313,False,0.0,0.0,0.0,0.0,0.0,1121934.15
12,2010-12-17,B,112238,52.77,3.236,126.8794839,14.313,False,0.0,0.0,0.0,0.0,0.0,1295605.35
12,2010-12-24,B,112238,52.02,3.236,126.9835806,14.313,False,0.0,0.0,0.0,0.0,0.0,1768249.89
12,2010-12-31,B,112238,45.64,3.148,127.0876774,14.313,True,0.0,0.0,0.0,0.0,0.0,891736.91
12,2011-01-07,B,112238,37.64,3.287,127.1917742,14.021,False,0.0,0.0,0.0,0.0,0.0,910110.24
12,2011-01-14,B,112238,43.15,3.312,127.3009355,14.021,False,0.0,0.0,0.0,0.0,0.0,812011.8
12,2011-01-21,B,112238,53.53,3.223,127.4404839,14.021,False,0.0,0.0,0.0,0.0,0.0,802105.5
12,2011-01-28,B,112238,50.74,3.342,127.5800323,14.021,False,0.0,0.0,0.0,0.0,0.0,873119.06
12,2011-02-04,B,112238,45.14,3.348,127.7195806,14.021,False,0.0,0.0,0.0,0.0,0.0,1046068.17
12,2011-02-11,B,112238,51.3,3.381,127.859129,14.021,True,0.0,0.0,0.0,0.0,0.0,1086421.57
12,2011-02-18,B,112238,53.35,3.43,127.99525,14.021,False,0.0,0.0,0.0,0.0,0.0,1128485.1
12,2011-02-25,B,112238,48.45,3.53,128.13,14.021,False,0.0,0.0,0.0,0.0,0.0,1046203.72
12,2011-03-04,B,112238,51.72,3.674,128.26475,14.021,False,0.0,0.0,0.0,0.0,0.0,1085248.21
12,2011-03-11,B,112238,57.75,3.818,128.3995,14.021,False,0.0,0.0,0.0,0.0,0.0,997672.62
12,2011-03-18,B,112238,64.21,3.692,128.5121935,14.021,False,0.0,0.0,0.0,0.0,0.0,1009502.01
12,2011-03-25,B,112238,54.4,3.909,128.6160645,14.021,False,0.0,0.0,0.0,0.0,0.0,954107.3200000001
12,2011-04-01,B,112238,63.63,3.772,128.7199355,13.736,False,0.0,0.0,0.0,0.0,0.0,1005463.49
12,2011-04-08,B,112238,64.47,4.003,128.8238065,13.736,False,0.0,0.0,0.0,0.0,0.0,998362.05
12,2011-04-15,B,112238,57.63,3.868,128.9107333,13.736,False,0.0,0.0,0.0,0.0,0.0,990951.77
12,2011-04-22,B,112238,72.12,4.134,128.9553,13.736,False,0.0,0.0,0.0,0.0,0.0,1016019.47
12,2011-04-29,B,112238,68.27,4.151,128.9998667,13.736,False,0.0,0.0,0.0,0.0,0.0,994966.1
12,2011-05-06,B,112238,68.4,4.193,129.0444333,13.736,False,0.0,0.0,0.0,0.0,0.0,1021154.48
12,2011-05-13,B,112238,70.93,4.202,129.089,13.736,False,0.0,0.0,0.0,0.0,0.0,977033.5
12,2011-05-20,B,112238,66.59,4.169,129.0756774,13.736,False,0.0,0.0,0.0,0.0,0.0,924134.99
12,2011-05-27,B,112238,76.67,4.087,129.0623548,13.736,False,0.0,0.0,0.0,0.0,0.0,964332.51
12,2011-06-03,B,112238,71.81,4.031,129.0490323,13.736,False,0.0,0.0,0.0,0.0,0.0,970328.68
12,2011-06-10,B,112238,78.72,3.981,129.0357097,13.736,False,0.0,0.0,0.0,0.0,0.0,996937.95
12,2011-06-17,B,112238,86.84,3.935,129.0432,13.736,False,0.0,0.0,0.0,0.0,0.0,986504.93
12,2011-06-24,B,112238,88.95,3.898,129.0663,13.736,False,0.0,0.0,0.0,0.0,0.0,997282.75
12,2011-07-01,B,112238,89.85,3.842,129.0894,13.503,False,0.0,0.0,0.0,0.0,0.0,961993.34
12,2011-07-08,B,112238,89.9,3.705,129.1125,13.503,False,0.0,0.0,0.0,0.0,0.0,943717.38
12,2011-07-15,B,112238,88.1,3.692,129.1338387,13.503,False,0.0,0.0,0.0,0.0,0.0,936001.98
12,2011-07-22,B,112238,91.17,3.794,129.1507742,13.503,False,0.0,0.0,0.0,0.0,0.0,922231.92
12,2011-07-29,B,112238,93.29,3.805,129.1677097,13.503,False,0.0,0.0,0.0,0.0,0.0,890547.0700000001
12,2011-08-05,B,112238,90.61,3.803,129.1846452,13.503,False,0.0,0.0,0.0,0.0,0.0,988712.52
12,2011-08-12,B,112238,91.04,3.701,129.2015806,13.503,False,0.0,0.0,0.0,0.0,0.0,955913.6799999999
12,2011-08-19,B,112238,91.74,3.743,129.2405806,13.503,False,0.0,0.0,0.0,0.0,0.0,966817.24
12,2011-08-26,B,112238,94.61,3.74,129.2832581,13.503,False,0.0,0.0,0.0,0.0,0.0,1017593.47
12,2011-09-02,B,112238,93.66,3.798,129.3259355,13.503,False,0.0,0.0,0.0,0.0,0.0,1052051.45
12,2011-09-09,B,112238,88.0,3.913,129.3686129,13.503,True,0.0,0.0,0.0,0.0,0.0,922850.57
12,2011-09-16,B,112238,76.36,3.918,129.4306,13.503,False,0.0,0.0,0.0,0.0,0.0,889290.23
12,2011-09-23,B,112238,82.95,3.789,129.5183333,13.503,False,0.0,0.0,0.0,0.0,0.0,871692.74
12,2011-09-30,B,112238,83.26,3.877,129.6060667,13.503,False,0.0,0.0,0.0,0.0,0.0,866401.4500000001
12,2011-10-07,B,112238,70.44,3.827,129.6938,12.89,False,0.0,0.0,0.0,0.0,0.0,951244.66
12,2011-10-14,B,112238,67.31,3.805,129.7706452,12.89,False,0.0,0.0,0.0,0.0,0.0,927600.01
12,2011-10-21,B,112238,73.05,3.842,129.7821613,12.89,False,0.0,0.0,0.0,0.0,0.0,938604.58
12,2011-10-28,B,112238,67.41,3.727,129.7936774,12.89,False,0.0,0.0,0.0,0.0,0.0,990926.38
12,2011-11-04,B,112238,59.77,3.828,129.8051935,12.89,False,0.0,0.0,0.0,0.0,0.0,1051944.79
12,2011-11-11,B,112238,48.76,3.824,129.8167097,12.89,False,18049.87,7939.68,234.64,10463.07,5588.33,1095091.53
12,2011-11-18,B,112238,54.2,3.813,129.8268333,12.89,False,5957.36,343.22,84.93,2390.67,12934.62,970641.34
12,2011-11-25,B,112238,53.25,3.622,129.8364,12.89,True,5391.83,8.0,63143.29,49.27,2115.67,1591920.42
12,2011-12-02,B,112238,52.5,3.701,129.8459667,12.89,False,4868.73,0.0,2022.46,3768.45,18368.11,1071383.1
12,2011-12-09,B,112238,42.17,3.644,129.8555333,12.89,False,8374.63,15.85,573.92,5849.71,37581.27,1189646.45
12,2011-12-16,B,112238,43.29,3.6,129.8980645,12.89,False,4940.95,28.45,1038.3,1100.93,5243.21,1293404.18
12,2011-12-23,B,112238,45.4,3.541,129.9845484,12.89,False,1797.35,15.98,839.84,1375.84,17699.26,1617612.03
12,2011-12-30,B,112238,44.64,3.428,130.0710323,12.89,True,6982.02,58804.91,60.29,1268.21,3553.79,1111638.07
12,2012-01-06,B,112238,50.43,3.599,130.1575161,12.187,False,11181.59,33829.84,36.96,624.05,10152.27,945823.65
12,2012-01-13,B,112238,48.07,3.657,130.244,12.187,False,6935.5,23438.57,0.0,2289.8,9526.73,865467.86
12,2012-01-20,B,112238,46.2,3.66,130.2792258,12.187,False,4167.27,5161.57,5.84,2552.39,3854.53,855922.64
12,2012-01-27,B,112238,50.43,3.675,130.3144516,12.187,False,1201.31,631.79,0.0,104.69,1050.85,888203.69
12,2012-02-03,B,112238,50.58,3.702,130.3496774,12.187,False,60740.64,3779.65,43.08,48403.53,20348.16,1058767.95
12,2012-02-10,B,112238,52.27,3.722,130.3849032,12.187,True,20281.03,2551.32,14.99,10597.74,7457.16,1199330.85
12,2012-02-17,B,112238,51.8,3.781,130.4546207,12.187,False,17708.64,8549.74,2.88,14234.76,5960.69,1240048.85
12,2012-02-24,B,112238,53.13,3.95,130.5502069,12.187,False,12862.31,5681.93,2.0,2401.22,5131.37,1112034.72
12,2012-03-02,B,112238,52.27,4.178,130.6457931,12.187,False,15046.69,2131.62,12.84,4574.95,3428.27,1147636.96
12,2012-03-09,B,112238,54.54,4.25,130.7413793,12.187,False,8404.29,2192.75,3.91,1479.91,5882.51,1113208.57
12,2012-03-16,B,112238,64.44,4.273,130.8261935,12.187,False,9582.27,731.87,4.02,1589.97,2365.63,1088498.52
12,2012-03-23,B,112238,56.26,4.038,130.8966452,12.187,False,3865.96,1496.18,7.35,1951.11,1440.31,1045419.87
12,2012-03-30,B,112238,64.36,4.294,130.9670968,12.187,False,13644.08,115.67,8.34,1885.51,2291.86,1025382.22
12,2012-04-06,B,112238,64.05,4.121,131.0375484,11.627,False,11772.46,0.0,61.63,3885.06,4225.11,1128765.71
12,2012-04-13,B,112238,64.28,4.254,131.108,11.627,False,9681.11,2934.51,14.08,1944.35,3103.61,1083811.19
12,2012-04-20,B,112238,66.73,4.222,131.1173333,11.627,False,8679.29,1265.97,7.7,878.01,4358.86,1006486.96
12,2012-04-27,B,112238,77.99,4.193,131.1266667,11.627,False,2936.01,336.39,26.18,613.65,740.83,1004252.38
12,2012-05-04,B,112238,76.03,4.171,131.136,11.627,False,10073.64,0.0,76.29,1671.53,3721.62,1073433.69
12,2012-05-11,B,112238,77.27,4.186,131.1453333,11.627,False,13083.53,0.0,8.54,1378.68,2071.31,1041995.22
12,2012-05-18,B,112238,84.51,4.11,131.0983226,11.627,False,20882.5,0.0,3.73,9506.75,2091.67,1020486.0499999999
12,2012-05-25,B,112238,83.84,4.293,131.0287742,11.627,False,8220.32,0.0,373.92,2185.46,1825.94,991514.21
12,2012-06-01,B,112238,78.11,4.277,130.9592258,11.627,False,7512.07,0.0,43.71,3666.37,4109.01,981345.2
12,2012-06-08,B,112238,84.83,4.103,130.8896774,11.627,False,10421.58,93.2,160.4,2385.69,4837.21,1086231.47
12,2012-06-15,B,112238,85.94,4.144,130.8295333,11.627,False,15025.58,33.4,2.51,4573.57,2283.27,1019555.51
12,2012-06-22,B,112238,91.61,4.014,130.7929,11.627,False,10233.14,67.6,3.65,4693.44,3618.64,981386.25
12,2012-06-29,B,112238,90.47,3.875,130.7562667,11.627,False,7439.99,47.6,0.0,1330.36,4873.87,943124.74
12,2012-07-06,B,112238,89.13,3.765,130.7196333,10.926,False,10804.73,-0.6,3.33,5397.84,4395.03,1014898.78
12,2012-07-13,B,112238,95.61,3.723,130.683,10.926,False,8699.07,20.0,0.06,5542.53,2781.14,960312.75
12,2012-07-20,B,112238,85.53,3.726,130.7012903,10.926,False,5799.0,59.68,37.56,5292.33,3376.66,941550.34
12,2012-07-27,B,112238,93.47,3.769,130.7195806,10.926,False,8217.72,41.28,2.31,9211.05,5507.68,916967.9199999999
12,2012-08-03,B,112238,88.16,3.76,130.737871,10.926,False,41059.39,69.7,45.73,22802.96,2743.18,958667.23
12,2012-08-10,B,112238,95.91,3.811,130.7561613,10.926,False,10844.78,79.4,38.62,6513.42,2756.59,984689.9
12,2012-08-17,B,112238,94.87,4.002,130.7909677,10.926,False,7487.95,25.5,6.6,5107.54,4876.34,1005003.12
12,2012-08-24,B,112238,85.32,4.055,130.8381613,10.926,False,10712.3,86.08,70.0,7981.57,3515.91,1048101.39
12,2012-08-31,B,112238,89.78,4.093,130.8853548,10.926,False,30055.26,13.2,116.87,11860.18,3746.24,1061943.49
12,2012-09-07,B,112238,88.52,4.124,130.9325484,10.926,True,17640.02,84.0,46.18,3202.21,2634.17,955146.04
12,2012-09-14,B,112238,83.64,4.133,130.9776667,10.926,False,6928.05,0.0,19.56,863.95,5776.08,885892.37
12,2012-09-21,B,112238,82.97,4.125,131.0103333,10.926,False,11918.13,156.82,388.52,3290.61,7953.53,922735.37
12,2012-09-28,B,112238,81.22,3.966,131.043,10.926,False,3068.35,27.82,0.22,1307.43,3605.14,880415.67
12,2012-10-05,B,112238,81.61,3.966,131.0756667,10.199,False,8953.66,0.0,44.83,7731.09,3269.62,979825.9199999999
12,2012-10-12,B,112238,71.74,4.468,131.1083333,10.199,False,1986.92,0.0,16.75,910.5,4225.2,934917.47
12,2012-10-19,B,112238,68.66,4.449,131.1499677,10.199,False,1810.87,0.0,8.48,640.64,2250.86,960945.4299999999
12,2012-10-26,B,112238,65.95,4.301,131.1930968,10.199,False,13749.1,104.54,56.0,2402.63,4813.93,974697.6
13,2010-02-05,A,219622,31.53,2.666,126.4420645,8.316,False,0.0,0.0,0.0,0.0,0.0,1967220.53
13,2010-02-12,A,219622,33.16,2.671,126.4962581,8.316,True,0.0,0.0,0.0,0.0,0.0,2030933.46
13,2010-02-19,A,219622,35.7,2.654,126.5262857,8.316,False,0.0,0.0,0.0,0.0,0.0,1970274.64
13,2010-02-26,A,219622,29.98,2.667,126.5522857,8.316,False,0.0,0.0,0.0,0.0,0.0,1817850.32
13,2010-03-05,A,219622,40.65,2.681,126.5782857,8.316,False,0.0,0.0,0.0,0.0,0.0,1939980.43
13,2010-03-12,A,219622,37.62,2.733,126.6042857,8.316,False,0.0,0.0,0.0,0.0,0.0,1840686.94
13,2010-03-19,A,219622,42.49,2.782,126.6066452,8.316,False,0.0,0.0,0.0,0.0,0.0,1879794.8900000001
13,2010-03-26,A,219622,41.48,2.819,126.6050645,8.316,False,0.0,0.0,0.0,0.0,0.0,1882095.98
13,2010-04-02,A,219622,42.15,2.842,126.6034839,8.107,False,0.0,0.0,0.0,0.0,0.0,2142482.14
13,2010-04-09,A,219622,38.97,2.877,126.6019032,8.107,False,0.0,0.0,0.0,0.0,0.0,1898321.3299999998
13,2010-04-16,A,219622,50.39,2.915,126.5621,8.107,False,0.0,0.0,0.0,0.0,0.0,1819660.44
13,2010-04-23,A,219622,55.66,2.936,126.4713333,8.107,False,0.0,0.0,0.0,0.0,0.0,1909330.77
13,2010-04-30,A,219622,48.33,2.941,126.3805667,8.107,False,0.0,0.0,0.0,0.0,0.0,1785823.3699999999
13,2010-05-07,A,219622,44.42,2.948,126.2898,8.107,False,0.0,0.0,0.0,0.0,0.0,2005478.46
13,2010-05-14,A,219622,50.15,2.962,126.2085484,8.107,False,0.0,0.0,0.0,0.0,0.0,1890273.44
13,2010-05-21,A,219622,57.71,2.95,126.1843871,8.107,False,0.0,0.0,0.0,0.0,0.0,1853657.5999999999
13,2010-05-28,A,219622,53.11,2.908,126.1602258,8.107,False,0.0,0.0,0.0,0.0,0.0,1877358.86
13,2010-06-04,A,219622,59.85,2.871,126.1360645,8.107,False,0.0,0.0,0.0,0.0,0.0,2022705.22
13,2010-06-11,A,219622,65.24,2.841,126.1119032,8.107,False,0.0,0.0,0.0,0.0,0.0,2037880.96
13,2010-06-18,A,219622,58.41,2.819,126.114,8.107,False,0.0,0.0,0.0,0.0,0.0,2003435.31
13,2010-06-25,A,219622,71.83,2.82,126.1266,8.107,False,0.0,0.0,0.0,0.0,0.0,1970340.25
13,2010-07-02,A,219622,78.82,2.814,126.1392,7.951,False,0.0,0.0,0.0,0.0,0.0,2018314.71
13,2010-07-09,A,219622,71.33,2.802,126.1518,7.951,False,0.0,0.0,0.0,0.0,0.0,1870843.9
13,2010-07-16,A,219622,77.79,2.791,126.1498065,7.951,False,0.0,0.0,0.0,0.0,0.0,1932231.05
13,2010-07-23,A,219622,82.27,2.797,126.1283548,7.951,False,0.0,0.0,0.0,0.0,0.0,1907351.2
13,2010-07-30,A,219622,78.94,2.797,126.1069032,7.951,False,0.0,0.0,0.0,0.0,0.0,1817887.23
13,2010-08-06,A,219622,81.24,2.802,126.0854516,7.951,False,0.0,0.0,0.0,0.0,0.0,1969121.45
13,2010-08-13,A,219622,74.93,2.837,126.064,7.951,False,0.0,0.0,0.0,0.0,0.0,1877592.55
13,2010-08-20,A,219622,76.34,2.85,126.0766452,7.951,False,0.0,0.0,0.0,0.0,0.0,1997397.6300000001
13,2010-08-27,A,219622,75.31,2.854,126.0892903,7.951,False,0.0,0.0,0.0,0.0,0.0,1908278.27
13,2010-09-03,A,219622,65.71,2.868,126.1019355,7.951,False,0.0,0.0,0.0,0.0,0.0,1911852.58
13,2010-09-10,A,219622,65.74,2.87,126.1145806,7.951,True,0.0,0.0,0.0,0.0,0.0,1772143.94
13,2010-09-17,A,219622,66.84,2.875,126.1454667,7.951,False,0.0,0.0,0.0,0.0,0.0,1790279.74
13,2010-09-24,A,219622,68.22,2.872,126.1900333,7.951,False,0.0,0.0,0.0,0.0,0.0,1705655.09
13,2010-10-01,A,219622,68.74,2.853,126.2346,7.795,False,0.0,0.0,0.0,0.0,0.0,1765584.48
13,2010-10-08,A,219622,63.03,2.841,126.2791667,7.795,False,0.0,0.0,0.0,0.0,0.0,1871924.07
13,2010-10-15,A,219622,54.12,2.845,126.3266774,7.795,False,0.0,0.0,0.0,0.0,0.0,1851431.06
13,2010-10-22,A,219622,56.89,2.849,126.3815484,7.795,False,0.0,0.0,0.0,0.0,0.0,1796949.59
13,2010-10-29,A,219622,45.12,2.841,126.4364194,7.795,False,0.0,0.0,0.0,0.0,0.0,1887895.07
13,2010-11-05,A,219622,49.96,2.831,126.4912903,7.795,False,0.0,0.0,0.0,0.0,0.0,1854967.66
13,2010-11-12,A,219622,42.55,2.831,126.5461613,7.795,False,0.0,0.0,0.0,0.0,0.0,1939964.6300000001
13,2010-11-19,A,219622,42.0,2.842,126.6072,7.795,False,0.0,0.0,0.0,0.0,0.0,1925393.91
13,2010-11-26,A,219622,28.22,2.83,126.6692667,7.795,True,0.0,0.0,0.0,0.0,0.0,2766400.05
13,2010-12-03,A,219622,25.8,2.812,126.7313333,7.795,False,0.0,0.0,0.0,0.0,0.0,2083379.8900000001
13,2010-12-10,A,219622,36.78,2.817,126.7934,7.795,False,0.0,0.0,0.0,0.0,0.0,2461468.35
13,2010-12-17,A,219622,35.21,2.842,126.8794839,7.795,False,0.0,0.0,0.0,0.0,0.0,2771646.81
13,2010-12-24,A,219622,34.9,2.846,126.9835806,7.795,False,0.0,0.0,0.0,0.0,0.0,3595903.2
13,2010-12-31,A,219622,26.79,2.868,127.0876774,7.795,True,0.0,0.0,0.0,0.0,0.0,1675292.0
13,2011-01-07,A,219622,16.94,2.891,127.1917742,7.47,False,0.0,0.0,0.0,0.0,0.0,1744544.39
13,2011-01-14,A,219622,20.6,2.903,127.3009355,7.47,False,0.0,0.0,0.0,0.0,0.0,1682316.31
13,2011-01-21,A,219622,34.8,2.934,127.4404839,7.47,False,0.0,0.0,0.0,0.0,0.0,1770177.37
13,2011-01-28,A,219622,31.64,2.96,127.5800323,7.47,False,0.0,0.0,0.0,0.0,0.0,1633663.12
13,2011-02-04,A,219622,23.35,2.974,127.7195806,7.47,False,0.0,0.0,0.0,0.0,0.0,1848186.58
13,2011-02-11,A,219622,30.83,3.034,127.859129,7.47,True,0.0,0.0,0.0,0.0,0.0,1944438.9
13,2011-02-18,A,219622,40.85,3.062,127.99525,7.47,False,0.0,0.0,0.0,0.0,0.0,2003480.59
13,2011-02-25,A,219622,33.17,3.12,128.13,7.47,False,0.0,0.0,0.0,0.0,0.0,1831933.95
13,2011-03-04,A,219622,34.23,3.23,128.26475,7.47,False,0.0,0.0,0.0,0.0,0.0,1894960.68
13,2011-03-11,A,219622,41.28,3.346,128.3995,7.47,False,0.0,0.0,0.0,0.0,0.0,1852432.58
13,2011-03-18,A,219622,44.69,3.407,128.5121935,7.47,False,0.0,0.0,0.0,0.0,0.0,1852443.78
13,2011-03-25,A,219622,42.38,3.435,128.6160645,7.47,False,0.0,0.0,0.0,0.0,0.0,1807545.43
13,2011-04-01,A,219622,42.49,3.487,128.7199355,7.193,False,0.0,0.0,0.0,0.0,0.0,1864238.64
13,2011-04-08,A,219622,42.75,3.547,128.8238065,7.193,False,0.0,0.0,0.0,0.0,0.0,1887465.04
13,2011-04-15,A,219622,41.72,3.616,128.9107333,7.193,False,0.0,0.0,0.0,0.0,0.0,1950994.04
13,2011-04-22,A,219622,47.55,3.655,128.9553,7.193,False,0.0,0.0,0.0,0.0,0.0,2124316.34
13,2011-04-29,A,219622,43.85,3.683,128.9998667,7.193,False,0.0,0.0,0.0,0.0,0.0,1895583.12
13,2011-05-06,A,219622,47.75,3.744,129.0444333,7.193,False,0.0,0.0,0.0,0.0,0.0,1986380.4
13,2011-05-13,A,219622,52.4,3.77,129.089,7.193,False,0.0,0.0,0.0,0.0,0.0,1958823.56
13,2011-05-20,A,219622,52.12,3.802,129.0756774,7.193,False,0.0,0.0,0.0,0.0,0.0,1860923.55
13,2011-05-27,A,219622,54.62,3.778,129.0623548,7.193,False,0.0,0.0,0.0,0.0,0.0,1866369.93
13,2011-06-03,A,219622,52.76,3.752,129.0490323,7.193,False,0.0,0.0,0.0,0.0,0.0,1935593.87
13,2011-06-10,A,219622,61.39,3.732,129.0357097,7.193,False,0.0,0.0,0.0,0.0,0.0,1997816.98
13,2011-06-17,A,219622,63.35,3.704,129.0432,7.193,False,0.0,0.0,0.0,0.0,0.0,2086433.49
13,2011-06-24,A,219622,66.38,3.668,129.0663,7.193,False,0.0,0.0,0.0,0.0,0.0,2009163.08
13,2011-07-01,A,219622,74.29,3.613,129.0894,6.877,False,0.0,0.0,0.0,0.0,0.0,2048035.74
13,2011-07-08,A,219622,77.3,3.563,129.1125,6.877,False,0.0,0.0,0.0,0.0,0.0,2021699.38
13,2011-07-15,A,219622,75.59,3.553,129.1338387,6.877,False,0.0,0.0,0.0,0.0,0.0,1956813.31
13,2011-07-22,A,219622,78.5,3.563,129.1507742,6.877,False,0.0,0.0,0.0,0.0,0.0,1987089.36
13,2011-07-29,A,219622,77.62,3.574,129.1677097,6.877,False,0.0,0.0,0.0,0.0,0.0,1880785.69
13,2011-08-05,A,219622,75.56,3.595,129.1846452,6.877,False,0.0,0.0,0.0,0.0,0.0,2076231.8
13,2011-08-12,A,219622,75.95,3.606,129.2015806,6.877,False,0.0,0.0,0.0,0.0,0.0,1970341.38
13,2011-08-19,A,219622,76.68,3.578,129.2405806,6.877,False,0.0,0.0,0.0,0.0,0.0,2090340.98
13,2011-08-26,A,219622,81.53,3.57,129.2832581,6.877,False,0.0,0.0,0.0,0.0,0.0,2035244.54
13,2011-09-02,A,219622,77.0,3.58,129.3259355,6.877,False,0.0,0.0,0.0,0.0,0.0,1953628.82
13,2011-09-09,A,219622,70.19,3.619,129.3686129,6.877,True,0.0,0.0,0.0,0.0,0.0,1872921.31
13,2011-09-16,A,219622,67.54,3.641,129.4306,6.877,False,0.0,0.0,0.0,0.0,0.0,1923223.82
13,2011-09-23,A,219622,63.6,3.648,129.5183333,6.877,False,0.0,0.0,0.0,0.0,0.0,1847430.96
13,2011-09-30,A,219622,68.28,3.623,129.6060667,6.877,False,0.0,0.0,0.0,0.0,0.0,1835662.69
13,2011-10-07,A,219622,60.62,3.592,129.6938,6.392,False,0.0,0.0,0.0,0.0,0.0,2067232.56
13,2011-10-14,A,219622,51.74,3.567,129.7706452,6.392,False,0.0,0.0,0.0,0.0,0.0,1929659.07
13,2011-10-21,A,219622,54.66,3.579,129.7821613,6.392,False,0.0,0.0,0.0,0.0,0.0,1973544.27
13,2011-10-28,A,219622,47.41,3.567,129.7936774,6.392,False,0.0,0.0,0.0,0.0,0.0,1948733.81
13,2011-11-04,A,219622,43.51,3.538,129.8051935,6.392,False,0.0,0.0,0.0,0.0,0.0,2036317.54
13,2011-11-11,A,219622,33.8,3.513,129.8167097,6.392,False,31400.97,30876.79,645.07,4407.38,7740.27,2111592.09
13,2011-11-18,A,219622,40.65,3.489,129.8268333,6.392,False,11003.75,1090.92,89.88,1201.3,10231.67,2016323.51
13,2011-11-25,A,219622,38.89,3.445,129.8364,6.392,True,1282.42,548.1,109030.75,146.33,3557.67,2864170.61
13,2011-12-02,A,219622,33.94,3.389,129.8459667,6.392,False,7945.42,56.0,25126.9,5550.87,31844.2,2051315.66
13,2011-12-09,A,219622,24.82,3.341,129.8555333,6.392,False,5924.71,56.0,577.59,1778.83,20371.02,2462779.06
13,2011-12-16,A,219622,27.85,3.282,129.8980645,6.392,False,3272.56,556.15,959.55,424.43,5933.01,2760346.71
13,2011-12-23,A,219622,24.76,3.186,129.9845484,6.392,False,686.24,193.26,2971.53,239.78,3567.03,3556766.03
13,2011-12-30,A,219622,31.53,3.119,130.0710323,6.392,True,5970.81,89121.94,406.4,1772.02,3645.0,1969056.91
13,2012-01-06,A,219622,33.8,3.08,130.1575161,6.104,False,6809.96,37106.52,179.77,1922.55,7481.58,1865752.78
13,2012-01-13,A,219622,25.61,3.056,130.244,6.104,False,3627.07,14887.88,119.93,798.48,4668.82,1794962.64
13,2012-01-20,A,219622,32.71,3.047,130.2792258,6.104,False,3150.56,6765.52,87.63,1196.17,3136.96,1811606.21
13,2012-01-27,A,219622,34.32,3.058,130.3144516,6.104,False,3743.0,3744.31,108.46,253.99,3511.82,1733983.09
13,2012-02-03,A,219622,31.39,3.077,130.3496774,6.104,False,53423.29,5822.12,282.08,57817.56,9654.23,1927780.74
13,2012-02-10,A,219622,33.73,3.116,130.3849032,6.104,True,9264.48,8292.73,179.72,18849.21,9083.54,2069284.57
13,2012-02-17,A,219622,36.57,3.119,130.4546207,6.104,False,21621.16,16497.47,25.52,13643.83,14660.97,2214477.06
13,2012-02-24,A,219622,35.38,3.145,130.5502069,6.104,False,16404.54,12013.87,3.4,2584.12,5126.53,1929768.03
13,2012-03-02,A,219622,32.36,3.242,130.6457931,6.104,False,25204.67,2436.75,167.88,16066.76,7289.69,1969742.76
13,2012-03-09,A,219622,38.24,3.38,130.7413793,6.104,False,9173.97,339.05,9.44,1300.75,7479.12,1986445.65
13,2012-03-16,A,219622,52.5,3.529,130.8261935,6.104,False,8901.34,637.7,3.85,6169.81,2446.53,2025582.6199999999
13,2012-03-23,A,219622,47.83,3.671,130.8966452,6.104,False,3489.61,75.36,2.52,827.19,3427.9,1904421.74
13,2012-03-30,A,219622,53.2,3.734,130.9670968,6.104,False,10556.61,43.54,15.84,1116.83,8179.03,1948982.7
13,2012-04-06,A,219622,48.85,3.793,131.0375484,5.965,False,9249.62,0.0,59.94,3969.24,6016.86,2271614.76
13,2012-04-13,A,219622,51.7,3.833,131.108,5.965,False,7419.44,19610.52,54.65,3021.51,3374.9,2057637.8599999999
13,2012-04-20,A,219622,50.24,3.845,131.1173333,5.965,False,22464.84,8216.22,70.45,1561.38,7307.24,1955689.12
13,2012-04-27,A,219622,64.8,3.842,131.1266667,5.965,False,4626.7,0.11,67.16,104.18,3280.73,1970121.65
13,2012-05-04,A,219622,54.41,3.831,131.136,5.965,False,15589.85,0.0,337.47,7557.14,5025.28,1995994.51
13,2012-05-11,A,219622,56.47,3.809,131.1453333,5.965,False,14566.92,86.0,60.34,6009.18,4224.91,2080764.17
13,2012-05-18,A,219622,65.17,3.808,131.0983226,5.965,False,7623.14,0.0,86.99,2583.46,3312.67,2131900.55
13,2012-05-25,A,219622,62.39,3.801,131.0287742,5.965,False,7282.07,0.0,416.15,1048.83,7293.87,2043349.41
13,2012-06-01,A,219622,61.11,3.788,130.9592258,5.965,False,8868.86,123.0,37.87,3793.73,6276.31,2035431.39
13,2012-06-08,A,219622,68.4,3.776,130.8896774,5.965,False,12461.96,406.6,254.19,1450.62,8952.93,2182437.9
13,2012-06-15,A,219622,65.97,3.756,130.8295333,5.965,False,8819.8,416.5,0.22,3496.08,6331.52,2152229.11
13,2012-06-22,A,219622,72.89,3.737,130.7929,5.965,False,9298.46,565.14,1.79,4025.82,8626.51,2094373.0
13,2012-06-29,A,219622,82.0,3.681,130.7562667,5.965,False,4768.5,446.92,0.0,743.34,4076.02,2037663.71
13,2012-07-06,A,219622,79.23,3.63,130.7196333,5.765,False,14357.07,337.7,89.85,8820.75,5507.25,2184980.35
13,2012-07-13,A,219622,83.68,3.595,130.683,5.765,False,6330.74,220.42,1.17,4033.74,4225.77,2002750.99
13,2012-07-20,A,219622,75.69,3.556,130.7012903,5.765,False,6060.59,133.34,35.23,1518.75,6675.69,2053089.32
13,2012-07-27,A,219622,80.42,3.537,130.7195806,5.765,False,6699.6,96.56,5.2,8723.87,6650.26,1914430.53
13,2012-08-03,A,219622,81.99,3.512,130.737871,5.765,False,48280.91,73.92,98.64,13485.99,7765.27,2044148.23
13,2012-08-10,A,219622,81.69,3.509,130.7561613,5.765,False,6249.06,70.38,51.09,3258.43,7070.04,2041019.92
13,2012-08-17,A,219622,79.4,3.545,130.7909677,5.765,False,5063.08,6.76,40.96,2344.61,5594.85,2095769.18
13,2012-08-24,A,219622,77.37,3.582,130.8381613,5.765,False,9360.8,71.92,179.51,8290.49,6291.99,2059458.25
13,2012-08-31,A,219622,79.18,3.624,130.8853548,5.765,False,21327.53,50.44,88.44,9444.6,3872.19,2073855.42
13,2012-09-07,A,219622,70.65,3.689,130.9325484,5.765,True,17452.15,18.74,69.23,4472.17,5180.78,2165796.31
13,2012-09-14,A,219622,68.55,3.749,130.9776667,5.765,False,13208.43,0.0,28.06,1300.16,10484.98,1919917.03
13,2012-09-21,A,219622,67.96,3.821,131.0103333,5.765,False,10671.71,141.83,46.0,2465.37,12372.29,1938379.66
13,2012-09-28,A,219622,64.8,3.821,131.043,5.765,False,5197.64,63.1,2.6,3022.73,9779.77,1927664.1099999999
13,2012-10-05,A,219622,61.79,3.815,131.0756667,5.621,False,6607.14,0.0,50.6,3943.91,7700.91,2041918.74
13,2012-10-12,A,219622,55.1,3.797,131.1083333,5.621,False,1927.15,0.0,9.72,518.97,11269.24,1999079.44
13,2012-10-19,A,219622,52.06,3.781,131.1499677,5.621,False,2753.9,0.0,8.84,775.96,6978.9,2018010.15
13,2012-10-26,A,219622,46.97,3.755,131.1930968,5.621,False,10192.49,364.57,150.0,1714.15,5563.92,2035189.6600000001
14,2010-02-05,A,200898,27.31,2.784,181.8711898,8.992,False,0.0,0.0,0.0,0.0,0.0,2623469.9499999997
14,2010-02-12,A,200898,27.73,2.773,181.982317,8.992,True,0.0,0.0,0.0,0.0,0.0,1704218.84
14,2010-02-19,A,200898,31.27,2.745,182.0347816,8.992,False,0.0,0.0,0.0,0.0,0.0,2204556.7
14,2010-02-26,A,200898,34.89,2.754,182.0774691,8.992,False,0.0,0.0,0.0,0.0,0.0,2095591.63
14,2010-03-05,A,200898,37.13,2.777,182.1201566,8.992,False,0.0,0.0,0.0,0.0,0.0,2237544.75
14,2010-03-12,A,200898,45.8,2.818,182.1628441,8.992,False,0.0,0.0,0.0,0.0,0.0,2156035.06
14,2010-03-19,A,200898,48.79,2.844,182.0779857,8.992,False,0.0,0.0,0.0,0.0,0.0,2066219.3
14,2010-03-26,A,200898,54.36,2.854,181.9718697,8.992,False,0.0,0.0,0.0,0.0,0.0,2050396.27
14,2010-04-02,A,200898,47.74,2.85,181.8657537,8.899,False,0.0,0.0,0.0,0.0,0.0,2495630.5100000002
14,2010-04-09,A,200898,65.45,2.869,181.7596377,8.899,False,0.0,0.0,0.0,0.0,0.0,2258781.2800000003
14,2010-04-16,A,200898,54.28,2.899,181.6924769,8.899,False,0.0,0.0,0.0,0.0,0.0,2121788.61
14,2010-04-23,A,200898,53.47,2.902,181.6772564,8.899,False,0.0,0.0,0.0,0.0,0.0,2138144.91
14,2010-04-30,A,200898,53.15,2.921,181.6620359,8.899,False,0.0,0.0,0.0,0.0,0.0,2082355.12
14,2010-05-07,A,200898,70.75,2.966,181.6468154,8.899,False,0.0,0.0,0.0,0.0,0.0,2370116.52
14,2010-05-14,A,200898,54.26,2.982,181.6612792,8.899,False,0.0,0.0,0.0,0.0,0.0,2129771.13
14,2010-05-21,A,200898,62.62,2.958,181.8538486,8.899,False,0.0,0.0,0.0,0.0,0.0,2108187.1
14,2010-05-28,A,200898,69.27,2.899,182.0464181,8.899,False,0.0,0.0,0.0,0.0,0.0,2227152.16
14,2010-06-04,A,200898,75.93,2.847,182.2389876,8.899,False,0.0,0.0,0.0,0.0,0.0,2363601.47
14,2010-06-11,A,200898,69.71,2.809,182.4315571,8.899,False,0.0,0.0,0.0,0.0,0.0,2249570.04
14,2010-06-18,A,200898,72.62,2.78,182.4424199,8.899,False,0.0,0.0,0.0,0.0,0.0,2248645.59
14,2010-06-25,A,200898,79.32,2.808,182.3806,8.899,False,0.0,0.0,0.0,0.0,0.0,2246179.91
14,2010-07-02,A,200898,76.61,2.815,182.3187801,8.743,False,0.0,0.0,0.0,0.0,0.0,2334788.42
14,2010-07-09,A,200898,82.45,2.793,182.2569603,8.743,False,0.0,0.0,0.0,0.0,0.0,2236209.13
14,2010-07-16,A,200898,77.84,2.783,182.2604411,8.743,False,0.0,0.0,0.0,0.0,0.0,2130287.27
14,2010-07-23,A,200898,81.46,2.771,182.3509895,8.743,False,0.0,0.0,0.0,0.0,0.0,2044155.39
14,2010-07-30,A,200898,79.78,2.781,182.4415378,8.743,False,0.0,0.0,0.0,0.0,0.0,2054843.28
14,2010-08-06,A,200898,77.17,2.784,182.5320862,8.743,False,0.0,0.0,0.0,0.0,0.0,2219813.5
14,2010-08-13,A,200898,78.44,2.805,182.6226346,8.743,False,0.0,0.0,0.0,0.0,0.0,2052984.81
14,2010-08-20,A,200898,76.01,2.779,182.6165205,8.743,False,0.0,0.0,0.0,0.0,0.0,2057138.31
14,2010-08-27,A,200898,71.36,2.755,182.6104063,8.743,False,0.0,0.0,0.0,0.0,0.0,2020332.07
14,2010-09-03,A,200898,78.37,2.715,182.6042922,8.743,False,0.0,0.0,0.0,0.0,0.0,2182563.66
14,2010-09-10,A,200898,70.87,2.699,182.598178,8.743,True,0.0,0.0,0.0,0.0,0.0,2191767.7600000002
14,2010-09-17,A,200898,66.55,2.706,182.622509,8.743,False,0.0,0.0,0.0,0.0,0.0,1953539.85
14,2010-09-24,A,200898,68.59,2.713,182.6696737,8.743,False,0.0,0.0,0.0,0.0,0.0,1879891.13
14,2010-10-01,A,200898,70.58,2.707,182.7168385,8.724,False,0.0,0.0,0.0,0.0,0.0,1855703.66
14,2010-10-08,A,200898,56.49,2.764,182.7640032,8.724,False,0.0,0.0,0.0,0.0,0.0,2091663.2
14,2010-10-15,A,200898,58.61,2.868,182.8106203,8.724,False,0.0,0.0,0.0,0.0,0.0,1932162.63
14,2010-10-22,A,200898,53.15,2.917,182.8558685,8.724,False,0.0,0.0,0.0,0.0,0.0,1936621.09
14,2010-10-29,A,200898,61.3,2.921,182.9011166,8.724,False,0.0,0.0,0.0,0.0,0.0,1984768.34
14,2010-11-05,A,200898,45.65,2.917,182.9463648,8.724,False,0.0,0.0,0.0,0.0,0.0,2078417.47
14,2010-11-12,A,200898,46.14,2.931,182.9916129,8.724,False,0.0,0.0,0.0,0.0,0.0,2092189.06
14,2010-11-19,A,200898,50.02,3.0,182.8989385,8.724,False,0.0,0.0,0.0,0.0,0.0,1968462.58
14,2010-11-26,A,200898,46.15,3.039,182.7832769,8.724,True,0.0,0.0,0.0,0.0,0.0,2921709.71
14,2010-12-03,A,200898,40.93,3.046,182.6676154,8.724,False,0.0,0.0,0.0,0.0,0.0,2258489.63
14,2010-12-10,A,200898,30.54,3.109,182.5519538,8.724,False,0.0,0.0,0.0,0.0,0.0,2600519.26
14,2010-12-17,A,200898,30.51,3.14,182.517732,8.724,False,0.0,0.0,0.0,0.0,0.0,2762861.41
14,2010-12-24,A,200898,30.59,3.141,182.54459,8.724,False,0.0,0.0,0.0,0.0,0.0,3818686.45
14,2010-12-31,A,200898,29.67,3.179,182.5714479,8.724,True,0.0,0.0,0.0,0.0,0.0,1623716.46
14,2011-01-07,A,200898,34.32,3.193,182.5983058,8.549,False,0.0,0.0,0.0,0.0,0.0,1864746.1
14,2011-01-14,A,200898,24.78,3.205,182.6585782,8.549,False,0.0,0.0,0.0,0.0,0.0,1699095.9
14,2011-01-21,A,200898,30.55,3.229,182.9193368,8.549,False,0.0,0.0,0.0,0.0,0.0,1743188.8699999999
14,2011-01-28,A,200898,24.05,3.237,183.1800955,8.549,False,0.0,0.0,0.0,0.0,0.0,1613718.3800000001
14,2011-02-04,A,200898,28.73,3.231,183.4408542,8.549,False,0.0,0.0,0.0,0.0,0.0,1995891.8699999999
14,2011-02-11,A,200898,30.3,3.239,183.7016129,8.549,True,0.0,0.0,0.0,0.0,0.0,1980405.03
14,2011-02-18,A,200898,40.7,3.245,183.9371353,8.549,False,0.0,0.0,0.0,0.0,0.0,2019031.67
14,2011-02-25,A,200898,35.78,3.274,184.1625632,8.549,False,0.0,0.0,0.0,0.0,0.0,1875708.88
14,2011-03-04,A,200898,38.65,3.433,184.3879911,8.549,False,0.0,0.0,0.0,0.0,0.0,2041215.6099999999
14,2011-03-11,A,200898,45.01,3.582,184.613419,8.549,False,0.0,0.0,0.0,0.0,0.0,1931104.67
14,2011-03-18,A,200898,46.66,3.631,184.809719,8.549,False,0.0,0.0,0.0,0.0,0.0,1932491.42
14,2011-03-25,A,200898,41.76,3.625,184.9943679,8.549,False,0.0,0.0,0.0,0.0,0.0,1879451.23
14,2011-04-01,A,200898,37.27,3.638,185.1790167,8.521,False,0.0,0.0,0.0,0.0,0.0,1869110.55
14,2011-04-08,A,200898,48.71,3.72,185.3636656,8.521,False,0.0,0.0,0.0,0.0,0.0,2037798.8800000001
14,2011-04-15,A,200898,53.69,3.821,185.5339821,8.521,False,0.0,0.0,0.0,0.0,0.0,1974960.8599999999
14,2011-04-22,A,200898,53.04,3.892,185.6684673,8.521,False,0.0,0.0,0.0,0.0,0.0,2256461.39
14,2011-04-29,A,200898,66.18,3.962,185.8029526,8.521,False,0.0,0.0,0.0,0.0,0.0,1930617.64
14,2011-05-06,A,200898,58.21,4.046,185.9374378,8.521,False,0.0,0.0,0.0,0.0,0.0,2095599.93
14,2011-05-13,A,200898,60.38,4.066,186.0719231,8.521,False,0.0,0.0,0.0,0.0,0.0,2004330.3
14,2011-05-20,A,200898,62.28,4.062,185.9661154,8.521,False,0.0,0.0,0.0,0.0,0.0,1959967.8
14,2011-05-27,A,200898,69.7,3.985,185.8603077,8.521,False,0.0,0.0,0.0,0.0,0.0,2080694.24
14,2011-06-03,A,200898,76.38,3.922,185.7545,8.521,False,0.0,0.0,0.0,0.0,0.0,2079899.47
14,2011-06-10,A,200898,73.88,3.881,185.6486923,8.521,False,0.0,0.0,0.0,0.0,0.0,2132446.0
14,2011-06-17,A,200898,69.32,3.842,185.6719333,8.521,False,0.0,0.0,0.0,0.0,0.0,2082083.3399999999
14,2011-06-24,A,200898,74.85,3.804,185.7919609,8.521,False,0.0,0.0,0.0,0.0,0.0,2069523.52
14,2011-07-01,A,200898,74.04,3.748,185.9119885,8.625,False,0.0,0.0,0.0,0.0,0.0,2074668.19
14,2011-07-08,A,200898,77.49,3.711,186.032016,8.625,False,0.0,0.0,0.0,0.0,0.0,2063401.06
14,2011-07-15,A,200898,78.47,3.76,186.1399808,8.625,False,0.0,0.0,0.0,0.0,0.0,1953544.76
14,2011-07-22,A,200898,82.33,3.811,186.2177885,8.625,False,0.0,0.0,0.0,0.0,0.0,1882070.88
14,2011-07-29,A,200898,81.31,3.829,186.2955962,8.625,False,0.0,0.0,0.0,0.0,0.0,1871021.01
14,2011-08-05,A,200898,78.22,3.842,186.3734038,8.625,False,0.0,0.0,0.0,0.0,0.0,2066020.69
14,2011-08-12,A,200898,77.0,3.812,186.4512115,8.625,False,0.0,0.0,0.0,0.0,0.0,1928773.82
14,2011-08-19,A,200898,72.98,3.747,186.5093071,8.625,False,0.0,0.0,0.0,0.0,0.0,1896873.99
14,2011-08-26,A,200898,72.55,3.704,186.5641172,8.625,False,0.0,0.0,0.0,0.0,0.0,2273470.62
14,2011-09-02,A,200898,70.63,3.703,186.6189274,8.625,False,0.0,0.0,0.0,0.0,0.0,1750891.47
14,2011-09-09,A,200898,71.48,3.738,186.6737376,8.625,True,0.0,0.0,0.0,0.0,0.0,2202742.9
14,2011-09-16,A,200898,69.17,3.742,186.8024,8.625,False,0.0,0.0,0.0,0.0,0.0,1864637.89
14,2011-09-23,A,200898,63.75,3.711,187.0295321,8.625,False,0.0,0.0,0.0,0.0,0.0,1871555.64
14,2011-09-30,A,200898,70.66,3.645,187.2566641,8.625,False,0.0,0.0,0.0,0.0,0.0,1809989.29
14,2011-10-07,A,200898,55.82,3.583,187.4837962,8.523,False,0.0,0.0,0.0,0.0,0.0,2078796.76
14,2011-10-14,A,200898,63.82,3.541,187.6917481,8.523,False,0.0,0.0,0.0,0.0,0.0,1890870.75
14,2011-10-21,A,200898,59.6,3.57,187.7846197,8.523,False,0.0,0.0,0.0,0.0,0.0,2009004.5899999999
14,2011-10-28,A,200898,51.78,3.569,187.8774913,8.523,False,0.0,0.0,0.0,0.0,0.0,2056846.12
14,2011-11-04,A,200898,43.92,3.551,187.9703629,8.523,False,0.0,0.0,0.0,0.0,0.0,2174056.71
14,2011-11-11,A,200898,47.65,3.53,188.0632345,8.523,False,11376.03,22505.23,1079.89,2679.33,4257.94,2081534.6500000001
14,2011-11-18,A,200898,51.34,3.53,188.1983654,8.523,False,16308.11,749.9,273.72,2331.53,9347.0,1969360.72
14,2011-11-25,A,200898,48.71,3.492,188.3504,8.523,True,286.52,54.0,89402.64,13.0,1915.8,2685351.81
14,2011-12-02,A,200898,50.19,3.452,188.5024346,8.523,False,6428.59,0.0,3657.58,2939.92,34955.25,2143080.57
14,2011-12-09,A,200898,46.57,3.415,188.6544692,8.523,False,7297.72,15.0,342.71,4849.0,7509.9,2470581.29
14,2011-12-16,A,200898,39.93,3.413,188.7979349,8.523,False,5398.47,6.12,881.17,290.64,6390.47,2594363.09
14,2011-12-23,A,200898,42.27,3.389,188.9299752,8.523,False,924.14,112.73,2127.77,80.02,4638.81,3369068.99
14,2011-12-30,A,200898,37.79,3.389,189.0620155,8.523,True,7844.31,70574.85,312.98,1559.84,2851.33,1914148.89
14,2012-01-06,A,200898,35.88,3.422,189.1940558,8.424,False,10428.95,39234.09,839.74,981.17,15911.56,1859144.96
14,2012-01-13,A,200898,41.18,3.513,189.3260962,8.424,False,4605.8,21593.85,636.54,727.57,4054.79,1696248.27
14,2012-01-20,A,200898,31.85,3.533,189.4214733,8.424,False,5037.95,4952.93,860.9,2560.08,5386.74,1789113.32
14,2012-01-27,A,200898,37.93,3.567,189.5168505,8.424,False,3468.31,2195.14,689.52,252.01,2128.36,1595362.27
14,2012-02-03,A,200898,42.96,3.617,189.6122277,8.424,False,78124.5,4232.19,788.56,46081.94,14550.73,1877410.36
14,2012-02-10,A,200898,37.0,3.64,189.7076048,8.424,True,17118.97,6533.16,285.82,11597.23,6174.43,2077256.24
14,2012-02-17,A,200898,36.85,3.695,189.8424834,8.424,False,23664.75,13769.67,143.36,11965.7,10506.12,2020550.99
14,2012-02-24,A,200898,42.86,3.739,190.0069881,8.424,False,15074.23,8644.89,4.2,4450.84,7278.87,1875040.16
14,2012-03-02,A,200898,41.55,3.816,190.1714927,8.424,False,20212.56,1991.38,46.67,11970.8,6876.57,1926004.99
14,2012-03-09,A,200898,45.52,3.848,190.3359973,8.424,False,15710.87,1050.48,1.49,2302.28,2702.96,2020839.31
14,2012-03-16,A,200898,50.56,3.862,190.4618964,8.424,False,6021.47,280.43,5.5,1814.5,1581.84,1941040.5
14,2012-03-23,A,200898,59.45,3.9,190.5363213,8.424,False,4718.7,348.81,6.85,353.11,3726.39,1893447.71
14,2012-03-30,A,200898,50.04,3.953,190.6107463,8.424,False,11267.8,185.8,8.84,1152.46,2509.18,1905033.01
14,2012-04-06,A,200898,49.73,3.996,190.6851712,8.567,False,8376.85,0.0,81.19,3578.4,4857.19,2376022.2600000002
14,2012-04-13,A,200898,51.83,4.044,190.7595962,8.567,False,5236.77,13739.76,51.75,984.02,2638.42,1912909.69
14,2012-04-20,A,200898,63.13,4.027,190.8138013,8.567,False,32124.49,6870.09,100.15,2213.04,3706.04,1875686.44
14,2012-04-27,A,200898,53.2,4.004,190.8680064,8.567,False,3548.09,0.35,45.88,78.21,4193.26,1784029.95
14,2012-05-04,A,200898,55.21,3.951,190.9222115,8.567,False,21068.05,0.0,128.13,5490.93,2764.55,1949354.29
14,2012-05-11,A,200898,61.24,3.889,190.9764167,8.567,False,10626.27,0.0,131.11,1664.04,10557.13,1987531.05
14,2012-05-18,A,200898,66.3,3.848,190.9964479,8.567,False,8818.97,0.0,8.88,1297.39,3330.23,1932233.17
14,2012-05-25,A,200898,67.21,3.798,191.0028096,8.567,False,11421.79,0.0,634.52,1071.25,3204.72,2030869.61
14,2012-06-01,A,200898,74.48,3.742,191.0091712,8.567,False,7765.54,11.0,185.64,2473.3,2603.92,2049485.49
14,2012-06-08,A,200898,64.3,3.689,191.0155329,8.567,False,4636.1,570.2,172.7,1103.04,8024.53,2099615.88
14,2012-06-15,A,200898,71.93,3.62,191.0299731,8.567,False,10737.66,423.4,5.06,1904.52,3823.07,1905733.68
14,2012-06-22,A,200898,74.22,3.564,191.0646096,8.567,False,10291.35,317.0,4.3,3292.07,6115.51,1660228.8800000001
14,2012-06-29,A,200898,75.22,3.506,191.0992462,8.567,False,4575.3,211.7,0.0,304.94,2686.11,1591835.02
14,2012-07-06,A,200898,82.99,3.475,191.1338827,8.684,False,7024.93,416.3,83.47,6927.24,6002.43,1862128.95
14,2012-07-13,A,200898,79.97,3.523,191.1685192,8.684,False,9158.47,-2.5,5.37,4516.68,2574.55,1544422.35
14,2012-07-20,A,200898,78.89,3.567,191.1670428,8.684,False,4564.87,58.48,19.69,1418.34,3764.15,1553250.16
14,2012-07-27,A,200898,77.2,3.647,191.1655664,8.684,False,4945.52,113.66,4.1,10751.35,3298.31,1479514.66
14,2012-08-03,A,200898,76.58,3.654,191.16409,8.684,False,17465.29,37.82,110.8,13149.34,5089.95,1656886.46
14,2012-08-10,A,200898,78.65,3.722,191.1626135,8.684,False,32432.09,23.68,32.44,4309.81,3570.81,1648570.03
14,2012-08-17,A,200898,75.71,3.807,191.2284919,8.684,False,4625.55,62.5,5.84,2100.73,2663.23,1660433.3
14,2012-08-24,A,200898,72.62,3.834,191.3448865,8.684,False,6647.88,34.56,255.31,6931.8,9414.1,1621841.33
14,2012-08-31,A,200898,75.09,3.867,191.461281,8.684,False,24718.73,9.94,120.98,14110.32,3332.99,1613342.19
14,2012-09-07,A,200898,75.7,3.911,191.5776756,8.684,True,6623.84,6.97,34.35,2720.17,5498.39,1904512.34
14,2012-09-14,A,200898,67.87,3.948,191.69985,8.684,False,11320.02,0.0,28.2,855.45,1743.58,1554794.22
14,2012-09-21,A,200898,65.32,4.038,191.8567038,8.684,False,21474.27,98.28,29.88,1924.92,15282.51,1565352.46
14,2012-09-28,A,200898,64.88,3.997,192.0135577,8.684,False,3816.64,38.19,8.16,2545.14,3536.04,1522512.2
14,2012-10-05,A,200898,64.89,3.985,192.1704115,8.667,False,9219.05,0.0,12.04,3592.0,3300.66,1687592.16
14,2012-10-12,A,200898,54.47,4.0,192.3272654,8.667,False,3214.56,0.0,20.28,822.73,7207.7,1639585.6099999999
14,2012-10-19,A,200898,56.47,3.969,192.3308542,8.667,False,4192.74,0.0,17.46,1076.25,3839.99,1590274.72
14,2012-10-26,A,200898,58.85,3.882,192.3088989,8.667,False,9258.41,99.19,117.84,1489.28,1433.31,1704357.62
15,2010-02-05,B,123737,19.83,2.954,131.5279032,8.35,False,0.0,0.0,0.0,0.0,0.0,652122.44
15,2010-02-12,B,123737,22.0,2.94,131.5866129,8.35,True,0.0,0.0,0.0,0.0,0.0,682447.1
15,2010-02-19,B,123737,27.54,2.909,131.637,8.35,False,0.0,0.0,0.0,0.0,0.0,660838.75
15,2010-02-26,B,123737,29.87,2.91,131.686,8.35,False,0.0,0.0,0.0,0.0,0.0,564883.2000000001
15,2010-03-05,B,123737,31.79,2.919,131.735,8.35,False,0.0,0.0,0.0,0.0,0.0,605325.43
15,2010-03-12,B,123737,41.39,2.938,131.784,8.35,False,0.0,0.0,0.0,0.0,0.0,604173.59
15,2010-03-19,B,123737,44.69,2.96,131.8242903,8.35,False,0.0,0.0,0.0,0.0,0.0,593710.67
15,2010-03-26,B,123737,39.53,2.963,131.863129,8.35,False,0.0,0.0,0.0,0.0,0.0,592111.49
15,2010-04-02,B,123737,45.27,2.957,131.9019677,8.185,False,0.0,0.0,0.0,0.0,0.0,718470.71
15,2010-04-09,B,123737,57.77,2.992,131.9408065,8.185,False,0.0,0.0,0.0,0.0,0.0,634605.77
15,2010-04-16,B,123737,49.63,3.01,131.9809,8.185,False,0.0,0.0,0.0,0.0,0.0,641208.65
15,2010-04-23,B,123737,46.54,3.021,132.0226667,8.185,False,0.0,0.0,0.0,0.0,0.0,643097.6
15,2010-04-30,B,123737,49.09,3.042,132.0644333,8.185,False,0.0,0.0,0.0,0.0,0.0,570791.11
15,2010-05-07,B,123737,63.16,3.095,132.1062,8.185,False,0.0,0.0,0.0,0.0,0.0,661348.88
15,2010-05-14,B,123737,47.13,3.112,132.152129,8.185,False,0.0,0.0,0.0,0.0,0.0,594385.2
15,2010-05-21,B,123737,59.09,3.096,132.2230323,8.185,False,0.0,0.0,0.0,0.0,0.0,616598.1
15,2010-05-28,B,123737,70.61,3.046,132.2939355,8.185,False,0.0,0.0,0.0,0.0,0.0,744772.88
15,2010-06-04,B,123737,69.99,3.006,132.3648387,8.185,False,0.0,0.0,0.0,0.0,0.0,693192.5
15,2010-06-11,B,123737,61.04,2.972,132.4357419,8.185,False,0.0,0.0,0.0,0.0,0.0,619337.29
15,2010-06-18,B,123737,65.83,2.942,132.4733333,8.185,False,0.0,0.0,0.0,0.0,0.0,652329.53
15,2010-06-25,B,123737,72.79,2.958,132.4976,8.185,False,0.0,0.0,0.0,0.0,0.0,672194.03
15,2010-07-02,B,123737,66.13,2.958,132.5218667,8.099,False,0.0,0.0,0.0,0.0,0.0,709337.11
15,2010-07-09,B,123737,77.33,2.94,132.5461333,8.099,False,0.0,0.0,0.0,0.0,0.0,691497.62
15,2010-07-16,B,123737,72.83,2.933,132.5667742,8.099,False,0.0,0.0,0.0,0.0,0.0,633203.69
15,2010-07-23,B,123737,73.2,2.924,132.5825806,8.099,False,0.0,0.0,0.0,0.0,0.0,598553.43
15,2010-07-30,B,123737,72.04,2.932,132.5983871,8.099,False,0.0,0.0,0.0,0.0,0.0,619224.0599999999
15,2010-08-06,B,123737,72.7,2.942,132.6141935,8.099,False,0.0,0.0,0.0,0.0,0.0,639651.24
15,2010-08-13,B,123737,72.17,2.923,132.63,8.099,False,0.0,0.0,0.0,0.0,0.0,622437.08
15,2010-08-20,B,123737,71.1,2.913,132.6616129,8.099,False,0.0,0.0,0.0,0.0,0.0,637090.44
15,2010-08-27,B,123737,65.07,2.885,132.6932258,8.099,False,0.0,0.0,0.0,0.0,0.0,649791.15
15,2010-09-03,B,123737,73.17,2.86,132.7248387,8.099,False,0.0,0.0,0.0,0.0,0.0,638647.21
15,2010-09-10,B,123737,62.36,2.837,132.7564516,8.099,True,0.0,0.0,0.0,0.0,0.0,641965.2
15,2010-09-17,B,123737,57.94,2.846,132.7670667,8.099,False,0.0,0.0,0.0,0.0,0.0,583210.87
15,2010-09-24,B,123737,62.53,2.837,132.7619333,8.099,False,0.0,0.0,0.0,0.0,0.0,548542.47
15,2010-10-01,B,123737,59.69,2.84,132.7568,8.067,False,0.0,0.0,0.0,0.0,0.0,566945.95
15,2010-10-08,B,123737,52.19,2.903,132.7516667,8.067,False,0.0,0.0,0.0,0.0,0.0,591603.79
15,2010-10-15,B,123737,49.96,2.999,132.7633548,8.067,False,0.0,0.0,0.0,0.0,0.0,577011.26
15,2010-10-22,B,123737,47.1,3.049,132.8170968,8.067,False,0.0,0.0,0.0,0.0,0.0,600395.73
15,2010-10-29,B,123737,55.09,3.055,132.8708387,8.067,False,0.0,0.0,0.0,0.0,0.0,598301.5
15,2010-11-05,B,123737,40.29,3.049,132.9245806,8.067,False,0.0,0.0,0.0,0.0,0.0,612987.64
15,2010-11-12,B,123737,39.63,3.065,132.9783226,8.067,False,0.0,0.0,0.0,0.0,0.0,619639.74
15,2010-11-19,B,123737,44.1,3.138,132.9172,8.067,False,0.0,0.0,0.0,0.0,0.0,608200.81
15,2010-11-26,B,123737,40.71,3.186,132.8369333,8.067,True,0.0,0.0,0.0,0.0,0.0,1120018.92
15,2010-12-03,B,123737,36.0,3.2,132.7566667,8.067,False,0.0,0.0,0.0,0.0,0.0,754134.95
15,2010-12-10,B,123737,23.97,3.255,132.6764,8.067,False,0.0,0.0,0.0,0.0,0.0,847294.04
15,2010-12-17,B,123737,25.3,3.301,132.6804516,8.067,False,0.0,0.0,0.0,0.0,0.0,983825.15
15,2010-12-24,B,123737,25.07,3.309,132.7477419,8.067,False,0.0,0.0,0.0,0.0,0.0,1368318.17
15,2010-12-31,B,123737,26.54,3.336,132.8150323,8.067,True,0.0,0.0,0.0,0.0,0.0,543754.17
15,2011-01-07,B,123737,30.53,3.351,132.8823226,7.771,False,0.0,0.0,0.0,0.0,0.0,509640.77
15,2011-01-14,B,123737,19.53,3.367,132.9510645,7.771,False,0.0,0.0,0.0,0.0,0.0,479424.2
15,2011-01-21,B,123737,21.84,3.391,133.0285161,7.771,False,0.0,0.0,0.0,0.0,0.0,487311.03
15,2011-01-28,B,123737,19.61,3.402,133.1059677,7.771,False,0.0,0.0,0.0,0.0,0.0,481119.6
15,2011-02-04,B,123737,20.69,3.4,133.1834194,7.771,False,0.0,0.0,0.0,0.0,0.0,556550.85
15,2011-02-11,B,123737,21.64,3.416,133.260871,7.771,True,0.0,0.0,0.0,0.0,0.0,582864.35
15,2011-02-18,B,123737,33.06,3.42,133.3701429,7.771,False,0.0,0.0,0.0,0.0,0.0,649993.5
15,2011-02-25,B,123737,20.87,3.452,133.4921429,7.771,False,0.0,0.0,0.0,0.0,0.0,547564.09
15,2011-03-04,B,123737,28.16,3.605,133.6141429,7.771,False,0.0,0.0,0.0,0.0,0.0,573374.49
15,2011-03-11,B,123737,34.27,3.752,133.7361429,7.771,False,0.0,0.0,0.0,0.0,0.0,537035.28
15,2011-03-18,B,123737,40.23,3.796,133.8492258,7.771,False,0.0,0.0,0.0,0.0,0.0,551553.99
15,2011-03-25,B,123737,32.63,3.789,133.9587419,7.771,False,0.0,0.0,0.0,0.0,0.0,527389.28
15,2011-04-01,B,123737,30.34,3.811,134.0682581,7.658,False,0.0,0.0,0.0,0.0,0.0,542556.05
15,2011-04-08,B,123737,40.94,3.895,134.1777742,7.658,False,0.0,0.0,0.0,0.0,0.0,587370.8099999999
15,2011-04-15,B,123737,48.63,3.981,134.2784667,7.658,False,0.0,0.0,0.0,0.0,0.0,607691.36
15,2011-04-22,B,123737,41.37,4.061,134.3571,7.658,False,0.0,0.0,0.0,0.0,0.0,655318.26
15,2011-04-29,B,123737,55.46,4.117,134.4357333,7.658,False,0.0,0.0,0.0,0.0,0.0,560764.41
15,2011-05-06,B,123737,49.87,4.192,134.5143667,7.658,False,0.0,0.0,0.0,0.0,0.0,630522.67
15,2011-05-13,B,123737,57.07,4.211,134.593,7.658,False,0.0,0.0,0.0,0.0,0.0,630482.91
15,2011-05-20,B,123737,57.19,4.202,134.6803871,7.658,False,0.0,0.0,0.0,0.0,0.0,593941.9
15,2011-05-27,B,123737,65.87,4.134,134.7677742,7.658,False,0.0,0.0,0.0,0.0,0.0,636193.24
15,2011-06-03,B,123737,69.8,4.069,134.8551613,7.658,False,0.0,0.0,0.0,0.0,0.0,695396.19
15,2011-06-10,B,123737,69.86,4.025,134.9425484,7.658,False,0.0,0.0,0.0,0.0,0.0,642679.81
15,2011-06-17,B,123737,63.9,3.989,135.0837333,7.658,False,0.0,0.0,0.0,0.0,0.0,639928.85
15,2011-06-24,B,123737,69.96,3.964,135.2652667,7.658,False,0.0,0.0,0.0,0.0,0.0,656594.95
15,2011-07-01,B,123737,67.43,3.916,135.4468,7.806,False,0.0,0.0,0.0,0.0,0.0,674669.16
15,2011-07-08,B,123737,73.47,3.886,135.6283333,7.806,False,0.0,0.0,0.0,0.0,0.0,635118.48
15,2011-07-15,B,123737,73.34,3.915,135.7837419,7.806,False,0.0,0.0,0.0,0.0,0.0,624114.56
15,2011-07-22,B,123737,79.97,3.972,135.8738387,7.806,False,0.0,0.0,0.0,0.0,0.0,607475.4400000001
15,2011-07-29,B,123737,74.67,4.004,135.9639355,7.806,False,0.0,0.0,0.0,0.0,0.0,577511.02
15,2011-08-05,B,123737,73.63,4.02,136.0540323,7.806,False,0.0,0.0,0.0,0.0,0.0,607961.21
15,2011-08-12,B,123737,70.63,3.995,136.144129,7.806,False,0.0,0.0,0.0,0.0,0.0,590836.37
15,2011-08-19,B,123737,70.41,3.942,136.183129,7.806,False,0.0,0.0,0.0,0.0,0.0,599488.98
15,2011-08-26,B,123737,69.19,3.906,136.2136129,7.806,False,0.0,0.0,0.0,0.0,0.0,605413.17
15,2011-09-02,B,123737,67.63,3.879,136.2440968,7.806,False,0.0,0.0,0.0,0.0,0.0,649159.6799999999
15,2011-09-09,B,123737,67.59,3.93,136.2745806,7.806,True,0.0,0.0,0.0,0.0,0.0,607593.51
15,2011-09-16,B,123737,62.1,3.937,136.3145,7.806,False,0.0,0.0,0.0,0.0,0.0,545052.34
15,2011-09-23,B,123737,59.0,3.899,136.367,7.806,False,0.0,0.0,0.0,0.0,0.0,545570.86
15,2011-09-30,B,123737,64.87,3.858,136.4195,7.806,False,0.0,0.0,0.0,0.0,0.0,521297.31
15,2011-10-07,B,123737,51.24,3.775,136.472,7.866,False,0.0,0.0,0.0,0.0,0.0,579068.88
15,2011-10-14,B,123737,61.3,3.744,136.5150968,7.866,False,0.0,0.0,0.0,0.0,0.0,537300.94
15,2011-10-21,B,123737,51.67,3.757,136.5017742,7.866,False,0.0,0.0,0.0,0.0,0.0,603318.89
15,2011-10-28,B,123737,45.54,3.757,136.4884516,7.866,False,0.0,0.0,0.0,0.0,0.0,589842.69
15,2011-11-04,B,123737,43.39,3.738,136.475129,7.866,False,0.0,0.0,0.0,0.0,0.0,615121.78
15,2011-11-11,B,123737,47.13,3.719,136.4618065,7.866,False,9727.57,4267.72,617.98,1236.64,2067.74,618949.82
15,2011-11-18,B,123737,46.53,3.717,136.4666667,7.866,False,3668.4,615.27,49.57,946.2,4393.97,597856.51
15,2011-11-25,B,123737,41.1,3.689,136.4788,7.866,True,299.72,54.94,67073.91,34.22,171.76,1066478.1
15,2011-12-02,B,123737,45.67,3.666,136.4909333,7.866,False,3751.34,191.82,6485.06,1803.17,16136.43,699028.66
15,2011-12-09,B,123737,38.53,3.627,136.5030667,7.866,False,3581.98,193.94,75.62,1713.45,5227.94,764565.55
15,2011-12-16,B,123737,35.49,3.611,136.5335161,7.866,False,2176.13,19.0,158.53,925.45,1273.02,870415.49
15,2011-12-23,B,123737,34.93,3.587,136.5883871,7.866,False,260.78,7.27,1120.42,80.13,622.48,1182691.8699999999
15,2011-12-30,B,123737,31.44,3.566,136.6432581,7.866,True,3248.4,31122.2,111.35,605.88,3474.84,603460.79
15,2012-01-06,B,123737,30.24,3.585,136.698129,7.943,False,5597.99,17413.82,18.8,646.2,3098.77,516087.65
15,2012-01-13,B,123737,36.26,3.666,136.753,7.943,False,1684.66,8959.27,1.0,487.76,542.9,454183.42
15,2012-01-20,B,123737,21.39,3.705,136.8564194,7.943,False,2637.43,3151.32,0.0,265.47,2257.53,492721.85
15,2012-01-27,B,123737,30.87,3.737,136.9598387,7.943,False,875.81,2072.02,0.0,58.58,1418.14,466045.63
15,2012-02-03,B,123737,35.3,3.796,137.0632581,7.943,False,25565.53,3425.96,56.72,19303.94,3230.99,523831.64
15,2012-02-10,B,123737,31.91,3.826,137.1666774,7.943,True,5140.44,5527.21,10.39,9439.38,6371.82,628218.22
15,2012-02-17,B,123737,30.26,3.874,137.2583103,7.943,False,17822.56,7914.95,1.76,11094.94,4922.19,598502.83
15,2012-02-24,B,123737,33.18,3.917,137.3411034,7.943,False,6881.03,5859.12,1.0,3607.57,4147.13,561137.06
15,2012-03-02,B,123737,33.24,3.983,137.4238966,7.943,False,11611.99,1749.22,27.4,7977.5,2327.04,541292.64
15,2012-03-09,B,123737,36.97,4.021,137.5066897,7.943,False,7926.63,615.68,1.49,2126.98,2194.94,545120.67
15,2012-03-16,B,123737,47.42,4.021,137.5843871,7.943,False,3518.76,104.88,2.98,797.26,1364.77,570611.23
15,2012-03-23,B,123737,58.92,4.054,137.6552903,7.943,False,7318.86,118.73,0.5,3744.04,1224.93,565481.88
15,2012-03-30,B,123737,42.65,4.098,137.7261935,7.943,False,4292.7,72.67,3.0,1169.95,2965.23,557547.25
15,2012-04-06,B,123737,40.01,4.143,137.7970968,8.15,False,8567.95,0.0,46.32,1144.78,3518.73,659950.36
15,2012-04-13,B,123737,43.52,4.187,137.868,8.15,False,3408.63,3269.14,13.58,1547.19,1809.75,558585.13
15,2012-04-20,B,123737,54.47,4.17,137.9230667,8.15,False,4577.67,1678.35,5.9,1094.79,1830.84,534780.57
15,2012-04-27,B,123737,41.57,4.163,137.9781333,8.15,False,1863.53,0.0,9.82,192.32,1271.7,527402.62
15,2012-05-04,B,123737,51.04,4.124,138.0332,8.15,False,8300.37,0.0,110.97,3056.54,1610.94,577868.38
15,2012-05-11,B,123737,54.23,4.055,138.0882667,8.15,False,11017.0,0.0,11.17,1287.37,2683.72,579539.95
15,2012-05-18,B,123737,58.84,4.029,138.1065806,8.15,False,5226.88,0.0,8.93,546.11,1281.16,600050.98
15,2012-05-25,B,123737,67.97,3.979,138.1101935,8.15,False,6258.04,0.0,482.11,928.64,1315.99,693780.42
15,2012-06-01,B,123737,67.61,3.915,138.1138065,8.15,False,3762.0,22.8,41.98,1170.77,2160.94,663971.26
15,2012-06-08,B,123737,59.35,3.871,138.1174194,8.15,False,4658.21,269.0,0.19,399.04,3998.9,611390.67
15,2012-06-15,B,123737,67.7,3.786,138.1295333,8.15,False,3453.42,478.6,0.01,404.11,3862.9,636737.65
15,2012-06-22,B,123737,74.28,3.722,138.1629,8.15,False,3816.09,1314.0,0.0,667.31,2567.0,687085.6
15,2012-06-29,B,123737,68.91,3.667,138.1962667,8.15,False,3076.48,589.4,0.0,1770.01,2113.3,624099.48
15,2012-07-06,B,123737,74.64,3.646,138.2296333,8.193,False,4916.59,270.1,24.22,1747.41,2772.41,678024.75
15,2012-07-13,B,123737,72.62,3.689,138.263,8.193,False,3376.03,189.6,50.02,942.78,753.32,591335.5
15,2012-07-20,B,123737,75.31,3.732,138.2331935,8.193,False,1131.83,179.69,31.31,274.96,1321.82,592369.22
15,2012-07-27,B,123737,73.9,3.82,138.2033871,8.193,False,2403.14,122.34,0.87,2132.06,1082.9,571190.83
15,2012-08-03,B,123737,73.13,3.819,138.1735806,8.193,False,7251.41,216.62,0.48,4906.29,1420.37,590739.62
15,2012-08-10,B,123737,73.99,3.863,138.1437742,8.193,False,15384.57,19.31,100.34,1649.99,1552.05,590453.63
15,2012-08-17,B,123737,70.29,3.963,138.1857097,8.193,False,3690.95,10.66,0.3,788.18,1176.04,579738.2
15,2012-08-24,B,123737,66.98,3.997,138.2814516,8.193,False,3669.07,-6.69,0.0,2813.59,1610.18,606210.77
15,2012-08-31,B,123737,71.42,4.026,138.3771935,8.193,False,5501.66,135.77,27.69,1513.49,2862.32,610185.32
15,2012-09-07,B,123737,71.61,4.076,138.4729355,8.193,True,7925.48,13.2,15.69,1684.3,1941.32,587259.8200000001
15,2012-09-14,B,123737,65.44,4.088,138.5673,8.193,False,5163.64,0.0,1.49,922.73,3154.77,527509.76
15,2012-09-21,B,123737,60.34,4.203,138.6534,8.193,False,3412.14,91.0,28.5,118.17,1880.31,533161.64
15,2012-09-28,B,123737,57.13,4.158,138.7395,8.193,False,5223.97,19.73,0.66,1260.77,5490.76,553901.97
15,2012-10-05,B,123737,59.57,4.151,138.8256,7.992,False,2337.37,0.0,6.22,1443.89,1892.94,573498.64
15,2012-10-12,B,123737,49.12,4.186,138.9117,7.992,False,1351.82,0.0,5.8,500.2,3631.62,551799.63
15,2012-10-19,B,123737,52.89,4.153,138.8336129,7.992,False,710.9,0.0,1.68,176.01,1098.68,555652.77
15,2012-10-26,B,123737,55.75,4.071,138.7281613,7.992,False,4657.77,-7.01,100.0,1077.51,1234.65,558473.6
16,2010-02-05,B,57197,19.79,2.58,189.3816974,7.039,False,0.0,0.0,0.0,0.0,0.0,477409.3
16,2010-02-12,B,57197,20.87,2.572,189.4642725,7.039,True,0.0,0.0,0.0,0.0,0.0,472044.27999999997
16,2010-02-19,B,57197,21.13,2.55,189.5340998,7.039,False,0.0,0.0,0.0,0.0,0.0,469868.7
16,2010-02-26,B,57197,18.12,2.586,189.6018023,7.039,False,0.0,0.0,0.0,0.0,0.0,443242.17
16,2010-03-05,B,57197,27.92,2.62,189.6695049,7.039,False,0.0,0.0,0.0,0.0,0.0,444181.85
16,2010-03-12,B,57197,28.64,2.684,189.7372075,7.039,False,0.0,0.0,0.0,0.0,0.0,445393.74
16,2010-03-19,B,57197,33.45,2.692,189.734262,7.039,False,0.0,0.0,0.0,0.0,0.0,504307.35
16,2010-03-26,B,57197,29.88,2.717,189.7195417,7.039,False,0.0,0.0,0.0,0.0,0.0,483177.2
16,2010-04-02,B,57197,36.19,2.725,189.7048215,6.842,False,0.0,0.0,0.0,0.0,0.0,490503.69
16,2010-04-09,B,57197,34.21,2.75,189.6901012,6.842,False,0.0,0.0,0.0,0.0,0.0,424083.99
16,2010-04-16,B,57197,45.69,2.765,189.6628845,6.842,False,0.0,0.0,0.0,0.0,0.0,436312.41000000003
16,2010-04-23,B,57197,44.9,2.776,189.6190057,6.842,False,0.0,0.0,0.0,0.0,0.0,370230.94
16,2010-04-30,B,57197,37.75,2.766,189.575127,6.842,False,0.0,0.0,0.0,0.0,0.0,383550.93
16,2010-05-07,B,57197,37.43,2.771,189.5312483,6.842,False,0.0,0.0,0.0,0.0,0.0,403217.22000000003
16,2010-05-14,B,57197,41.26,2.788,189.4904116,6.842,False,0.0,0.0,0.0,0.0,0.0,401770.9
16,2010-05-21,B,57197,47.34,2.776,189.467827,6.842,False,0.0,0.0,0.0,0.0,0.0,435300.51
16,2010-05-28,B,57197,52.08,2.737,189.4452425,6.842,False,0.0,0.0,0.0,0.0,0.0,479430.0
16,2010-06-04,B,57197,53.76,2.7,189.422658,6.842,False,0.0,0.0,0.0,0.0,0.0,516295.81
16,2010-06-11,B,57197,62.63,2.684,189.4000734,6.842,False,0.0,0.0,0.0,0.0,0.0,535587.31
16,2010-06-18,B,57197,52.4,2.674,189.4185259,6.842,False,0.0,0.0,0.0,0.0,0.0,540149.85
16,2010-06-25,B,57197,62.37,2.715,189.4533931,6.842,False,0.0,0.0,0.0,0.0,0.0,546554.96
16,2010-07-02,B,57197,64.44,2.728,189.4882603,6.868,False,0.0,0.0,0.0,0.0,0.0,610641.42
16,2010-07-09,B,57197,61.79,2.711,189.5231276,6.868,False,0.0,0.0,0.0,0.0,0.0,614253.33
16,2010-07-16,B,57197,67.68,2.699,189.6125456,6.868,False,0.0,0.0,0.0,0.0,0.0,586583.69
16,2010-07-23,B,57197,70.67,2.691,189.774698,6.868,False,0.0,0.0,0.0,0.0,0.0,588344.18
16,2010-07-30,B,57197,70.71,2.69,189.9368504,6.868,False,0.0,0.0,0.0,0.0,0.0,562633.67
16,2010-08-06,B,57197,67.42,2.69,190.0990028,6.868,False,0.0,0.0,0.0,0.0,0.0,586936.45
16,2010-08-13,B,57197,63.91,2.723,190.2611552,6.868,False,0.0,0.0,0.0,0.0,0.0,543757.97
16,2010-08-20,B,57197,63.59,2.732,190.2948237,6.868,False,0.0,0.0,0.0,0.0,0.0,521516.96
16,2010-08-27,B,57197,65.66,2.731,190.3284922,6.868,False,0.0,0.0,0.0,0.0,0.0,581010.52
16,2010-09-03,B,57197,58.02,2.773,190.3621607,6.868,False,0.0,0.0,0.0,0.0,0.0,542087.89
16,2010-09-10,B,57197,57.24,2.78,190.3958293,6.868,True,0.0,0.0,0.0,0.0,0.0,537518.57
16,2010-09-17,B,57197,56.55,2.8,190.4688287,6.868,False,0.0,0.0,0.0,0.0,0.0,522049.51999999996
16,2010-09-24,B,57197,58.19,2.793,190.5713264,6.868,False,0.0,0.0,0.0,0.0,0.0,511330.32
16,2010-10-01,B,57197,59.39,2.759,190.6738241,6.986,False,0.0,0.0,0.0,0.0,0.0,463977.54
16,2010-10-08,B,57197,54.29,2.745,190.7763218,6.986,False,0.0,0.0,0.0,0.0,0.0,442894.2
16,2010-10-15,B,57197,45.0,2.762,190.8623087,6.986,False,0.0,0.0,0.0,0.0,0.0,452169.27999999997
16,2010-10-22,B,57197,45.85,2.762,190.9070184,6.986,False,0.0,0.0,0.0,0.0,0.0,541216.92
16,2010-10-29,B,57197,35.76,2.748,190.951728,6.986,False,0.0,0.0,0.0,0.0,0.0,495022.51
16,2010-11-05,B,57197,39.94,2.729,190.9964377,6.986,False,0.0,0.0,0.0,0.0,0.0,446905.02
16,2010-11-12,B,57197,34.04,2.737,191.0411474,6.986,False,0.0,0.0,0.0,0.0,0.0,453632.76
16,2010-11-19,B,57197,27.26,2.758,191.0312172,6.986,False,0.0,0.0,0.0,0.0,0.0,458634.68
16,2010-11-26,B,57197,23.46,2.742,191.0121805,6.986,True,0.0,0.0,0.0,0.0,0.0,651837.77
16,2010-12-03,B,57197,23.68,2.712,190.9931437,6.986,False,0.0,0.0,0.0,0.0,0.0,512260.58999999997
16,2010-12-10,B,57197,32.02,2.728,190.9741069,6.986,False,0.0,0.0,0.0,0.0,0.0,570103.64
16,2010-12-17,B,57197,26.01,2.778,191.0303376,6.986,False,0.0,0.0,0.0,0.0,0.0,648652.01
16,2010-12-24,B,57197,32.46,2.781,191.1430189,6.986,False,0.0,0.0,0.0,0.0,0.0,1004730.6900000001
16,2010-12-31,B,57197,19.66,2.829,191.2557002,6.986,True,0.0,0.0,0.0,0.0,0.0,575317.38
16,2011-01-07,B,57197,12.39,2.882,191.3683815,6.614,False,0.0,0.0,0.0,0.0,0.0,573545.96
16,2011-01-14,B,57197,17.46,2.911,191.4784939,6.614,False,0.0,0.0,0.0,0.0,0.0,470365.59
16,2011-01-21,B,57197,28.6,2.973,191.5731924,6.614,False,0.0,0.0,0.0,0.0,0.0,462888.13
16,2011-01-28,B,57197,20.8,3.008,191.667891,6.614,False,0.0,0.0,0.0,0.0,0.0,448391.99
16,2011-02-04,B,57197,13.64,3.011,191.7625895,6.614,False,0.0,0.0,0.0,0.0,0.0,479263.15
16,2011-02-11,B,57197,15.02,3.037,191.8572881,6.614,True,0.0,0.0,0.0,0.0,0.0,466806.89
16,2011-02-18,B,57197,27.18,3.051,191.9178331,6.614,False,0.0,0.0,0.0,0.0,0.0,491179.79
16,2011-02-25,B,57197,26.15,3.101,191.9647167,6.614,False,0.0,0.0,0.0,0.0,0.0,475201.64
16,2011-03-04,B,57197,31.77,3.232,192.0116004,6.614,False,0.0,0.0,0.0,0.0,0.0,484829.07
16,2011-03-11,B,57197,29.36,3.372,192.058484,6.614,False,0.0,0.0,0.0,0.0,0.0,457504.35
16,2011-03-18,B,57197,36.5,3.406,192.1237981,6.614,False,0.0,0.0,0.0,0.0,0.0,497373.49
16,2011-03-25,B,57197,32.61,3.414,192.1964844,6.614,False,0.0,0.0,0.0,0.0,0.0,465279.68
16,2011-04-01,B,57197,35.75,3.461,192.2691707,6.339,False,0.0,0.0,0.0,0.0,0.0,459756.11
16,2011-04-08,B,57197,38.04,3.532,192.3418571,6.339,False,0.0,0.0,0.0,0.0,0.0,439276.5
16,2011-04-15,B,57197,34.59,3.611,192.4225954,6.339,False,0.0,0.0,0.0,0.0,0.0,427855.24
16,2011-04-22,B,57197,40.74,3.636,192.5234638,6.339,False,0.0,0.0,0.0,0.0,0.0,368600.0
16,2011-04-29,B,57197,37.77,3.663,192.6243322,6.339,False,0.0,0.0,0.0,0.0,0.0,378100.31
16,2011-05-06,B,57197,38.64,3.735,192.7252006,6.339,False,0.0,0.0,0.0,0.0,0.0,423805.22
16,2011-05-13,B,57197,43.29,3.767,192.826069,6.339,False,0.0,0.0,0.0,0.0,0.0,410406.95
16,2011-05-20,B,57197,43.95,3.828,192.831317,6.339,False,0.0,0.0,0.0,0.0,0.0,435397.19
16,2011-05-27,B,57197,45.17,3.795,192.8365651,6.339,False,0.0,0.0,0.0,0.0,0.0,444718.68
16,2011-06-03,B,57197,54.08,3.763,192.8418131,6.339,False,0.0,0.0,0.0,0.0,0.0,531080.31
16,2011-06-10,B,57197,55.78,3.735,192.8470612,6.339,False,0.0,0.0,0.0,0.0,0.0,600952.06
16,2011-06-17,B,57197,58.34,3.697,192.9034759,6.339,False,0.0,0.0,0.0,0.0,0.0,581546.23
16,2011-06-24,B,57197,54.36,3.661,192.9982655,6.339,False,0.0,0.0,0.0,0.0,0.0,569105.03
16,2011-07-01,B,57197,63.59,3.597,193.0930552,6.338,False,0.0,0.0,0.0,0.0,0.0,608737.56
16,2011-07-08,B,57197,65.0,3.54,193.1878448,6.338,False,0.0,0.0,0.0,0.0,0.0,634634.66
16,2011-07-15,B,57197,65.16,3.532,193.3125484,6.338,False,0.0,0.0,0.0,0.0,0.0,586841.77
16,2011-07-22,B,57197,65.36,3.545,193.5120367,6.338,False,0.0,0.0,0.0,0.0,0.0,581758.22
16,2011-07-29,B,57197,66.84,3.547,193.711525,6.338,False,0.0,0.0,0.0,0.0,0.0,582381.95
16,2011-08-05,B,57197,63.96,3.554,193.9110133,6.338,False,0.0,0.0,0.0,0.0,0.0,592981.33
16,2011-08-12,B,57197,67.09,3.542,194.1105017,6.338,False,0.0,0.0,0.0,0.0,0.0,563884.47
16,2011-08-19,B,57197,68.83,3.499,194.2500634,6.338,False,0.0,0.0,0.0,0.0,0.0,554630.42
16,2011-08-26,B,57197,67.51,3.485,194.3796374,6.338,False,0.0,0.0,0.0,0.0,0.0,557312.01
16,2011-09-02,B,57197,63.44,3.511,194.5092113,6.338,False,0.0,0.0,0.0,0.0,0.0,580805.3300000001
16,2011-09-09,B,57197,56.99,3.566,194.6387853,6.338,True,0.0,0.0,0.0,0.0,0.0,574622.56
16,2011-09-16,B,57197,53.68,3.596,194.7419707,6.338,False,0.0,0.0,0.0,0.0,0.0,539081.09
16,2011-09-23,B,57197,50.39,3.581,194.8099713,6.338,False,0.0,0.0,0.0,0.0,0.0,504856.97
16,2011-09-30,B,57197,57.61,3.538,194.8779718,6.338,False,0.0,0.0,0.0,0.0,0.0,450075.31
16,2011-10-07,B,57197,48.91,3.498,194.9459724,6.232,False,0.0,0.0,0.0,0.0,0.0,482926.93
16,2011-10-14,B,57197,39.97,3.491,195.0261012,6.232,False,0.0,0.0,0.0,0.0,0.0,498241.06
16,2011-10-21,B,57197,46.99,3.548,195.1789994,6.232,False,0.0,0.0,0.0,0.0,0.0,560104.16
16,2011-10-28,B,57197,41.97,3.55,195.3318977,6.232,False,0.0,0.0,0.0,0.0,0.0,505918.21
16,2011-11-04,B,57197,33.43,3.527,195.4847959,6.232,False,0.0,0.0,0.0,0.0,0.0,511059.95
16,2011-11-11,B,57197,29.56,3.505,195.6376941,6.232,False,5042.4,2193.04,200.11,3309.98,2743.18,513181.31
16,2011-11-18,B,57197,31.73,3.479,195.7184713,6.232,False,2089.46,154.21,3.55,830.6,4425.07,480353.64
16,2011-11-25,B,57197,31.39,3.424,195.7704,6.232,True,90.28,126.47,34754.69,24.64,1560.32,712422.4
16,2011-12-02,B,57197,27.83,3.378,195.8223287,6.232,False,516.47,61.0,944.52,9.0,7124.75,530492.84
16,2011-12-09,B,57197,14.44,3.331,195.8742575,6.232,False,2229.52,28.0,73.7,1696.73,6465.69,574798.86
16,2011-12-16,B,57197,22.5,3.266,195.9841685,6.232,False,2801.5,0.0,99.57,422.6,2684.19,679481.9
16,2011-12-23,B,57197,20.79,3.173,196.1713893,6.232,False,485.0,0.18,475.6,16.2,960.85,950691.96
16,2011-12-30,B,57197,23.91,3.119,196.3586101,6.232,True,921.67,11778.68,101.87,272.51,1673.25,665861.06
16,2012-01-06,B,57197,26.49,3.095,196.5458309,6.162,False,443.59,5524.49,15.7,35.25,3296.96,564538.0700000001
16,2012-01-13,B,57197,19.55,3.077,196.7330517,6.162,False,1353.58,2551.73,0.24,289.67,1899.49,508520.09
16,2012-01-20,B,57197,29.3,3.055,196.7796652,6.162,False,2087.19,1399.47,5.58,75.83,4742.74,474389.75
16,2012-01-27,B,57197,28.17,3.038,196.8262786,6.162,False,612.01,1011.32,0.0,8.41,2482.91,453979.19
16,2012-02-03,B,57197,25.53,3.031,196.8728921,6.162,False,32702.46,747.82,2.39,8063.07,2940.68,475905.1
16,2012-02-10,B,57197,23.69,3.103,196.9195056,6.162,True,7247.14,985.13,0.45,9481.58,6298.1,473766.97000000003
16,2012-02-17,B,57197,31.19,3.113,196.9432711,6.162,False,5656.83,2712.39,0.0,2883.67,4484.79,494069.49
16,2012-02-24,B,57197,26.21,3.129,196.9499007,6.162,False,12120.37,2778.82,0.0,1634.92,4210.7,495720.3
16,2012-03-02,B,57197,23.4,3.191,196.9565303,6.162,False,8501.55,871.52,0.0,2066.16,3207.63,464189.08999999997
16,2012-03-09,B,57197,28.16,3.286,196.9631599,6.162,False,5302.57,557.02,3.17,5974.36,3037.04,495951.66
16,2012-03-16,B,57197,38.02,3.486,197.0457208,6.162,False,3501.15,0.3,1.33,1396.55,1515.46,520850.71
16,2012-03-23,B,57197,38.7,3.664,197.2295234,6.162,False,1462.21,2.5,4.43,367.45,1256.65,493503.89
16,2012-03-30,B,57197,48.29,3.75,197.4133259,6.162,False,3404.77,0.0,5.0,188.8,1133.72,485095.41
16,2012-04-06,B,57197,48.93,3.854,197.5971285,6.169,False,7612.73,0.0,43.82,897.11,5294.18,502662.07
16,2012-04-13,B,57197,45.83,3.901,197.780931,6.169,False,3532.73,1368.42,22.0,214.95,1983.5,450756.71
16,2012-04-20,B,57197,43.61,3.936,197.7227385,6.169,False,2479.18,582.08,22.92,558.25,1659.22,436221.26
16,2012-04-27,B,57197,59.69,3.927,197.664546,6.169,False,3351.91,205.74,16.41,366.79,2049.94,398445.14999999997
16,2012-05-04,B,57197,51.34,3.903,197.6063534,6.169,False,3332.89,0.0,35.34,766.61,2282.68,426959.62
16,2012-05-11,B,57197,53.57,3.87,197.5481609,6.169,False,4814.92,0.0,61.11,343.64,837.48,479855.0
16,2012-05-18,B,57197,56.74,3.837,197.5553137,6.169,False,5303.48,0.0,96.9,765.65,2341.97,493506.47
16,2012-05-25,B,57197,57.36,3.804,197.5886046,6.169,False,990.24,0.0,123.98,321.46,1405.5,518045.09
16,2012-06-01,B,57197,58.97,3.764,197.6218954,6.169,False,4078.25,22.4,60.41,98.46,968.96,532311.9299999999
16,2012-06-08,B,57197,65.43,3.741,197.6551863,6.169,False,3644.68,37.2,63.9,611.78,5520.95,603618.89
16,2012-06-15,B,57197,65.36,3.723,197.692292,6.169,False,7027.33,141.8,125.91,642.76,1980.96,570045.79
16,2012-06-22,B,57197,70.41,3.735,197.7389345,6.169,False,1291.33,201.0,0.27,696.47,1682.13,581745.72
16,2012-06-29,B,57197,77.31,3.693,197.785577,6.169,False,731.74,107.4,0.0,455.32,1375.35,570162.28
16,2012-07-06,B,57197,70.49,3.646,197.8322195,6.061,False,1559.36,68.8,13.1,420.62,6013.75,641763.53
16,2012-07-13,B,57197,70.29,3.613,197.8788621,6.061,False,2375.53,17.9,2.07,983.3,1834.23,569005.0599999999
16,2012-07-20,B,57197,68.43,3.585,197.9290378,6.061,False,1115.42,105.35,4.69,196.54,948.69,565297.54
16,2012-07-27,B,57197,69.0,3.57,197.9792136,6.061,False,589.03,31.77,0.0,855.31,1457.52,539337.87
16,2012-08-03,B,57197,68.59,3.528,198.0293893,6.061,False,4801.46,0.0,0.0,3030.35,2945.89,584000.71
16,2012-08-10,B,57197,70.24,3.509,198.0795651,6.061,False,7036.67,11.2,11.0,3031.99,2296.61,554036.84
16,2012-08-17,B,57197,62.07,3.545,198.1001057,6.061,False,408.1,0.0,1.1,870.38,604.8,521896.60000000003
16,2012-08-24,B,57197,61.44,3.558,198.0984199,6.061,False,1556.47,16.0,3.34,869.05,1691.12,551152.15
16,2012-08-31,B,57197,64.19,3.556,198.0967341,6.061,False,8702.4,0.0,35.78,3576.08,4493.67,551837.3099999999
16,2012-09-07,B,57197,60.09,3.596,198.0950484,6.061,True,2291.22,-9.98,37.43,411.53,1576.74,537138.58
16,2012-09-14,B,57197,56.69,3.659,198.1267184,6.061,False,5323.84,0.0,9.3,1307.03,4474.84,526525.16
16,2012-09-21,B,57197,56.48,3.765,198.358523,6.061,False,3913.62,1.91,0.0,143.35,5661.0,509942.56
16,2012-09-28,B,57197,51.4,3.789,198.5903276,6.061,False,2130.57,3.82,0.0,583.9,1409.43,469607.73
16,2012-10-05,B,57197,50.46,3.779,198.8221322,5.847,False,2228.83,0.0,23.32,1534.31,4451.29,471281.68
16,2012-10-12,B,57197,43.26,3.76,199.0539368,5.847,False,522.32,0.0,11.09,40.2,5247.6,491817.19
16,2012-10-19,B,57197,40.59,3.75,199.1481963,5.847,False,1278.03,0.0,1.16,16.38,1395.48,577198.97
16,2012-10-26,B,57197,40.99,3.686,199.2195317,5.847,False,2285.52,20.48,0.0,201.97,1237.41,475770.14
17,2010-02-05,B,93188,23.11,2.666,126.4420645,6.548,False,0.0,0.0,0.0,0.0,0.0,789036.02
17,2010-02-12,B,93188,18.36,2.671,126.4962581,6.548,True,0.0,0.0,0.0,0.0,0.0,841951.91
17,2010-02-19,B,93188,25.06,2.654,126.5262857,6.548,False,0.0,0.0,0.0,0.0,0.0,800714.0
17,2010-02-26,B,93188,15.64,2.667,126.5522857,6.548,False,0.0,0.0,0.0,0.0,0.0,749549.55
17,2010-03-05,B,93188,31.58,2.681,126.5782857,6.548,False,0.0,0.0,0.0,0.0,0.0,783300.05
17,2010-03-12,B,93188,29.71,2.733,126.6042857,6.548,False,0.0,0.0,0.0,0.0,0.0,763961.82
17,2010-03-19,B,93188,33.96,2.782,126.6066452,6.548,False,0.0,0.0,0.0,0.0,0.0,752034.52
17,2010-03-26,B,93188,35.59,2.819,126.6050645,6.548,False,0.0,0.0,0.0,0.0,0.0,793097.64
17,2010-04-02,B,93188,36.94,2.842,126.6034839,6.635,False,0.0,0.0,0.0,0.0,0.0,848521.17
17,2010-04-09,B,93188,34.05,2.877,126.6019032,6.635,False,0.0,0.0,0.0,0.0,0.0,770228.02
17,2010-04-16,B,93188,45.22,2.915,126.5621,6.635,False,0.0,0.0,0.0,0.0,0.0,757738.76
17,2010-04-23,B,93188,52.25,2.936,126.4713333,6.635,False,0.0,0.0,0.0,0.0,0.0,977790.83
17,2010-04-30,B,93188,43.82,2.941,126.3805667,6.635,False,0.0,0.0,0.0,0.0,0.0,807798.73
17,2010-05-07,B,93188,40.26,2.948,126.2898,6.635,False,0.0,0.0,0.0,0.0,0.0,843848.65
17,2010-05-14,B,93188,47.28,2.962,126.2085484,6.635,False,0.0,0.0,0.0,0.0,0.0,813756.09
17,2010-05-21,B,93188,53.94,2.95,126.1843871,6.635,False,0.0,0.0,0.0,0.0,0.0,826626.5
17,2010-05-28,B,93188,48.19,2.908,126.1602258,6.635,False,0.0,0.0,0.0,0.0,0.0,872817.62
17,2010-06-04,B,93188,53.79,2.871,126.1360645,6.635,False,0.0,0.0,0.0,0.0,0.0,876902.87
17,2010-06-11,B,93188,57.14,2.841,126.1119032,6.635,False,0.0,0.0,0.0,0.0,0.0,845252.21
17,2010-06-18,B,93188,54.94,2.819,126.114,6.635,False,0.0,0.0,0.0,0.0,0.0,877996.27
17,2010-06-25,B,93188,62.64,2.82,126.1266,6.635,False,0.0,0.0,0.0,0.0,0.0,893995.44
17,2010-07-02,B,93188,68.98,2.814,126.1392,6.697,False,0.0,0.0,0.0,0.0,0.0,958875.37
17,2010-07-09,B,93188,62.41,2.802,126.1518,6.697,False,0.0,0.0,0.0,0.0,0.0,836915.92
17,2010-07-16,B,93188,65.66,2.791,126.1498065,6.697,False,0.0,0.0,0.0,0.0,0.0,876591.41
17,2010-07-23,B,93188,69.66,2.797,126.1283548,6.697,False,0.0,0.0,0.0,0.0,0.0,893504.87
17,2010-07-30,B,93188,69.96,2.797,126.1069032,6.697,False,0.0,0.0,0.0,0.0,0.0,833517.19
17,2010-08-06,B,93188,70.53,2.802,126.0854516,6.697,False,0.0,0.0,0.0,0.0,0.0,795301.17
17,2010-08-13,B,93188,65.17,2.837,126.064,6.697,False,0.0,0.0,0.0,0.0,0.0,759995.1799999999
17,2010-08-20,B,93188,67.04,2.85,126.0766452,6.697,False,0.0,0.0,0.0,0.0,0.0,783929.7
17,2010-08-27,B,93188,65.03,2.854,126.0892903,6.697,False,0.0,0.0,0.0,0.0,0.0,802583.89
17,2010-09-03,B,93188,57.86,2.868,126.1019355,6.697,False,0.0,0.0,0.0,0.0,0.0,834373.73
17,2010-09-10,B,93188,56.28,2.87,126.1145806,6.697,True,0.0,0.0,0.0,0.0,0.0,1200888.28
17,2010-09-17,B,93188,58.53,2.875,126.1454667,6.697,False,0.0,0.0,0.0,0.0,0.0,871264.25
17,2010-09-24,B,93188,58.39,2.872,126.1900333,6.697,False,0.0,0.0,0.0,0.0,0.0,852876.2899999999
17,2010-10-01,B,93188,60.07,2.853,126.2346,6.885,False,0.0,0.0,0.0,0.0,0.0,829207.27
17,2010-10-08,B,93188,58.06,2.841,126.2791667,6.885,False,0.0,0.0,0.0,0.0,0.0,827738.06
17,2010-10-15,B,93188,47.35,2.845,126.3266774,6.885,False,0.0,0.0,0.0,0.0,0.0,838297.32
17,2010-10-22,B,93188,47.95,2.849,126.3815484,6.885,False,0.0,0.0,0.0,0.0,0.0,815093.76
17,2010-10-29,B,93188,39.87,2.841,126.4364194,6.885,False,0.0,0.0,0.0,0.0,0.0,861941.25
17,2010-11-05,B,93188,42.54,2.831,126.4912903,6.885,False,0.0,0.0,0.0,0.0,0.0,818434.49
17,2010-11-12,B,93188,36.32,2.831,126.5461613,6.885,False,0.0,0.0,0.0,0.0,0.0,855459.96
17,2010-11-19,B,93188,36.31,2.842,126.6072,6.885,False,0.0,0.0,0.0,0.0,0.0,782252.57
17,2010-11-26,B,93188,19.03,2.83,126.6692667,6.885,True,0.0,0.0,0.0,0.0,0.0,1005448.76
17,2010-12-03,B,93188,22.47,2.812,126.7313333,6.885,False,0.0,0.0,0.0,0.0,0.0,926573.81
17,2010-12-10,B,93188,31.64,2.817,126.7934,6.885,False,0.0,0.0,0.0,0.0,0.0,962475.55
17,2010-12-17,B,93188,25.13,2.842,126.8794839,6.885,False,0.0,0.0,0.0,0.0,0.0,1049372.38
17,2010-12-24,B,93188,26.58,2.846,126.9835806,6.885,False,0.0,0.0,0.0,0.0,0.0,1309226.79
17,2010-12-31,B,93188,20.79,2.868,127.0876774,6.885,True,0.0,0.0,0.0,0.0,0.0,635862.55
17,2011-01-07,B,93188,6.23,2.891,127.1917742,6.866,False,0.0,0.0,0.0,0.0,0.0,1083071.14
17,2011-01-14,B,93188,16.57,2.903,127.3009355,6.866,False,0.0,0.0,0.0,0.0,0.0,758510.36
17,2011-01-21,B,93188,26.62,2.934,127.4404839,6.866,False,0.0,0.0,0.0,0.0,0.0,755804.37
17,2011-01-28,B,93188,22.16,2.96,127.5800323,6.866,False,0.0,0.0,0.0,0.0,0.0,736335.6900000001
17,2011-02-04,B,93188,11.29,2.974,127.7195806,6.866,False,0.0,0.0,0.0,0.0,0.0,816603.05
17,2011-02-11,B,93188,14.19,3.034,127.859129,6.866,True,0.0,0.0,0.0,0.0,0.0,813211.46
17,2011-02-18,B,93188,26.86,3.062,127.99525,6.866,False,0.0,0.0,0.0,0.0,0.0,860962.91
17,2011-02-25,B,93188,24.36,3.12,128.13,6.866,False,0.0,0.0,0.0,0.0,0.0,767256.53
17,2011-03-04,B,93188,24.21,3.23,128.26475,6.866,False,0.0,0.0,0.0,0.0,0.0,816138.33
17,2011-03-11,B,93188,32.42,3.346,128.3995,6.866,False,0.0,0.0,0.0,0.0,0.0,779602.36
17,2011-03-18,B,93188,34.48,3.407,128.5121935,6.866,False,0.0,0.0,0.0,0.0,0.0,778436.81
17,2011-03-25,B,93188,36.71,3.435,128.6160645,6.866,False,0.0,0.0,0.0,0.0,0.0,781267.76
17,2011-04-01,B,93188,39.38,3.487,128.7199355,6.774,False,0.0,0.0,0.0,0.0,0.0,795859.23
17,2011-04-08,B,93188,39.16,3.547,128.8238065,6.774,False,0.0,0.0,0.0,0.0,0.0,811855.72
17,2011-04-15,B,93188,39.98,3.616,128.9107333,6.774,False,0.0,0.0,0.0,0.0,0.0,825283.4299999999
17,2011-04-22,B,93188,42.24,3.655,128.9553,6.774,False,0.0,0.0,0.0,0.0,0.0,1060770.11
17,2011-04-29,B,93188,40.14,3.683,128.9998667,6.774,False,0.0,0.0,0.0,0.0,0.0,806979.15
17,2011-05-06,B,93188,45.66,3.744,129.0444333,6.774,False,0.0,0.0,0.0,0.0,0.0,882132.28
17,2011-05-13,B,93188,49.26,3.77,129.089,6.774,False,0.0,0.0,0.0,0.0,0.0,870625.49
17,2011-05-20,B,93188,51.93,3.802,129.0756774,6.774,False,0.0,0.0,0.0,0.0,0.0,844443.35
17,2011-05-27,B,93188,51.04,3.778,129.0623548,6.774,False,0.0,0.0,0.0,0.0,0.0,892056.64
17,2011-06-03,B,93188,49.61,3.752,129.0490323,6.774,False,0.0,0.0,0.0,0.0,0.0,895020.48
17,2011-06-10,B,93188,54.57,3.732,129.0357097,6.774,False,0.0,0.0,0.0,0.0,0.0,881190.46
17,2011-06-17,B,93188,56.61,3.704,129.0432,6.774,False,0.0,0.0,0.0,0.0,0.0,894686.67
17,2011-06-24,B,93188,60.99,3.668,129.0663,6.774,False,0.0,0.0,0.0,0.0,0.0,920719.98
17,2011-07-01,B,93188,67.39,3.613,129.0894,6.745,False,0.0,0.0,0.0,0.0,0.0,940554.34
17,2011-07-08,B,93188,70.6,3.563,129.1125,6.745,False,0.0,0.0,0.0,0.0,0.0,915064.22
17,2011-07-15,B,93188,67.93,3.553,129.1338387,6.745,False,0.0,0.0,0.0,0.0,0.0,902727.76
17,2011-07-22,B,93188,69.82,3.563,129.1507742,6.745,False,0.0,0.0,0.0,0.0,0.0,899044.34
17,2011-07-29,B,93188,68.59,3.574,129.1677097,6.745,False,0.0,0.0,0.0,0.0,0.0,861894.77
17,2011-08-05,B,93188,65.71,3.595,129.1846452,6.745,False,0.0,0.0,0.0,0.0,0.0,866184.92
17,2011-08-12,B,93188,64.79,3.606,129.2015806,6.745,False,0.0,0.0,0.0,0.0,0.0,800819.79
17,2011-08-19,B,93188,67.59,3.578,129.2405806,6.745,False,0.0,0.0,0.0,0.0,0.0,797523.04
17,2011-08-26,B,93188,72.04,3.57,129.2832581,6.745,False,0.0,0.0,0.0,0.0,0.0,837390.79
17,2011-09-02,B,93188,69.31,3.58,129.3259355,6.745,False,0.0,0.0,0.0,0.0,0.0,847380.07
17,2011-09-09,B,93188,61.94,3.619,129.3686129,6.745,True,0.0,0.0,0.0,0.0,0.0,1161900.18
17,2011-09-16,B,93188,61.48,3.641,129.4306,6.745,False,0.0,0.0,0.0,0.0,0.0,1051116.95
17,2011-09-23,B,93188,56.96,3.648,129.5183333,6.745,False,0.0,0.0,0.0,0.0,0.0,895535.31
17,2011-09-30,B,93188,61.4,3.623,129.6060667,6.745,False,0.0,0.0,0.0,0.0,0.0,868191.05
17,2011-10-07,B,93188,54.4,3.592,129.6938,6.617,False,0.0,0.0,0.0,0.0,0.0,918006.9
17,2011-10-14,B,93188,47.69,3.567,129.7706452,6.617,False,0.0,0.0,0.0,0.0,0.0,884042.63
17,2011-10-21,B,93188,47.27,3.579,129.7821613,6.617,False,0.0,0.0,0.0,0.0,0.0,877380.22
17,2011-10-28,B,93188,41.89,3.567,129.7936774,6.617,False,0.0,0.0,0.0,0.0,0.0,936508.43
17,2011-11-04,B,93188,37.52,3.538,129.8051935,6.617,False,0.0,0.0,0.0,0.0,0.0,927657.63
17,2011-11-11,B,93188,27.61,3.513,129.8167097,6.617,False,3935.0,4172.99,225.67,2515.61,3009.79,914759.2
17,2011-11-18,B,93188,32.93,3.489,129.8268333,6.617,False,6004.88,247.29,32.39,653.49,4391.01,877724.31
17,2011-11-25,B,93188,32.81,3.445,129.8364,6.617,True,310.16,181.17,62095.85,106.24,1292.3,1225700.28
17,2011-12-02,B,93188,26.47,3.389,129.8459667,6.617,False,5562.36,222.94,16380.88,2303.32,17707.05,945267.68
17,2011-12-09,B,93188,17.56,3.341,129.8555333,6.617,False,8530.15,0.0,29.6,840.04,6700.99,976522.93
17,2011-12-16,B,93188,21.07,3.282,129.8980645,6.617,False,3356.86,0.03,38.78,1286.21,2618.88,1067754.06
17,2011-12-23,B,93188,18.76,3.186,129.9845484,6.617,False,945.5,35.63,1077.82,57.64,2404.82,1289156.9
17,2011-12-30,B,93188,26.73,3.119,130.0710323,6.617,True,4439.21,42391.85,120.08,1366.9,2383.67,777207.3
17,2012-01-06,B,93188,27.64,3.08,130.1575161,6.403,False,5185.45,12090.5,33.9,1490.06,4832.68,1198104.22
17,2012-01-13,B,93188,20.28,3.056,130.244,6.403,False,1552.86,3911.73,0.52,542.24,1709.97,873576.96
17,2012-01-20,B,93188,27.26,3.047,130.2792258,6.403,False,1461.59,577.33,0.0,442.39,1407.74,809272.65
17,2012-01-27,B,93188,29.99,3.058,130.3144516,6.403,False,1834.7,684.22,0.0,118.0,1109.1,769522.33
17,2012-02-03,B,93188,26.26,3.077,130.3496774,6.403,False,32793.78,5509.47,38.96,35785.26,4518.58,864852.85
17,2012-02-10,B,93188,23.63,3.116,130.3849032,6.403,True,5658.48,13498.72,16.27,4292.59,6008.71,880165.7
17,2012-02-17,B,93188,30.76,3.119,130.4546207,6.403,False,10862.6,14264.11,2.64,8459.96,4740.08,927084.65
17,2012-02-24,B,93188,30.01,3.145,130.5502069,6.403,False,8628.93,3368.34,0.0,3876.56,4378.82,843864.4299999999
17,2012-03-02,B,93188,26.28,3.242,130.6457931,6.403,False,14469.08,1163.89,37.38,8771.3,2237.79,856178.47
17,2012-03-09,B,93188,32.02,3.38,130.7413793,6.403,False,3944.86,104.91,2.16,550.85,3717.62,860224.98
17,2012-03-16,B,93188,43.69,3.529,130.8261935,6.403,False,6373.65,46.13,1.02,1938.3,1278.79,853136.46
17,2012-03-23,B,93188,40.69,3.671,130.8966452,6.403,False,5060.41,42.99,0.0,315.1,1399.39,851762.28
17,2012-03-30,B,93188,45.29,3.734,130.9670968,6.403,False,8337.43,74.41,6.0,418.13,3444.54,872469.03
17,2012-04-06,B,93188,43.92,3.793,131.0375484,6.235,False,11072.17,0.0,43.74,2299.75,4192.05,986922.62
17,2012-04-13,B,93188,46.94,3.833,131.108,6.235,False,2328.03,6989.17,3.6,895.75,1545.65,877055.32
17,2012-04-20,B,93188,47.69,3.845,131.1173333,6.235,False,2570.29,1288.35,2.1,341.52,2157.85,1119979.98
17,2012-04-27,B,93188,59.11,3.842,131.1266667,6.235,False,1832.86,0.0,1.62,8.94,2211.39,925916.65
17,2012-05-04,B,93188,48.86,3.831,131.136,6.235,False,10140.57,0.0,181.65,2709.84,1859.33,930121.14
17,2012-05-11,B,93188,49.96,3.809,131.1453333,6.235,False,6288.63,0.0,22.59,997.55,1266.73,944100.2999999999
17,2012-05-18,B,93188,59.67,3.808,131.0983226,6.235,False,3847.57,0.0,92.93,1216.19,2403.0,968816.33
17,2012-05-25,B,93188,55.69,3.801,131.0287742,6.235,False,5528.92,0.0,71.81,595.85,2754.3,984881.59
17,2012-06-01,B,93188,54.13,3.788,130.9592258,6.235,False,3996.22,25.0,31.8,1667.66,881.3,938914.28
17,2012-06-08,B,93188,60.51,3.776,130.8896774,6.235,False,6233.58,140.2,328.34,763.88,4501.73,987990.24
17,2012-06-15,B,93188,56.67,3.756,130.8295333,6.235,False,6069.6,147.0,0.18,1949.47,1373.68,964169.67
17,2012-06-22,B,93188,62.9,3.737,130.7929,6.235,False,3500.33,466.98,0.0,1789.53,2980.58,981210.57
17,2012-06-29,B,93188,71.14,3.681,130.7562667,6.235,False,2895.23,281.3,0.0,357.75,1195.05,982322.24
17,2012-07-06,B,93188,68.91,3.63,130.7196333,5.936,False,9824.36,128.0,25.38,3990.35,3618.23,1046782.52
17,2012-07-13,B,93188,72.94,3.595,130.683,5.936,False,5814.57,64.9,0.18,1807.43,1705.19,960746.04
17,2012-07-20,B,93188,70.59,3.556,130.7012903,5.936,False,2836.48,34.2,20.25,738.75,1189.5,944698.7
17,2012-07-27,B,93188,74.2,3.537,130.7195806,5.936,False,4345.01,57.6,7.79,3965.83,6114.63,907493.24
17,2012-08-03,B,93188,72.94,3.512,130.737871,5.936,False,13721.83,56.6,8.34,12343.79,1797.84,877813.33
17,2012-08-10,B,93188,73.29,3.509,130.7561613,5.936,False,3711.96,9.2,4.42,2316.51,1613.36,849074.04
17,2012-08-17,B,93188,70.98,3.545,130.7909677,5.936,False,1833.19,5.6,0.81,1344.67,1707.05,844928.17
17,2012-08-24,B,93188,68.89,3.582,130.8381613,5.936,False,3255.74,6.0,50.17,3022.22,3782.36,924299.78
17,2012-08-31,B,93188,68.07,3.624,130.8853548,5.936,False,11235.99,0.0,2.73,3648.33,1964.35,865924.2
17,2012-09-07,B,93188,61.99,3.689,130.9325484,5.936,True,13396.45,0.0,18.08,1299.65,1333.12,1255633.29
17,2012-09-14,B,93188,59.64,3.749,130.9776667,5.936,False,5620.89,0.0,13.95,260.46,4585.25,1071040.22
17,2012-09-21,B,93188,58.43,3.821,131.0103333,5.936,False,6035.13,1.91,14.5,859.64,6132.91,938303.28
17,2012-09-28,B,93188,57.77,3.821,131.043,5.936,False,4716.69,0.0,9.0,1925.91,1643.33,972716.24
17,2012-10-05,B,93188,52.81,3.815,131.0756667,5.527,False,3029.6,0.0,0.0,2246.04,3033.47,952609.17
17,2012-10-12,B,93188,44.82,3.797,131.1083333,5.527,False,1171.21,0.0,3.58,371.84,3776.18,919878.3400000001
17,2012-10-19,B,93188,48.16,3.781,131.1499677,5.527,False,708.27,0.0,1.4,14.01,1328.57,957356.84
17,2012-10-26,B,93188,39.94,3.755,131.1930968,5.527,False,5593.69,112.2,0.0,134.13,748.23,943465.29
18,2010-02-05,B,120653,21.33,2.788,131.5279032,9.202,False,0.0,0.0,0.0,0.0,0.0,1205307.5
18,2010-02-12,B,120653,26.41,2.771,131.5866129,9.202,True,0.0,0.0,0.0,0.0,0.0,1187880.7
18,2010-02-19,B,120653,30.91,2.747,131.637,9.202,False,0.0,0.0,0.0,0.0,0.0,1150663.42
18,2010-02-26,B,120653,35.42,2.753,131.686,9.202,False,0.0,0.0,0.0,0.0,0.0,1068157.45
18,2010-03-05,B,120653,37.17,2.766,131.735,9.202,False,0.0,0.0,0.0,0.0,0.0,1179738.5
18,2010-03-12,B,120653,42.39,2.805,131.784,9.202,False,0.0,0.0,0.0,0.0,0.0,1138800.32
18,2010-03-19,B,120653,45.42,2.834,131.8242903,9.202,False,0.0,0.0,0.0,0.0,0.0,1087507.47
18,2010-03-26,B,120653,47.55,2.831,131.863129,9.202,False,0.0,0.0,0.0,0.0,0.0,1092704.09
18,2010-04-02,B,120653,45.63,2.826,131.9019677,9.269,False,0.0,0.0,0.0,0.0,0.0,1254107.84
18,2010-04-09,B,120653,59.91,2.849,131.9408065,9.269,False,0.0,0.0,0.0,0.0,0.0,1174447.55
18,2010-04-16,B,120653,50.26,2.885,131.9809,9.269,False,0.0,0.0,0.0,0.0,0.0,1135577.6199999999
18,2010-04-23,B,120653,50.3,2.895,132.0226667,9.269,False,0.0,0.0,0.0,0.0,0.0,1132433.55
18,2010-04-30,B,120653,51.12,2.935,132.0644333,9.269,False,0.0,0.0,0.0,0.0,0.0,1060446.16
18,2010-05-07,B,120653,65.64,2.981,132.1062,9.269,False,0.0,0.0,0.0,0.0,0.0,1222255.47
18,2010-05-14,B,120653,49.9,2.983,132.152129,9.269,False,0.0,0.0,0.0,0.0,0.0,1092616.49
18,2010-05-21,B,120653,60.27,2.961,132.2230323,9.269,False,0.0,0.0,0.0,0.0,0.0,1101621.3599999999
18,2010-05-28,B,120653,69.12,2.906,132.2939355,9.269,False,0.0,0.0,0.0,0.0,0.0,1256282.79
18,2010-06-04,B,120653,70.28,2.857,132.3648387,9.269,False,0.0,0.0,0.0,0.0,0.0,1271311.76
18,2010-06-11,B,120653,64.08,2.83,132.4357419,9.269,False,0.0,0.0,0.0,0.0,0.0,1173521.82
18,2010-06-18,B,120653,65.96,2.805,132.4733333,9.269,False,0.0,0.0,0.0,0.0,0.0,1183225.92
18,2010-06-25,B,120653,74.04,2.81,132.4976,9.269,False,0.0,0.0,0.0,0.0,0.0,1220983.17
18,2010-07-02,B,120653,71.22,2.815,132.5218667,9.342,False,0.0,0.0,0.0,0.0,0.0,1257928.35
18,2010-07-09,B,120653,79.75,2.806,132.5461333,9.342,False,0.0,0.0,0.0,0.0,0.0,1171391.41
18,2010-07-16,B,120653,76.9,2.796,132.5667742,9.342,False,0.0,0.0,0.0,0.0,0.0,1115514.61
18,2010-07-23,B,120653,75.71,2.784,132.5825806,9.342,False,0.0,0.0,0.0,0.0,0.0,1032908.23
18,2010-07-30,B,120653,75.79,2.792,132.5983871,9.342,False,0.0,0.0,0.0,0.0,0.0,1078557.6199999999
18,2010-08-06,B,120653,73.67,2.792,132.6141935,9.342,False,0.0,0.0,0.0,0.0,0.0,1166117.85
18,2010-08-13,B,120653,74.19,2.81,132.63,9.342,False,0.0,0.0,0.0,0.0,0.0,1084722.78
18,2010-08-20,B,120653,71.76,2.796,132.6616129,9.342,False,0.0,0.0,0.0,0.0,0.0,1141860.67
18,2010-08-27,B,120653,67.05,2.77,132.6932258,9.342,False,0.0,0.0,0.0,0.0,0.0,1214302.76
18,2010-09-03,B,120653,75.42,2.735,132.7248387,9.342,False,0.0,0.0,0.0,0.0,0.0,1187359.77
18,2010-09-10,B,120653,67.09,2.717,132.7564516,9.342,True,0.0,0.0,0.0,0.0,0.0,1011201.12
18,2010-09-17,B,120653,60.94,2.716,132.7670667,9.342,False,0.0,0.0,0.0,0.0,0.0,997998.21
18,2010-09-24,B,120653,64.82,2.718,132.7619333,9.342,False,0.0,0.0,0.0,0.0,0.0,950862.92
18,2010-10-01,B,120653,67.76,2.717,132.7568,9.331,False,0.0,0.0,0.0,0.0,0.0,948977.5
18,2010-10-08,B,120653,54.73,2.776,132.7516667,9.331,False,0.0,0.0,0.0,0.0,0.0,1107432.71
18,2010-10-15,B,120653,52.02,2.878,132.7633548,9.331,False,0.0,0.0,0.0,0.0,0.0,1029618.1
18,2010-10-22,B,120653,47.12,2.919,132.8170968,9.331,False,0.0,0.0,0.0,0.0,0.0,1052120.43
18,2010-10-29,B,120653,55.85,2.938,132.8708387,9.331,False,0.0,0.0,0.0,0.0,0.0,1038576.54
18,2010-11-05,B,120653,42.05,2.938,132.9245806,9.331,False,0.0,0.0,0.0,0.0,0.0,1089530.94
18,2010-11-12,B,120653,43.17,2.961,132.9783226,9.331,False,0.0,0.0,0.0,0.0,0.0,1081322.12
18,2010-11-19,B,120653,45.26,3.03,132.9172,9.331,False,0.0,0.0,0.0,0.0,0.0,1045722.37
18,2010-11-26,B,120653,40.81,3.07,132.8369333,9.331,True,0.0,0.0,0.0,0.0,0.0,1653759.36
18,2010-12-03,B,120653,37.09,3.065,132.7566667,9.331,False,0.0,0.0,0.0,0.0,0.0,1211026.13
18,2010-12-10,B,120653,25.64,3.132,132.6764,9.331,False,0.0,0.0,0.0,0.0,0.0,1416168.98
18,2010-12-17,B,120653,27.4,3.139,132.6804516,9.331,False,0.0,0.0,0.0,0.0,0.0,1588430.71
18,2010-12-24,B,120653,28.16,3.15,132.7477419,9.331,False,0.0,0.0,0.0,0.0,0.0,2027507.1500000001
18,2010-12-31,B,120653,26.1,3.177,132.8150323,9.331,True,0.0,0.0,0.0,0.0,0.0,887907.01
18,2011-01-07,B,120653,30.1,3.193,132.8823226,9.131,False,0.0,0.0,0.0,0.0,0.0,933960.3
18,2011-01-14,B,120653,22.69,3.215,132.9510645,9.131,False,0.0,0.0,0.0,0.0,0.0,777175.28
18,2011-01-21,B,120653,22.55,3.232,133.0285161,9.131,False,0.0,0.0,0.0,0.0,0.0,891148.55
18,2011-01-28,B,120653,14.84,3.243,133.1059677,9.131,False,0.0,0.0,0.0,0.0,0.0,849540.85
18,2011-02-04,B,120653,20.79,3.24,133.1834194,9.131,False,0.0,0.0,0.0,0.0,0.0,1055841.24
18,2011-02-11,B,120653,24.3,3.255,133.260871,9.131,True,0.0,0.0,0.0,0.0,0.0,1122053.58
18,2011-02-18,B,120653,31.59,3.263,133.3701429,9.131,False,0.0,0.0,0.0,0.0,0.0,1095058.57
18,2011-02-25,B,120653,26.15,3.281,133.4921429,9.131,False,0.0,0.0,0.0,0.0,0.0,1005983.3099999999
18,2011-03-04,B,120653,28.49,3.437,133.6141429,9.131,False,0.0,0.0,0.0,0.0,0.0,1063310.62
18,2011-03-11,B,120653,38.4,3.6,133.7361429,9.131,False,0.0,0.0,0.0,0.0,0.0,1002714.25
18,2011-03-18,B,120653,41.12,3.634,133.8492258,9.131,False,0.0,0.0,0.0,0.0,0.0,945889.59
18,2011-03-25,B,120653,36.65,3.624,133.9587419,9.131,False,0.0,0.0,0.0,0.0,0.0,944523.3
18,2011-04-01,B,120653,35.06,3.638,134.0682581,8.975,False,0.0,0.0,0.0,0.0,0.0,938083.17
18,2011-04-08,B,120653,43.32,3.72,134.1777742,8.975,False,0.0,0.0,0.0,0.0,0.0,1018541.3
18,2011-04-15,B,120653,49.91,3.823,134.2784667,8.975,False,0.0,0.0,0.0,0.0,0.0,988157.72
18,2011-04-22,B,120653,45.99,3.919,134.3571,8.975,False,0.0,0.0,0.0,0.0,0.0,1105860.06
18,2011-04-29,B,120653,58.82,3.988,134.4357333,8.975,False,0.0,0.0,0.0,0.0,0.0,974114.39
18,2011-05-06,B,120653,54.17,4.078,134.5143667,8.975,False,0.0,0.0,0.0,0.0,0.0,1065427.37
18,2011-05-13,B,120653,58.48,4.095,134.593,8.975,False,0.0,0.0,0.0,0.0,0.0,993172.98
18,2011-05-20,B,120653,57.55,4.101,134.6803871,8.975,False,0.0,0.0,0.0,0.0,0.0,994610.43
18,2011-05-27,B,120653,64.6,4.034,134.7677742,8.975,False,0.0,0.0,0.0,0.0,0.0,1065214.14
18,2011-06-03,B,120653,70.9,3.973,134.8551613,8.975,False,0.0,0.0,0.0,0.0,0.0,1178039.0
18,2011-06-10,B,120653,69.49,3.924,134.9425484,8.975,False,0.0,0.0,0.0,0.0,0.0,1044079.2
18,2011-06-17,B,120653,63.23,3.873,135.0837333,8.975,False,0.0,0.0,0.0,0.0,0.0,1045859.39
18,2011-06-24,B,120653,67.41,3.851,135.2652667,8.975,False,0.0,0.0,0.0,0.0,0.0,1056478.65
18,2011-07-01,B,120653,69.75,3.815,135.4468,8.89,False,0.0,0.0,0.0,0.0,0.0,1087051.26
18,2011-07-08,B,120653,73.12,3.784,135.6283333,8.89,False,0.0,0.0,0.0,0.0,0.0,1048802.62
18,2011-07-15,B,120653,74.36,3.827,135.7837419,8.89,False,0.0,0.0,0.0,0.0,0.0,974916.13
18,2011-07-22,B,120653,78.68,3.882,135.8738387,8.89,False,0.0,0.0,0.0,0.0,0.0,991262.46
18,2011-07-29,B,120653,73.85,3.898,135.9639355,8.89,False,0.0,0.0,0.0,0.0,0.0,954148.64
18,2011-08-05,B,120653,74.58,3.903,136.0540323,8.89,False,0.0,0.0,0.0,0.0,0.0,1002806.39
18,2011-08-12,B,120653,73.57,3.88,136.144129,8.89,False,0.0,0.0,0.0,0.0,0.0,928470.83
18,2011-08-19,B,120653,69.24,3.82,136.183129,8.89,False,0.0,0.0,0.0,0.0,0.0,932679.79
18,2011-08-26,B,120653,70.32,3.796,136.2136129,8.89,False,0.0,0.0,0.0,0.0,0.0,1147906.46
18,2011-09-02,B,120653,68.23,3.784,136.2440968,8.89,False,0.0,0.0,0.0,0.0,0.0,540922.94
18,2011-09-09,B,120653,68.11,3.809,136.2745806,8.89,True,0.0,0.0,0.0,0.0,0.0,951549.61
18,2011-09-16,B,120653,66.23,3.809,136.3145,8.89,False,0.0,0.0,0.0,0.0,0.0,845715.37
18,2011-09-23,B,120653,60.44,3.758,136.367,8.89,False,0.0,0.0,0.0,0.0,0.0,853073.17
18,2011-09-30,B,120653,69.01,3.684,136.4195,8.89,False,0.0,0.0,0.0,0.0,0.0,847348.08
18,2011-10-07,B,120653,54.65,3.633,136.472,8.471,False,0.0,0.0,0.0,0.0,0.0,1019741.1
18,2011-10-14,B,120653,60.26,3.583,136.5150968,8.471,False,0.0,0.0,0.0,0.0,0.0,953533.9500000001
18,2011-10-21,B,120653,55.83,3.618,136.5017742,8.471,False,0.0,0.0,0.0,0.0,0.0,1048212.62
18,2011-10-28,B,120653,45.61,3.604,136.4884516,8.471,False,0.0,0.0,0.0,0.0,0.0,1106642.63
18,2011-11-04,B,120653,38.29,3.586,136.475129,8.471,False,0.0,0.0,0.0,0.0,0.0,1100625.06
18,2011-11-11,B,120653,45.69,3.57,136.4618065,8.471,False,15992.53,14793.25,213.79,2921.6,3231.9,1079931.63
18,2011-11-18,B,120653,47.88,3.571,136.4666667,8.471,False,5223.35,1781.71,182.6,1170.74,4346.68,1056992.18
18,2011-11-25,B,120653,41.97,3.536,136.4788,8.471,True,748.82,46.0,71366.86,19.0,577.4,1624170.99
18,2011-12-02,B,120653,46.25,3.501,136.4909333,8.471,False,4614.36,7.0,1389.17,2419.58,23235.01,1188047.61
18,2011-12-09,B,120653,42.36,3.47,136.5030667,8.471,False,5128.67,10.5,659.34,2773.46,6374.67,1368471.23
18,2011-12-16,B,120653,35.52,3.445,136.5335161,8.471,False,3332.41,2.65,882.11,1350.2,2932.75,1516924.23
18,2011-12-23,B,120653,35.78,3.413,136.5883871,8.471,False,159.95,12.79,2083.28,71.51,2131.65,1882393.4
18,2011-12-30,B,120653,32.36,3.402,136.6432581,8.471,True,3214.22,53296.65,300.74,621.37,1276.08,1010562.49
18,2012-01-06,B,120653,31.27,3.439,136.698129,8.075,False,6196.77,43731.43,128.45,1653.17,8527.2,977286.07
18,2012-01-13,B,120653,35.25,3.523,136.753,8.075,False,3761.79,22411.4,10.54,807.3,2977.83,890130.25
18,2012-01-20,B,120653,24.2,3.542,136.8564194,8.075,False,4209.35,5114.77,3.66,414.31,965.11,937522.77
18,2012-01-27,B,120653,30.44,3.568,136.9598387,8.075,False,3237.56,3060.93,0.0,22.5,653.02,825584.22
18,2012-02-03,B,120653,37.62,3.633,137.0632581,8.075,False,19499.87,3227.0,424.44,43570.91,3158.83,1049772.04
18,2012-02-10,B,120653,32.83,3.655,137.1666774,8.075,True,36778.65,4105.7,222.56,16024.01,8840.68,1161615.51
18,2012-02-17,B,120653,32.87,3.703,137.2583103,8.075,False,17875.37,9663.67,2.0,10433.78,5439.08,1115985.81
18,2012-02-24,B,120653,36.34,3.751,137.3411034,8.075,False,8425.97,10284.14,0.0,1417.12,3566.91,1037861.11
18,2012-03-02,B,120653,33.59,3.827,137.4238966,8.075,False,26970.65,2430.78,152.58,28367.78,3625.67,1047178.91
18,2012-03-09,B,120653,38.1,3.876,137.5066897,8.075,False,7410.18,368.19,25.46,1852.39,2332.07,1084894.47
18,2012-03-16,B,120653,45.84,3.867,137.5843871,8.075,False,9284.23,167.65,4.93,2554.94,2070.14,1022018.43
18,2012-03-23,B,120653,58.06,3.889,137.6552903,8.075,False,4449.37,237.61,6.53,475.59,2848.63,1031139.3
18,2012-03-30,B,120653,45.35,3.921,137.7261935,8.075,False,13122.32,267.64,6.93,657.56,2566.75,1009121.2
18,2012-04-06,B,120653,43.8,3.957,137.7970968,8.304,False,7879.75,0.0,43.89,3186.17,5337.91,1200815.3
18,2012-04-13,B,120653,47.75,4.025,137.868,8.304,False,5798.35,9592.28,11.72,1492.2,2261.14,998443.5
18,2012-04-20,B,120653,60.88,4.046,137.9230667,8.304,False,9959.48,11361.33,10.57,203.57,2562.42,1025813.8
18,2012-04-27,B,120653,50.43,4.023,137.9781333,8.304,False,2255.05,5.83,23.93,17.92,1445.88,961186.23
18,2012-05-04,B,120653,49.66,3.991,138.0332,8.304,False,13737.74,0.0,39.54,4131.8,3521.29,1050027.89
18,2012-05-11,B,120653,57.44,3.947,138.0882667,8.304,False,11557.93,0.0,89.44,1570.63,3911.58,1060433.1
18,2012-05-18,B,120653,62.31,3.899,138.1065806,8.304,False,9525.2,0.0,70.23,868.98,2396.74,1047444.59
18,2012-05-25,B,120653,65.48,3.85,138.1101935,8.304,False,12179.37,0.0,251.38,2595.31,1605.36,1088446.58
18,2012-06-01,B,120653,71.42,3.798,138.1138065,8.304,False,13525.26,1.2,36.26,1889.92,1629.62,1118313.7
18,2012-06-08,B,120653,59.1,3.746,138.1174194,8.304,False,9422.6,218.0,32.42,427.69,6113.61,1110479.94
18,2012-06-15,B,120653,66.58,3.683,138.1295333,8.304,False,6285.43,296.4,0.44,3224.15,2870.91,1057425.83
18,2012-06-22,B,120653,70.92,3.629,138.1629,8.304,False,8206.82,478.09,1.37,3726.43,4323.55,1080357.89
18,2012-06-29,B,120653,70.17,3.577,138.1962667,8.304,False,4281.61,262.88,0.0,829.99,2102.06,1097006.3
18,2012-07-06,B,120653,76.08,3.538,138.2296333,8.535,False,7264.07,216.52,104.43,5508.05,4833.1,1158247.31
18,2012-07-13,B,120653,75.09,3.561,138.263,8.535,False,6538.92,113.06,0.28,3817.92,959.97,1024784.92
18,2012-07-20,B,120653,77.43,3.61,138.2331935,8.535,False,2316.87,161.52,27.08,525.04,887.18,1033543.56
18,2012-07-27,B,120653,72.97,3.701,138.2033871,8.535,False,4182.36,117.52,5.9,3944.27,4654.0,924506.26
18,2012-08-03,B,120653,72.67,3.698,138.1735806,8.535,False,20286.36,66.83,46.62,17046.57,1583.43,1052066.58
18,2012-08-10,B,120653,75.7,3.772,138.1437742,8.535,False,20397.03,134.57,41.72,3800.38,2169.34,967304.07
18,2012-08-17,B,120653,73.25,3.84,138.1857097,8.535,False,1852.64,70.36,8.9,2345.51,767.44,1048134.24
18,2012-08-24,B,120653,68.52,3.874,138.2814516,8.535,False,842.8,63.4,32.68,460.81,3260.03,1145840.91
18,2012-08-31,B,120653,70.09,3.884,138.3771935,8.535,False,20913.04,7.98,98.98,9800.5,4527.8,1117097.23
18,2012-09-07,B,120653,71.85,3.921,138.4729355,8.535,True,5817.03,3.0,99.56,346.88,4664.82,1083521.24
18,2012-09-14,B,120653,64.45,3.988,138.5673,8.535,False,10608.96,0.0,12.41,1458.55,5520.31,960476.1
18,2012-09-21,B,120653,60.23,4.056,138.6534,8.535,False,7820.69,41.64,296.78,1323.47,7158.18,971386.65
18,2012-09-28,B,120653,58.24,4.018,138.7395,8.535,False,2247.94,22.73,45.56,2464.93,1640.3,1002856.2
18,2012-10-05,B,120653,59.68,4.027,138.8256,8.243,False,6366.36,0.0,27.33,3667.31,3573.44,1092204.79
18,2012-10-12,B,120653,50.97,4.029,138.9117,8.243,False,2241.19,0.0,30.08,901.32,3592.56,1074079.0
18,2012-10-19,B,120653,51.96,4.0,138.8336129,8.243,False,1894.83,0.0,2.24,501.85,1453.25,1048706.75
18,2012-10-26,B,120653,56.09,3.917,138.7281613,8.243,False,5430.61,128.31,50.0,822.64,969.64,1127516.25
19,2010-02-05,A,203819,20.96,2.954,131.5279032,8.35,False,0.0,0.0,0.0,0.0,0.0,1507637.17
19,2010-02-12,A,203819,23.22,2.94,131.5866129,8.35,True,0.0,0.0,0.0,0.0,0.0,1536549.95
19,2010-02-19,A,203819,28.57,2.909,131.637,8.35,False,0.0,0.0,0.0,0.0,0.0,1515976.11
19,2010-02-26,A,203819,30.33,2.91,131.686,8.35,False,0.0,0.0,0.0,0.0,0.0,1373270.06
19,2010-03-05,A,203819,32.92,2.919,131.735,8.35,False,0.0,0.0,0.0,0.0,0.0,1495844.57
19,2010-03-12,A,203819,39.06,2.938,131.784,8.35,False,0.0,0.0,0.0,0.0,0.0,1467889.2
19,2010-03-19,A,203819,43.74,2.96,131.8242903,8.35,False,0.0,0.0,0.0,0.0,0.0,1332940.35
19,2010-03-26,A,203819,39.07,2.963,131.863129,8.35,False,0.0,0.0,0.0,0.0,0.0,1427023.45
19,2010-04-02,A,203819,45.26,2.957,131.9019677,8.185,False,0.0,0.0,0.0,0.0,0.0,1642970.27
19,2010-04-09,A,203819,55.66,2.992,131.9408065,8.185,False,0.0,0.0,0.0,0.0,0.0,1489613.32
19,2010-04-16,A,203819,49.67,3.01,131.9809,8.185,False,0.0,0.0,0.0,0.0,0.0,1460354.67
19,2010-04-23,A,203819,46.87,3.021,132.0226667,8.185,False,0.0,0.0,0.0,0.0,0.0,1456793.33
19,2010-04-30,A,203819,49.89,3.042,132.0644333,8.185,False,0.0,0.0,0.0,0.0,0.0,1405065.57
19,2010-05-07,A,203819,62.54,3.095,132.1062,8.185,False,0.0,0.0,0.0,0.0,0.0,1566219.77
19,2010-05-14,A,203819,46.53,3.112,132.152129,8.185,False,0.0,0.0,0.0,0.0,0.0,1437319.45
19,2010-05-21,A,203819,57.53,3.096,132.2230323,8.185,False,0.0,0.0,0.0,0.0,0.0,1377716.17
19,2010-05-28,A,203819,68.85,3.046,132.2939355,8.185,False,0.0,0.0,0.0,0.0,0.0,1648882.62
19,2010-06-04,A,203819,68.88,3.006,132.3648387,8.185,False,0.0,0.0,0.0,0.0,0.0,1519013.49
19,2010-06-11,A,203819,61.64,2.972,132.4357419,8.185,False,0.0,0.0,0.0,0.0,0.0,1410683.94
19,2010-06-18,A,203819,66.25,2.942,132.4733333,8.185,False,0.0,0.0,0.0,0.0,0.0,1457314.3900000001
19,2010-06-25,A,203819,72.3,2.958,132.4976,8.185,False,0.0,0.0,0.0,0.0,0.0,1450407.32
19,2010-07-02,A,203819,66.25,2.958,132.5218667,8.099,False,0.0,0.0,0.0,0.0,0.0,1549018.68
19,2010-07-09,A,203819,78.22,2.94,132.5461333,8.099,False,0.0,0.0,0.0,0.0,0.0,1577541.24
19,2010-07-16,A,203819,74.6,2.933,132.5667742,8.099,False,0.0,0.0,0.0,0.0,0.0,1412157.02
19,2010-07-23,A,203819,74.68,2.924,132.5825806,8.099,False,0.0,0.0,0.0,0.0,0.0,1372043.71
19,2010-07-30,A,203819,72.83,2.932,132.5983871,8.099,False,0.0,0.0,0.0,0.0,0.0,1366395.96
19,2010-08-06,A,203819,74.2,2.942,132.6141935,8.099,False,0.0,0.0,0.0,0.0,0.0,1492060.89
19,2010-08-13,A,203819,72.71,2.923,132.63,8.099,False,0.0,0.0,0.0,0.0,0.0,1418027.08
19,2010-08-20,A,203819,72.22,2.913,132.6616129,8.099,False,0.0,0.0,0.0,0.0,0.0,1419383.19
19,2010-08-27,A,203819,66.4,2.885,132.6932258,8.099,False,0.0,0.0,0.0,0.0,0.0,1557888.16
19,2010-09-03,A,203819,74.69,2.86,132.7248387,8.099,False,0.0,0.0,0.0,0.0,0.0,1623519.6400000001
19,2010-09-10,A,203819,63.36,2.837,132.7564516,8.099,True,0.0,0.0,0.0,0.0,0.0,1591453.39
19,2010-09-17,A,203819,58.68,2.846,132.7670667,8.099,False,0.0,0.0,0.0,0.0,0.0,1386789.31
19,2010-09-24,A,203819,63.43,2.837,132.7619333,8.099,False,0.0,0.0,0.0,0.0,0.0,1318343.58
19,2010-10-01,A,203819,59.91,2.84,132.7568,8.067,False,0.0,0.0,0.0,0.0,0.0,1379456.3
19,2010-10-08,A,203819,53.74,2.903,132.7516667,8.067,False,0.0,0.0,0.0,0.0,0.0,1428960.72
19,2010-10-15,A,203819,51.32,2.999,132.7633548,8.067,False,0.0,0.0,0.0,0.0,0.0,1369317.63
19,2010-10-22,A,203819,48.45,3.049,132.8170968,8.067,False,0.0,0.0,0.0,0.0,0.0,1357154.71
19,2010-10-29,A,203819,56.11,3.055,132.8708387,8.067,False,0.0,0.0,0.0,0.0,0.0,1404576.48
19,2010-11-05,A,203819,41.78,3.049,132.9245806,8.067,False,0.0,0.0,0.0,0.0,0.0,1435379.25
19,2010-11-12,A,203819,40.3,3.065,132.9783226,8.067,False,0.0,0.0,0.0,0.0,0.0,1490235.86
19,2010-11-19,A,203819,44.22,3.138,132.9172,8.067,False,0.0,0.0,0.0,0.0,0.0,1377593.1
19,2010-11-26,A,203819,42.62,3.186,132.8369333,8.067,True,0.0,0.0,0.0,0.0,0.0,1993367.83
19,2010-12-03,A,203819,36.64,3.2,132.7566667,8.067,False,0.0,0.0,0.0,0.0,0.0,1615987.96
19,2010-12-10,A,203819,25.12,3.255,132.6764,8.067,False,0.0,0.0,0.0,0.0,0.0,1799070.98
19,2010-12-17,A,203819,26.83,3.301,132.6804516,8.067,False,0.0,0.0,0.0,0.0,0.0,1911967.44
19,2010-12-24,A,203819,26.05,3.309,132.7477419,8.067,False,0.0,0.0,0.0,0.0,0.0,2678206.42
19,2010-12-31,A,203819,28.65,3.336,132.8150323,8.067,True,0.0,0.0,0.0,0.0,0.0,1275146.94
19,2011-01-07,A,203819,31.34,3.351,132.8823226,7.771,False,0.0,0.0,0.0,0.0,0.0,1224175.99
19,2011-01-14,A,203819,21.68,3.367,132.9510645,7.771,False,0.0,0.0,0.0,0.0,0.0,1181204.53
19,2011-01-21,A,203819,22.8,3.391,133.0285161,7.771,False,0.0,0.0,0.0,0.0,0.0,1212967.84
19,2011-01-28,A,203819,20.66,3.402,133.1059677,7.771,False,0.0,0.0,0.0,0.0,0.0,1284185.49
19,2011-02-04,A,203819,21.02,3.4,133.1834194,7.771,False,0.0,0.0,0.0,0.0,0.0,1370562.1099999999
19,2011-02-11,A,203819,21.79,3.416,133.260871,7.771,True,0.0,0.0,0.0,0.0,0.0,1430851.11
19,2011-02-18,A,203819,34.74,3.42,133.3701429,7.771,False,0.0,0.0,0.0,0.0,0.0,1457270.16
19,2011-02-25,A,203819,23.24,3.452,133.4921429,7.771,False,0.0,0.0,0.0,0.0,0.0,1296658.47
19,2011-03-04,A,203819,29.28,3.605,133.6141429,7.771,False,0.0,0.0,0.0,0.0,0.0,1433569.44
19,2011-03-11,A,203819,35.59,3.752,133.7361429,7.771,False,0.0,0.0,0.0,0.0,0.0,1351450.43
19,2011-03-18,A,203819,40.32,3.796,133.8492258,7.771,False,0.0,0.0,0.0,0.0,0.0,1257972.3699999999
19,2011-03-25,A,203819,33.26,3.789,133.9587419,7.771,False,0.0,0.0,0.0,0.0,0.0,1266564.94
19,2011-04-01,A,203819,30.68,3.811,134.0682581,7.658,False,0.0,0.0,0.0,0.0,0.0,1305950.22
19,2011-04-08,A,203819,41.26,3.895,134.1777742,7.658,False,0.0,0.0,0.0,0.0,0.0,1419911.91
19,2011-04-15,A,203819,48.67,3.981,134.2784667,7.658,False,0.0,0.0,0.0,0.0,0.0,1392093.04
19,2011-04-22,A,203819,41.66,4.061,134.3571,7.658,False,0.0,0.0,0.0,0.0,0.0,1514288.82
19,2011-04-29,A,203819,54.23,4.117,134.4357333,7.658,False,0.0,0.0,0.0,0.0,0.0,1297237.7
19,2011-05-06,A,203819,50.43,4.192,134.5143667,7.658,False,0.0,0.0,0.0,0.0,0.0,1451953.95
19,2011-05-13,A,203819,54.2,4.211,134.593,7.658,False,0.0,0.0,0.0,0.0,0.0,1429143.06
19,2011-05-20,A,203819,52.8,4.202,134.6803871,7.658,False,0.0,0.0,0.0,0.0,0.0,1355234.3
19,2011-05-27,A,203819,63.2,4.134,134.7677742,7.658,False,0.0,0.0,0.0,0.0,0.0,1388553.11
19,2011-06-03,A,203819,66.01,4.069,134.8551613,7.658,False,0.0,0.0,0.0,0.0,0.0,1457345.75
19,2011-06-10,A,203819,68.26,4.025,134.9425484,7.658,False,0.0,0.0,0.0,0.0,0.0,1467473.6300000001
19,2011-06-17,A,203819,64.02,3.989,135.0837333,7.658,False,0.0,0.0,0.0,0.0,0.0,1418973.6199999999
19,2011-06-24,A,203819,68.4,3.964,135.2652667,7.658,False,0.0,0.0,0.0,0.0,0.0,1440785.7
19,2011-07-01,A,203819,67.64,3.916,135.4468,7.806,False,0.0,0.0,0.0,0.0,0.0,1462731.93
19,2011-07-08,A,203819,73.2,3.886,135.6283333,7.806,False,0.0,0.0,0.0,0.0,0.0,1465489.75
19,2011-07-15,A,203819,73.7,3.915,135.7837419,7.806,False,0.0,0.0,0.0,0.0,0.0,1391580.41
19,2011-07-22,A,203819,79.37,3.972,135.8738387,7.806,False,0.0,0.0,0.0,0.0,0.0,1377119.45
19,2011-07-29,A,203819,74.86,4.004,135.9639355,7.806,False,0.0,0.0,0.0,0.0,0.0,1298775.8
19,2011-08-05,A,203819,73.84,4.02,136.0540323,7.806,False,0.0,0.0,0.0,0.0,0.0,1408968.55
19,2011-08-12,A,203819,70.92,3.995,136.144129,7.806,False,0.0,0.0,0.0,0.0,0.0,1360969.45
19,2011-08-19,A,203819,71.14,3.942,136.183129,7.806,False,0.0,0.0,0.0,0.0,0.0,1391792.69
19,2011-08-26,A,203819,69.34,3.906,136.2136129,7.806,False,0.0,0.0,0.0,0.0,0.0,1547729.24
19,2011-09-02,A,203819,69.27,3.879,136.2440968,7.806,False,0.0,0.0,0.0,0.0,0.0,1609951.02
19,2011-09-09,A,203819,68.28,3.93,136.2745806,7.806,True,0.0,0.0,0.0,0.0,0.0,1566712.79
19,2011-09-16,A,203819,62.76,3.937,136.3145,7.806,False,0.0,0.0,0.0,0.0,0.0,1365633.53
19,2011-09-23,A,203819,61.32,3.899,136.367,7.806,False,0.0,0.0,0.0,0.0,0.0,1300375.76
19,2011-09-30,A,203819,64.99,3.858,136.4195,7.806,False,0.0,0.0,0.0,0.0,0.0,1330757.22
19,2011-10-07,A,203819,53.1,3.775,136.472,7.866,False,0.0,0.0,0.0,0.0,0.0,1461718.87
19,2011-10-14,A,203819,61.86,3.744,136.5150968,7.866,False,0.0,0.0,0.0,0.0,0.0,1318905.53
19,2011-10-21,A,203819,52.05,3.757,136.5017742,7.866,False,0.0,0.0,0.0,0.0,0.0,1374863.1
19,2011-10-28,A,203819,46.49,3.757,136.4884516,7.866,False,0.0,0.0,0.0,0.0,0.0,1396612.36
19,2011-11-04,A,203819,44.97,3.738,136.475129,7.866,False,0.0,0.0,0.0,0.0,0.0,1480289.64
19,2011-11-11,A,203819,48.22,3.719,136.4618065,7.866,False,27064.58,16590.75,502.96,8568.62,6349.89,1502078.93
19,2011-11-18,A,203819,48.21,3.717,136.4666667,7.866,False,10100.14,1785.29,92.36,978.96,7776.94,1411835.57
19,2011-11-25,A,203819,42.75,3.689,136.4788,7.866,True,1328.35,1436.52,88805.58,23.79,1869.98,1974646.78
19,2011-12-02,A,203819,45.67,3.666,136.4909333,7.866,False,7197.6,239.76,9191.67,4716.48,28279.83,1484708.38
19,2011-12-09,A,203819,40.18,3.627,136.5030667,7.866,False,7210.8,9.5,481.91,4650.7,11954.56,1713769.06
19,2011-12-16,A,203819,37.07,3.611,136.5335161,7.866,False,5307.81,292.4,825.0,489.96,4799.18,1852179.1500000001
19,2011-12-23,A,203819,36.09,3.587,136.5883871,7.866,False,3124.45,475.86,1902.55,145.88,3248.83,2480159.47
19,2011-12-30,A,203819,31.65,3.566,136.6432581,7.866,True,6234.22,50438.17,210.34,1457.96,2373.94,1405168.06
19,2012-01-06,A,203819,31.84,3.585,136.698129,7.943,False,9970.68,26073.98,233.88,1552.93,10335.05,1266570.4
19,2012-01-13,A,203819,37.08,3.666,136.753,7.943,False,3504.09,11505.42,291.37,1698.88,5451.32,1182198.7
19,2012-01-20,A,203819,23.44,3.705,136.8564194,7.943,False,5571.99,5702.57,225.06,1122.08,2863.93,1237104.73
19,2012-01-27,A,203819,32.41,3.737,136.9598387,7.943,False,3112.37,4031.78,289.74,20.97,2353.81,1279623.26
19,2012-02-03,A,203819,36.22,3.796,137.0632581,7.943,False,51879.66,6433.83,394.18,52739.02,6473.61,1345311.65
19,2012-02-10,A,203819,32.61,3.826,137.1666774,7.943,True,12739.73,8415.91,279.21,16150.68,7888.04,1499496.67
19,2012-02-17,A,203819,30.95,3.874,137.2583103,7.943,False,14910.8,14860.19,82.94,11200.69,7571.06,1424720.27
19,2012-02-24,A,203819,33.91,3.917,137.3411034,7.943,False,13926.46,11835.35,2.8,4929.34,6287.18,1352470.09
19,2012-03-02,A,203819,34.83,3.983,137.4238966,7.943,False,28177.29,3485.95,22.78,31324.8,2851.55,1308977.05
19,2012-03-09,A,203819,38.15,4.021,137.5066897,7.943,False,6724.01,745.75,2.68,1532.63,3952.89,1358816.46
19,2012-03-16,A,203819,48.2,4.021,137.5843871,7.943,False,8353.56,84.57,3.04,3175.2,2613.7,1312849.1
19,2012-03-23,A,203819,56.72,4.054,137.6552903,7.943,False,6048.55,170.78,1.02,986.74,2684.83,1342254.55
19,2012-03-30,A,203819,43.47,4.098,137.7261935,7.943,False,9356.36,134.4,6.75,2056.18,3420.94,1327139.35
19,2012-04-06,A,203819,40.23,4.143,137.7970968,8.15,False,9337.26,0.0,52.59,2949.23,5996.69,1631737.68
19,2012-04-13,A,203819,44.42,4.187,137.868,8.15,False,5254.86,12590.76,22.55,1818.94,3264.93,1365098.46
19,2012-04-20,A,203819,55.2,4.17,137.9230667,8.15,False,6304.48,5712.68,34.16,1321.97,3751.92,1255087.26
19,2012-04-27,A,203819,42.45,4.163,137.9781333,8.15,False,3735.3,-265.76,52.82,67.72,2959.27,1285897.24
19,2012-05-04,A,203819,50.76,4.124,138.0332,8.15,False,21028.84,532.0,122.17,7269.47,2609.22,1405007.44
19,2012-05-11,A,203819,55.33,4.055,138.0882667,8.15,False,10882.1,0.0,30.22,1751.72,3236.51,1442873.22
19,2012-05-18,A,203819,58.81,4.029,138.1065806,8.15,False,12613.98,0.0,11.5,1705.28,3600.79,1366937.1
19,2012-05-25,A,203819,67.79,3.979,138.1101935,8.15,False,10665.28,0.0,1095.85,1053.96,2647.45,1485540.28
19,2012-06-01,A,203819,68.18,3.915,138.1138065,8.15,False,8247.79,36.2,100.6,2171.48,4578.85,1450733.29
19,2012-06-08,A,203819,60.19,3.871,138.1174194,8.15,False,10625.25,292.4,51.96,2760.12,6219.56,1390122.11
19,2012-06-15,A,203819,68.19,3.786,138.1295333,8.15,False,9987.83,697.0,0.05,2837.84,4710.66,1440263.15
19,2012-06-22,A,203819,75.83,3.722,138.1629,8.15,False,10418.79,1232.8,0.51,2971.07,12187.35,1468350.36
19,2012-06-29,A,203819,69.92,3.667,138.1962667,8.15,False,11993.32,535.4,0.0,3736.21,3432.8,1379652.65
19,2012-07-06,A,203819,76.07,3.646,138.2296333,8.193,False,10945.79,600.3,101.46,6664.35,7855.14,1557120.44
19,2012-07-13,A,203819,73.17,3.689,138.263,8.193,False,8183.44,328.2,35.88,2677.28,1877.81,1321741.35
19,2012-07-20,A,203819,76.17,3.732,138.2331935,8.193,False,6029.42,424.15,17.82,3070.32,2610.94,1317672.92
19,2012-07-27,A,203819,74.43,3.82,138.2033871,8.193,False,6705.0,282.26,5.43,4414.95,4550.07,1248915.43
19,2012-08-03,A,203819,73.41,3.819,138.1735806,8.193,False,36466.8,220.13,41.77,16284.94,2242.89,1342123.78
19,2012-08-10,A,203819,74.45,3.863,138.1437742,8.193,False,6196.55,232.43,76.35,3086.53,3417.36,1408907.89
19,2012-08-17,A,203819,69.83,3.963,138.1857097,8.193,False,4512.6,370.35,11.11,2282.3,3764.75,1375101.26
19,2012-08-24,A,203819,66.66,3.997,138.2814516,8.193,False,9087.86,237.03,102.63,5601.12,6738.74,1544653.3699999999
19,2012-08-31,A,203819,71.85,4.026,138.3771935,8.193,False,19970.78,236.96,23.99,7058.25,2595.88,1542719.87
19,2012-09-07,A,203819,72.2,4.076,138.4729355,8.193,True,9053.47,27.41,22.94,1677.12,4844.18,1497073.82
19,2012-09-14,A,203819,65.08,4.088,138.5673,8.193,False,13667.97,0.0,13.57,1166.93,7136.43,1370653.41
19,2012-09-21,A,203819,60.62,4.203,138.6534,8.193,False,11030.97,147.55,13.5,1516.01,9152.78,1338572.29
19,2012-09-28,A,203819,56.81,4.158,138.7395,8.193,False,2992.04,48.46,0.0,2463.88,3732.36,1338299.02
19,2012-10-05,A,203819,59.86,4.151,138.8256,7.992,False,6971.59,0.0,10.96,3640.93,3827.33,1408016.1
19,2012-10-12,A,203819,48.29,4.186,138.9117,7.992,False,2374.5,0.0,7.25,919.32,6101.0,1352809.5
19,2012-10-19,A,203819,53.44,4.153,138.8336129,7.992,False,2948.25,0.0,17.4,811.41,2017.49,1321102.35
19,2012-10-26,A,203819,56.49,4.071,138.7281613,7.992,False,5430.75,90.07,0.0,904.34,1665.77,1322117.96
20,2010-02-05,A,203742,25.92,2.784,204.2471935,8.187,False,0.0,0.0,0.0,0.0,0.0,2401395.47
20,2010-02-12,A,203742,22.12,2.773,204.3857472,8.187,True,0.0,0.0,0.0,0.0,0.0,2109107.9
20,2010-02-19,A,203742,25.43,2.745,204.4321004,8.187,False,0.0,0.0,0.0,0.0,0.0,2161549.7600000002
20,2010-02-26,A,203742,32.32,2.754,204.4630869,8.187,False,0.0,0.0,0.0,0.0,0.0,1898193.95
20,2010-03-05,A,203742,31.75,2.777,204.4940734,8.187,False,0.0,0.0,0.0,0.0,0.0,2119213.72
20,2010-03-12,A,203742,43.82,2.818,204.5250598,8.187,False,0.0,0.0,0.0,0.0,0.0,2010974.84
20,2010-03-19,A,203742,47.32,2.844,204.3782258,8.187,False,0.0,0.0,0.0,0.0,0.0,1951848.43
20,2010-03-26,A,203742,50.49,2.854,204.201755,8.187,False,0.0,0.0,0.0,0.0,0.0,1894742.95
20,2010-04-02,A,203742,51.0,2.85,204.0252842,7.856,False,0.0,0.0,0.0,0.0,0.0,2405395.22
20,2010-04-09,A,203742,65.1,2.869,203.8488134,7.856,False,0.0,0.0,0.0,0.0,0.0,2007796.26
20,2010-04-16,A,203742,55.43,2.899,203.7307486,7.856,False,0.0,0.0,0.0,0.0,0.0,1985784.59
20,2010-04-23,A,203742,50.65,2.902,203.6905586,7.856,False,0.0,0.0,0.0,0.0,0.0,1878862.42
20,2010-04-30,A,203742,54.75,2.921,203.6503685,7.856,False,0.0,0.0,0.0,0.0,0.0,1919053.21
20,2010-05-07,A,203742,66.74,2.966,203.6101784,7.856,False,0.0,0.0,0.0,0.0,0.0,2137202.38
20,2010-05-14,A,203742,55.91,2.982,203.6133915,7.856,False,0.0,0.0,0.0,0.0,0.0,2033211.6199999999
20,2010-05-21,A,203742,60.38,2.958,203.8770235,7.856,False,0.0,0.0,0.0,0.0,0.0,1893736.9
20,2010-05-28,A,203742,70.97,2.899,204.1406556,7.856,False,0.0,0.0,0.0,0.0,0.0,2065984.95
20,2010-06-04,A,203742,72.52,2.847,204.4042877,7.856,False,0.0,0.0,0.0,0.0,0.0,2203619.35
20,2010-06-11,A,203742,67.32,2.809,204.6679198,7.856,False,0.0,0.0,0.0,0.0,0.0,2100489.79
20,2010-06-18,A,203742,72.62,2.78,204.670036,7.856,False,0.0,0.0,0.0,0.0,0.0,2091903.63
20,2010-06-25,A,203742,75.17,2.808,204.5675459,7.856,False,0.0,0.0,0.0,0.0,0.0,1973135.87
20,2010-07-02,A,203742,70.1,2.815,204.4650559,7.527,False,0.0,0.0,0.0,0.0,0.0,2143676.77
20,2010-07-09,A,203742,78.09,2.793,204.3625658,7.527,False,0.0,0.0,0.0,0.0,0.0,2107285.85
20,2010-07-16,A,203742,75.14,2.783,204.3571656,7.527,False,0.0,0.0,0.0,0.0,0.0,2031852.16
20,2010-07-23,A,203742,77.75,2.771,204.4812188,7.527,False,0.0,0.0,0.0,0.0,0.0,1900535.9
20,2010-07-30,A,203742,76.03,2.781,204.605272,7.527,False,0.0,0.0,0.0,0.0,0.0,1955896.59
20,2010-08-06,A,203742,74.57,2.784,204.7293252,7.527,False,0.0,0.0,0.0,0.0,0.0,1910177.38
20,2010-08-13,A,203742,75.98,2.805,204.8533784,7.527,False,0.0,0.0,0.0,0.0,0.0,2071022.45
20,2010-08-20,A,203742,75.34,2.779,204.8217044,7.527,False,0.0,0.0,0.0,0.0,0.0,1975374.56
20,2010-08-27,A,203742,70.51,2.755,204.7900305,7.527,False,0.0,0.0,0.0,0.0,0.0,1946369.57
20,2010-09-03,A,203742,75.5,2.715,204.7583566,7.527,False,0.0,0.0,0.0,0.0,0.0,2121561.41
20,2010-09-10,A,203742,65.02,2.699,204.7266827,7.527,True,0.0,0.0,0.0,0.0,0.0,2014954.79
20,2010-09-17,A,203742,65.28,2.706,204.7513279,7.527,False,0.0,0.0,0.0,0.0,0.0,1948359.78
20,2010-09-24,A,203742,69.37,2.713,204.8182126,7.527,False,0.0,0.0,0.0,0.0,0.0,1789687.65
20,2010-10-01,A,203742,61.08,2.707,204.8850973,7.484,False,0.0,0.0,0.0,0.0,0.0,1933719.21
20,2010-10-08,A,203742,51.5,2.764,204.951982,7.484,False,0.0,0.0,0.0,0.0,0.0,2060389.27
20,2010-10-15,A,203742,59.17,2.868,205.0137637,7.484,False,0.0,0.0,0.0,0.0,0.0,1950676.39
20,2010-10-22,A,203742,50.52,2.917,205.0627881,7.484,False,0.0,0.0,0.0,0.0,0.0,1893955.27
20,2010-10-29,A,203742,57.56,2.921,205.1118126,7.484,False,0.0,0.0,0.0,0.0,0.0,1891816.0
20,2010-11-05,A,203742,42.78,2.917,205.160837,7.484,False,0.0,0.0,0.0,0.0,0.0,2184316.64
20,2010-11-12,A,203742,42.38,2.931,205.2098614,7.484,False,0.0,0.0,0.0,0.0,0.0,2187765.28
20,2010-11-19,A,203742,45.88,3.0,205.0992811,7.484,False,0.0,0.0,0.0,0.0,0.0,2105058.91
20,2010-11-26,A,203742,46.66,3.039,204.9621,7.484,True,0.0,0.0,0.0,0.0,0.0,2811634.04
20,2010-12-03,A,203742,35.47,3.046,204.8249189,7.484,False,0.0,0.0,0.0,0.0,0.0,2416051.17
20,2010-12-10,A,203742,24.27,3.109,204.6877378,7.484,False,0.0,0.0,0.0,0.0,0.0,2752122.08
20,2010-12-17,A,203742,24.07,3.14,204.6321194,7.484,False,0.0,0.0,0.0,0.0,0.0,2819193.17
20,2010-12-24,A,203742,25.17,3.141,204.6376731,7.484,False,0.0,0.0,0.0,0.0,0.0,3766687.43
20,2010-12-31,A,203742,28.85,3.179,204.6432267,7.484,True,0.0,0.0,0.0,0.0,0.0,1799737.79
20,2011-01-07,A,203742,31.43,3.193,204.6487803,7.343,False,0.0,0.0,0.0,0.0,0.0,1843030.95
20,2011-01-14,A,203742,20.39,3.205,204.7026042,7.343,False,0.0,0.0,0.0,0.0,0.0,1884345.01
20,2011-01-21,A,203742,27.43,3.229,205.0460497,7.343,False,0.0,0.0,0.0,0.0,0.0,1781805.66
20,2011-01-28,A,203742,23.21,3.237,205.3894952,7.343,False,0.0,0.0,0.0,0.0,0.0,1761506.68
20,2011-02-04,A,203742,28.58,3.231,205.7329407,7.343,False,0.0,0.0,0.0,0.0,0.0,2351143.07
20,2011-02-11,A,203742,25.38,3.239,206.0763862,7.343,True,0.0,0.0,0.0,0.0,0.0,2211388.14
20,2011-02-18,A,203742,42.95,3.245,206.3694701,7.343,False,0.0,0.0,0.0,0.0,0.0,2258616.24
20,2011-02-25,A,203742,33.2,3.274,206.6424093,7.343,False,0.0,0.0,0.0,0.0,0.0,1938608.52
20,2011-03-04,A,203742,37.33,3.433,206.9153485,7.343,False,0.0,0.0,0.0,0.0,0.0,2143424.61
20,2011-03-11,A,203742,39.53,3.582,207.1882876,7.343,False,0.0,0.0,0.0,0.0,0.0,1990932.77
20,2011-03-18,A,203742,44.8,3.631,207.4283845,7.343,False,0.0,0.0,0.0,0.0,0.0,1931668.64
20,2011-03-25,A,203742,44.83,3.625,207.6553444,7.343,False,0.0,0.0,0.0,0.0,0.0,1824711.21
20,2011-04-01,A,203742,32.43,3.638,207.8823043,7.287,False,0.0,0.0,0.0,0.0,0.0,1927993.09
20,2011-04-08,A,203742,47.09,3.72,208.1092642,7.287,False,0.0,0.0,0.0,0.0,0.0,2027056.3900000001
20,2011-04-15,A,203742,55.0,3.821,208.3172811,7.287,False,0.0,0.0,0.0,0.0,0.0,2057406.33
20,2011-04-22,A,203742,52.56,3.892,208.4779405,7.287,False,0.0,0.0,0.0,0.0,0.0,2313861.81
20,2011-04-29,A,203742,62.97,3.962,208.6386,7.287,False,0.0,0.0,0.0,0.0,0.0,1881788.19
20,2011-05-06,A,203742,53.41,4.046,208.7992595,7.287,False,0.0,0.0,0.0,0.0,0.0,2090838.44
20,2011-05-13,A,203742,62.26,4.066,208.9599189,7.287,False,0.0,0.0,0.0,0.0,0.0,2036748.53
20,2011-05-20,A,203742,59.01,4.062,208.7583165,7.287,False,0.0,0.0,0.0,0.0,0.0,1953416.06
20,2011-05-27,A,203742,69.12,3.985,208.556714,7.287,False,0.0,0.0,0.0,0.0,0.0,1944433.17
20,2011-06-03,A,203742,73.51,3.922,208.3551116,7.287,False,0.0,0.0,0.0,0.0,0.0,2182246.69
20,2011-06-10,A,203742,73.64,3.881,208.1535092,7.287,False,0.0,0.0,0.0,0.0,0.0,2135062.04
20,2011-06-17,A,203742,66.41,3.842,208.1265604,7.287,False,0.0,0.0,0.0,0.0,0.0,2065191.27
20,2011-06-24,A,203742,72.4,3.804,208.2306018,7.287,False,0.0,0.0,0.0,0.0,0.0,1950826.32
20,2011-07-01,A,203742,69.66,3.748,208.3346432,7.274,False,0.0,0.0,0.0,0.0,0.0,2053165.4100000001
20,2011-07-08,A,203742,74.69,3.711,208.4386847,7.274,False,0.0,0.0,0.0,0.0,0.0,2123787.79
20,2011-07-15,A,203742,74.88,3.76,208.5309337,7.274,False,0.0,0.0,0.0,0.0,0.0,2039875.75
20,2011-07-22,A,203742,78.89,3.811,208.5937018,7.274,False,0.0,0.0,0.0,0.0,0.0,1950904.84
20,2011-07-29,A,203742,77.47,3.829,208.6564699,7.274,False,0.0,0.0,0.0,0.0,0.0,1858440.92
20,2011-08-05,A,203742,77.8,3.842,208.719238,7.274,False,0.0,0.0,0.0,0.0,0.0,2189353.63
20,2011-08-12,A,203742,73.52,3.812,208.7820061,7.274,False,0.0,0.0,0.0,0.0,0.0,2052246.4
20,2011-08-19,A,203742,71.25,3.747,208.8424359,7.274,False,0.0,0.0,0.0,0.0,0.0,1990017.93
20,2011-08-26,A,203742,70.15,3.704,208.902476,7.274,False,0.0,0.0,0.0,0.0,0.0,1933577.2
20,2011-09-02,A,203742,70.82,3.703,208.9625161,7.274,False,0.0,0.0,0.0,0.0,0.0,2141765.98
20,2011-09-09,A,203742,68.74,3.738,209.0225562,7.274,True,0.0,0.0,0.0,0.0,0.0,2050542.56
20,2011-09-16,A,203742,64.02,3.742,209.1893892,7.274,False,0.0,0.0,0.0,0.0,0.0,1979009.46
20,2011-09-23,A,203742,62.15,3.711,209.4986126,7.274,False,0.0,0.0,0.0,0.0,0.0,1888119.7
20,2011-09-30,A,203742,63.44,3.645,209.807836,7.274,False,0.0,0.0,0.0,0.0,0.0,1945808.26
20,2011-10-07,A,203742,52.42,3.583,210.1170595,7.082,False,0.0,0.0,0.0,0.0,0.0,2135982.79
20,2011-10-14,A,203742,62.54,3.541,210.4027602,7.082,False,0.0,0.0,0.0,0.0,0.0,2010107.68
20,2011-10-21,A,203742,53.69,3.57,210.5473252,7.082,False,0.0,0.0,0.0,0.0,0.0,2104241.9
20,2011-10-28,A,203742,49.36,3.569,210.6918901,7.082,False,0.0,0.0,0.0,0.0,0.0,2065421.52
20,2011-11-04,A,203742,43.88,3.551,210.8364551,7.082,False,0.0,0.0,0.0,0.0,0.0,2284106.6
20,2011-11-11,A,203742,47.27,3.53,210.9810201,7.082,False,34348.14,11652.84,549.25,9606.11,5472.37,2269975.85
20,2011-11-18,A,203742,49.3,3.53,211.1847207,7.082,False,4817.96,1673.96,658.55,1043.37,6545.16,2169933.82
20,2011-11-25,A,203742,46.38,3.492,211.4120757,7.082,True,335.66,80.0,101378.79,64.46,2251.98,2906233.25
20,2011-12-02,A,203742,46.32,3.452,211.6394306,7.082,False,10007.34,60.0,25959.98,6140.65,35675.62,2298776.83
20,2011-12-09,A,203742,41.64,3.415,211.8667856,7.082,False,9458.19,81.5,791.04,5254.23,11447.14,2546123.78
20,2011-12-16,A,203742,37.16,3.413,212.0685039,7.082,False,5488.56,217.03,1776.71,466.19,4535.27,2762816.65
20,2011-12-23,A,203742,40.19,3.389,212.2360401,7.082,False,1483.17,80.15,2145.46,38.97,4180.29,3555371.03
20,2011-12-30,A,203742,36.35,3.389,212.4035763,7.082,True,6918.65,97740.99,270.38,1648.03,2852.19,2043245.0
20,2012-01-06,A,203742,33.42,3.422,212.5711125,6.961,False,9273.46,45971.43,207.6,1365.38,5460.86,1964701.94
20,2012-01-13,A,203742,37.79,3.513,212.7386486,6.961,False,3627.81,18632.14,108.48,847.7,3614.04,1911510.64
20,2012-01-20,A,203742,27.65,3.533,212.8336399,6.961,False,2465.98,5030.4,106.54,999.54,3380.92,1892775.94
20,2012-01-27,A,203742,37.19,3.567,212.9286312,6.961,False,1023.6,3044.15,106.08,52.87,2447.73,1761016.51
20,2012-02-03,A,203742,39.93,3.617,213.0236225,6.961,False,58928.52,8766.77,226.27,53603.99,8301.25,2203523.2
20,2012-02-10,A,203742,33.47,3.64,213.1186138,6.961,True,9804.0,13171.55,132.42,16864.33,7535.63,2462978.2800000003
20,2012-02-17,A,203742,31.11,3.695,213.2732106,6.961,False,27400.95,19179.87,10.5,11087.4,10204.37,2309025.16
20,2012-02-24,A,203742,39.79,3.739,213.4725116,6.961,False,11230.85,10561.94,12.2,1457.31,21024.39,2045837.55
20,2012-03-02,A,203742,39.98,3.816,213.6718127,6.961,False,34117.01,3200.31,6.0,22275.03,4989.3,2148822.7600000002
20,2012-03-09,A,203742,41.14,3.848,213.8711137,6.961,False,10686.42,750.14,3.67,3867.16,3518.62,2139265.4
20,2012-03-16,A,203742,53.73,3.862,214.0167132,6.961,False,6745.04,310.32,6.94,3282.4,2895.89,2064991.71
20,2012-03-23,A,203742,66.11,3.9,214.0907105,6.961,False,3580.87,612.11,7.01,332.11,4032.81,1992436.96
20,2012-03-30,A,203742,51.52,3.953,214.1647079,6.961,False,9569.49,116.47,7.75,1285.42,3908.61,2074721.74
20,2012-04-06,A,203742,50.06,3.996,214.2387053,7.139,False,8408.31,12.57,50.79,4289.46,7382.25,2565259.92
20,2012-04-13,A,203742,45.68,4.044,214.3127027,7.139,False,9671.84,7934.59,68.02,2515.97,2667.15,2045396.06
20,2012-04-20,A,203742,60.11,4.027,214.3675045,7.139,False,7522.16,5650.88,67.26,1066.17,4006.0,1884427.84
20,2012-04-27,A,203742,47.64,4.004,214.4223063,7.139,False,2332.34,2.82,41.39,28.04,3318.17,1886503.93
20,2012-05-04,A,203742,62.74,3.951,214.4771081,7.139,False,24594.6,496.0,38.52,9381.13,4648.85,2163510.89
20,2012-05-11,A,203742,63.19,3.889,214.5319099,7.139,False,17598.62,0.0,19.51,2889.48,3242.44,2168097.11
20,2012-05-18,A,203742,60.99,3.848,214.5485571,7.139,False,8077.14,512.0,5.13,2746.24,3677.78,2039222.26
20,2012-05-25,A,203742,70.04,3.798,214.5499425,7.139,False,11548.3,0.0,1042.6,1554.19,3450.52,2114989.0
20,2012-06-01,A,203742,73.67,3.742,214.5513278,7.139,False,12240.61,17.4,82.98,3560.21,3373.36,2143126.59
20,2012-06-08,A,203742,62.01,3.689,214.5527132,7.139,False,8353.32,516.6,46.76,2073.77,7774.31,2231962.13
20,2012-06-15,A,203742,71.51,3.62,214.5653243,7.139,False,9584.57,657.4,3.99,3667.7,5230.22,2165160.29
20,2012-06-22,A,203742,76.51,3.564,214.606,7.139,False,12173.74,875.7,2.36,4195.01,7516.62,2060588.69
20,2012-06-29,A,203742,74.15,3.506,214.6466757,7.139,False,6569.4,605.7,0.0,561.31,4567.03,2055952.6099999999
20,2012-07-06,A,203742,79.2,3.475,214.6873514,7.28,False,13826.89,342.6,182.74,7751.95,3675.32,2358055.3
20,2012-07-13,A,203742,78.27,3.523,214.728027,7.28,False,8679.19,99.7,22.34,4960.49,7877.54,2134680.12
20,2012-07-20,A,203742,76.04,3.567,214.7331351,7.28,False,3156.68,142.66,34.1,2751.92,6194.07,1970170.29
20,2012-07-27,A,203742,74.6,3.647,214.7382432,7.28,False,11481.26,130.17,7.09,11794.45,3238.04,1911559.1
20,2012-08-03,A,203742,74.73,3.654,214.7433514,7.28,False,31549.63,83.64,40.76,25656.34,3188.65,2094515.71
20,2012-08-10,A,203742,75.4,3.722,214.7484595,7.28,False,16845.14,156.18,12.47,6921.28,6346.44,2144245.39
20,2012-08-17,A,203742,69.57,3.807,214.825578,7.28,False,3008.99,99.68,1.12,2535.66,2831.84,2045061.22
20,2012-08-24,A,203742,68.27,3.834,214.9567044,7.28,False,6125.02,53.4,84.62,9638.85,8710.31,2005341.4300000002
20,2012-08-31,A,203742,72.66,3.867,215.0878309,7.28,False,19058.96,32.04,125.49,9015.83,4449.08,2062481.56
20,2012-09-07,A,203742,76.36,3.911,215.2189573,7.28,True,11783.56,-0.99,83.85,1938.4,3708.67,2080529.06
20,2012-09-14,A,203742,64.84,3.948,215.3583757,7.28,False,10404.97,0.0,40.11,1481.31,8655.59,2047949.98
20,2012-09-21,A,203742,60.94,4.038,215.5475459,7.28,False,8475.15,168.56,49.78,1727.92,9072.77,2028587.24
20,2012-09-28,A,203742,58.65,3.997,215.7367162,7.28,False,6245.6,52.64,21.5,3301.81,7195.56,2008350.58
20,2012-10-05,A,203742,60.77,3.985,215.9258865,7.293,False,5800.66,0.0,33.68,4286.15,3224.25,2246411.89
20,2012-10-12,A,203742,47.2,4.0,216.1150568,7.293,False,2449.31,0.0,35.08,1019.9,9743.56,2162951.36
20,2012-10-19,A,203742,56.26,3.969,216.1464699,7.293,False,4174.31,0.0,15.84,838.05,3838.56,1999363.49
20,2012-10-26,A,203742,60.04,3.882,216.1515902,7.293,False,10813.19,22.33,102.91,867.39,1671.76,2031650.55
21,2010-02-05,B,140167,39.05,2.572,210.7526053,8.324,False,0.0,0.0,0.0,0.0,0.0,798593.88
21,2010-02-12,B,140167,37.77,2.548,210.8979935,8.324,True,0.0,0.0,0.0,0.0,0.0,809321.44
21,2010-02-19,B,140167,39.75,2.514,210.9451605,8.324,False,0.0,0.0,0.0,0.0,0.0,867283.25
21,2010-02-26,B,140167,45.31,2.561,210.9759573,8.324,False,0.0,0.0,0.0,0.0,0.0,749597.24
21,2010-03-05,B,140167,48.61,2.625,211.0067542,8.324,False,0.0,0.0,0.0,0.0,0.0,747444.32
21,2010-03-12,B,140167,57.1,2.667,211.037551,8.324,False,0.0,0.0,0.0,0.0,0.0,712312.89
21,2010-03-19,B,140167,54.68,2.72,210.8733316,8.324,False,0.0,0.0,0.0,0.0,0.0,727070.0
21,2010-03-26,B,140167,51.66,2.732,210.6766095,8.324,False,0.0,0.0,0.0,0.0,0.0,686497.53
21,2010-04-02,B,140167,64.12,2.719,210.4798874,8.2,False,0.0,0.0,0.0,0.0,0.0,753664.12
21,2010-04-09,B,140167,65.74,2.77,210.2831653,8.2,False,0.0,0.0,0.0,0.0,0.0,751181.4
21,2010-04-16,B,140167,67.87,2.808,210.1495463,8.2,False,0.0,0.0,0.0,0.0,0.0,716026.51
21,2010-04-23,B,140167,64.21,2.795,210.1000648,8.2,False,0.0,0.0,0.0,0.0,0.0,718780.59
21,2010-04-30,B,140167,66.93,2.78,210.0505833,8.2,False,0.0,0.0,0.0,0.0,0.0,680532.69
21,2010-05-07,B,140167,70.87,2.835,210.0011018,8.2,False,0.0,0.0,0.0,0.0,0.0,744969.42
21,2010-05-14,B,140167,73.08,2.854,209.9984585,8.2,False,0.0,0.0,0.0,0.0,0.0,723559.88
21,2010-05-21,B,140167,74.24,2.826,210.2768443,8.2,False,0.0,0.0,0.0,0.0,0.0,753361.72
21,2010-05-28,B,140167,80.94,2.759,210.5552301,8.2,False,0.0,0.0,0.0,0.0,0.0,755214.26
21,2010-06-04,B,140167,82.68,2.705,210.833616,8.2,False,0.0,0.0,0.0,0.0,0.0,806012.48
21,2010-06-11,B,140167,83.51,2.668,211.1120018,8.2,False,0.0,0.0,0.0,0.0,0.0,784305.55
21,2010-06-18,B,140167,86.18,2.637,211.1096543,8.2,False,0.0,0.0,0.0,0.0,0.0,785104.29
21,2010-06-25,B,140167,87.01,2.653,210.9950134,8.2,False,0.0,0.0,0.0,0.0,0.0,769848.75
21,2010-07-02,B,140167,82.29,2.669,210.8803726,8.099,False,0.0,0.0,0.0,0.0,0.0,711470.8
21,2010-07-09,B,140167,81.67,2.642,210.7657317,8.099,False,0.0,0.0,0.0,0.0,0.0,714677.47
21,2010-07-16,B,140167,85.61,2.623,210.7577954,8.099,False,0.0,0.0,0.0,0.0,0.0,755098.41
21,2010-07-23,B,140167,87.17,2.608,210.8921319,8.099,False,0.0,0.0,0.0,0.0,0.0,765823.48
21,2010-07-30,B,140167,83.59,2.64,211.0264684,8.099,False,0.0,0.0,0.0,0.0,0.0,715876.27
21,2010-08-06,B,140167,90.3,2.627,211.1608049,8.099,False,0.0,0.0,0.0,0.0,0.0,739279.1900000001
21,2010-08-13,B,140167,89.65,2.692,211.2951413,8.099,False,0.0,0.0,0.0,0.0,0.0,793589.18
21,2010-08-20,B,140167,89.58,2.664,211.2596586,8.099,False,0.0,0.0,0.0,0.0,0.0,848873.28
21,2010-08-27,B,140167,86.2,2.619,211.2241759,8.099,False,0.0,0.0,0.0,0.0,0.0,855882.57
21,2010-09-03,B,140167,82.57,2.577,211.1886931,8.099,False,0.0,0.0,0.0,0.0,0.0,727772.8
21,2010-09-10,B,140167,79.3,2.565,211.1532104,8.099,True,0.0,0.0,0.0,0.0,0.0,674055.81
21,2010-09-17,B,140167,83.03,2.582,211.1806415,8.099,False,0.0,0.0,0.0,0.0,0.0,684340.86
21,2010-09-24,B,140167,80.79,2.624,211.2552578,8.099,False,0.0,0.0,0.0,0.0,0.0,671688.06
21,2010-10-01,B,140167,70.28,2.603,211.3298742,8.163,False,0.0,0.0,0.0,0.0,0.0,677158.39
21,2010-10-08,B,140167,65.76,2.633,211.4044906,8.163,False,0.0,0.0,0.0,0.0,0.0,680579.49
21,2010-10-15,B,140167,68.61,2.72,211.4713286,8.163,False,0.0,0.0,0.0,0.0,0.0,693412.05
21,2010-10-22,B,140167,70.72,2.725,211.5187208,8.163,False,0.0,0.0,0.0,0.0,0.0,710668.45
21,2010-10-29,B,140167,67.51,2.716,211.5661131,8.163,False,0.0,0.0,0.0,0.0,0.0,731756.65
21,2010-11-05,B,140167,58.71,2.689,211.6135053,8.163,False,0.0,0.0,0.0,0.0,0.0,719888.76
21,2010-11-12,B,140167,60.95,2.728,211.6608975,8.163,False,0.0,0.0,0.0,0.0,0.0,735796.38
21,2010-11-19,B,140167,51.71,2.771,211.5470304,8.163,False,0.0,0.0,0.0,0.0,0.0,756288.89
21,2010-11-26,B,140167,62.96,2.735,211.4062867,8.163,True,0.0,0.0,0.0,0.0,0.0,1245628.61
21,2010-12-03,B,140167,50.43,2.708,211.265543,8.163,False,0.0,0.0,0.0,0.0,0.0,829210.73
21,2010-12-10,B,140167,46.35,2.843,211.1247993,8.163,False,0.0,0.0,0.0,0.0,0.0,943891.64
21,2010-12-17,B,140167,48.63,2.869,211.0645458,8.163,False,0.0,0.0,0.0,0.0,0.0,1147556.83
21,2010-12-24,B,140167,51.29,2.886,211.0646599,8.163,False,0.0,0.0,0.0,0.0,0.0,1587257.78
21,2010-12-31,B,140167,47.19,2.943,211.064774,8.163,True,0.0,0.0,0.0,0.0,0.0,672903.23
21,2011-01-07,B,140167,44.24,2.976,211.0648881,8.028,False,0.0,0.0,0.0,0.0,0.0,629152.0599999999
21,2011-01-14,B,140167,34.14,2.983,211.1176713,8.028,False,0.0,0.0,0.0,0.0,0.0,650789.13
21,2011-01-21,B,140167,42.72,3.016,211.4864691,8.028,False,0.0,0.0,0.0,0.0,0.0,663941.73
21,2011-01-28,B,140167,44.04,3.01,211.8552668,8.028,False,0.0,0.0,0.0,0.0,0.0,649878.29
21,2011-02-04,B,140167,36.33,2.989,212.2240646,8.028,False,0.0,0.0,0.0,0.0,0.0,596218.24
21,2011-02-11,B,140167,34.61,3.022,212.5928624,8.028,True,0.0,0.0,0.0,0.0,0.0,771908.51
21,2011-02-18,B,140167,59.87,3.045,212.9033115,8.028,False,0.0,0.0,0.0,0.0,0.0,884701.92
21,2011-02-25,B,140167,61.27,3.065,213.190421,8.028,False,0.0,0.0,0.0,0.0,0.0,768313.85
21,2011-03-04,B,140167,59.52,3.288,213.4775305,8.028,False,0.0,0.0,0.0,0.0,0.0,796277.72
21,2011-03-11,B,140167,54.69,3.459,213.7646401,8.028,False,0.0,0.0,0.0,0.0,0.0,763479.9
21,2011-03-18,B,140167,63.26,3.488,214.0156238,8.028,False,0.0,0.0,0.0,0.0,0.0,793569.0
21,2011-03-25,B,140167,70.33,3.473,214.2521573,8.028,False,0.0,0.0,0.0,0.0,0.0,753711.32
21,2011-04-01,B,140167,56.36,3.524,214.4886908,7.931,False,0.0,0.0,0.0,0.0,0.0,732056.37
21,2011-04-08,B,140167,68.62,3.622,214.7252242,7.931,False,0.0,0.0,0.0,0.0,0.0,744782.89
21,2011-04-15,B,140167,71.01,3.743,214.9420631,7.931,False,0.0,0.0,0.0,0.0,0.0,768390.05
21,2011-04-22,B,140167,70.79,3.807,215.1096657,7.931,False,0.0,0.0,0.0,0.0,0.0,801302.01
21,2011-04-29,B,140167,70.19,3.81,215.2772683,7.931,False,0.0,0.0,0.0,0.0,0.0,783250.75
21,2011-05-06,B,140167,61.87,3.906,215.4448709,7.931,False,0.0,0.0,0.0,0.0,0.0,718898.33
21,2011-05-13,B,140167,75.04,3.899,215.6124735,7.931,False,0.0,0.0,0.0,0.0,0.0,754236.7000000001
21,2011-05-20,B,140167,68.36,3.907,215.3834778,7.931,False,0.0,0.0,0.0,0.0,0.0,744836.56
21,2011-05-27,B,140167,76.86,3.786,215.1544822,7.931,False,0.0,0.0,0.0,0.0,0.0,744389.8099999999
21,2011-06-03,B,140167,83.82,3.699,214.9254865,7.931,False,0.0,0.0,0.0,0.0,0.0,773878.58
21,2011-06-10,B,140167,84.71,3.648,214.6964908,7.931,False,0.0,0.0,0.0,0.0,0.0,794397.89
21,2011-06-17,B,140167,87.54,3.637,214.6513538,7.931,False,0.0,0.0,0.0,0.0,0.0,823220.43
21,2011-06-24,B,140167,85.72,3.594,214.7441108,7.931,False,0.0,0.0,0.0,0.0,0.0,771298.98
21,2011-07-01,B,140167,87.57,3.524,214.8368678,7.852,False,0.0,0.0,0.0,0.0,0.0,784639.12
21,2011-07-08,B,140167,89.16,3.48,214.9296249,7.852,False,0.0,0.0,0.0,0.0,0.0,734099.4
21,2011-07-15,B,140167,91.05,3.575,215.0134426,7.852,False,0.0,0.0,0.0,0.0,0.0,728311.15
21,2011-07-22,B,140167,90.27,3.651,215.0749122,7.852,False,0.0,0.0,0.0,0.0,0.0,784490.67
21,2011-07-29,B,140167,91.56,3.682,215.1363819,7.852,False,0.0,0.0,0.0,0.0,0.0,751167.12
21,2011-08-05,B,140167,94.22,3.684,215.1978515,7.852,False,0.0,0.0,0.0,0.0,0.0,783614.89
21,2011-08-12,B,140167,92.32,3.638,215.2593211,7.852,False,0.0,0.0,0.0,0.0,0.0,776933.37
21,2011-08-19,B,140167,90.11,3.554,215.3229307,7.852,False,0.0,0.0,0.0,0.0,0.0,855546.5
21,2011-08-26,B,140167,92.07,3.523,215.386897,7.852,False,0.0,0.0,0.0,0.0,0.0,821127.53
21,2011-09-02,B,140167,91.94,3.533,215.4508632,7.852,False,0.0,0.0,0.0,0.0,0.0,705557.8
21,2011-09-09,B,140167,78.87,3.546,215.5148295,7.852,True,0.0,0.0,0.0,0.0,0.0,653989.65
21,2011-09-16,B,140167,80.62,3.526,215.6944378,7.852,False,0.0,0.0,0.0,0.0,0.0,653525.84
21,2011-09-23,B,140167,75.68,3.467,216.0282356,7.852,False,0.0,0.0,0.0,0.0,0.0,681913.29
21,2011-09-30,B,140167,78.91,3.355,216.3620333,7.852,False,0.0,0.0,0.0,0.0,0.0,651970.48
21,2011-10-07,B,140167,71.64,3.285,216.6958311,7.441,False,0.0,0.0,0.0,0.0,0.0,663452.46
21,2011-10-14,B,140167,69.79,3.274,217.0048261,7.441,False,0.0,0.0,0.0,0.0,0.0,671379.44
21,2011-10-21,B,140167,65.16,3.353,217.1650042,7.441,False,0.0,0.0,0.0,0.0,0.0,729036.0599999999
21,2011-10-28,B,140167,65.46,3.372,217.3251824,7.441,False,0.0,0.0,0.0,0.0,0.0,738812.0
21,2011-11-04,B,140167,56.01,3.332,217.4853605,7.441,False,0.0,0.0,0.0,0.0,0.0,767358.37
21,2011-11-11,B,140167,59.8,3.297,217.6455387,7.441,False,5522.33,7898.33,11.1,2489.99,7562.52,757369.87
21,2011-11-18,B,140167,61.9,3.308,217.8670218,7.441,False,8864.34,545.17,58.71,747.43,4961.44,737014.09
21,2011-11-25,B,140167,56.43,3.236,218.1130269,7.441,True,233.85,206.36,40561.8,319.19,170.64,1219263.4
21,2011-12-02,B,140167,48.72,3.172,218.3590319,7.441,False,3389.1,43.0,1258.32,325.35,8623.67,793184.25
21,2011-12-09,B,140167,41.44,3.158,218.605037,7.441,False,6862.3,19.0,330.9,4746.58,17822.36,897747.13
21,2011-12-16,B,140167,50.56,3.159,218.8217928,7.441,False,1846.83,65.06,163.18,393.58,2731.41,1027584.51
21,2011-12-23,B,140167,46.54,3.112,218.9995495,7.441,False,759.8,6.92,577.46,29.81,2830.92,1384552.17
21,2011-12-30,B,140167,45.16,3.129,219.1773063,7.441,True,2880.59,32642.96,124.32,419.61,3010.84,804362.36
21,2012-01-06,B,140167,48.1,3.157,219.355063,7.057,False,2211.62,28369.34,7.74,753.62,3371.85,640181.86
21,2012-01-13,B,140167,45.0,3.261,219.5328198,7.057,False,4873.12,13367.98,0.46,396.66,1861.16,631181.25
21,2012-01-20,B,140167,52.21,3.268,219.6258417,7.057,False,4436.0,1092.91,3.46,387.92,3943.31,651178.2
21,2012-01-27,B,140167,50.79,3.29,219.7188636,7.057,False,714.08,602.88,0.0,18.42,2562.85,611258.71
21,2012-02-03,B,140167,55.83,3.36,219.8118854,7.057,False,24617.88,1598.17,41.45,25134.87,3110.22,680725.43
21,2012-02-10,B,140167,46.52,3.409,219.9049073,7.057,True,26115.19,3985.95,13.1,16646.38,7628.83,770652.7899999999
21,2012-02-17,B,140167,45.03,3.51,220.0651993,7.057,False,12365.91,7922.13,1.38,7862.71,5348.94,834663.52
21,2012-02-24,B,140167,54.81,3.555,220.275944,7.057,False,7012.83,5600.94,0.5,2229.25,4606.24,747099.0700000001
21,2012-03-02,B,140167,59.3,3.63,220.4866886,7.057,False,14017.62,1076.98,7.07,8891.83,3182.63,764385.4
21,2012-03-09,B,140167,57.16,3.669,220.6974332,7.057,False,7379.46,190.49,4.79,479.87,7489.48,755084.4
21,2012-03-16,B,140167,63.39,3.734,220.8498468,7.057,False,6510.79,158.12,5.86,2972.55,6576.96,767338.32
21,2012-03-23,B,140167,62.96,3.787,220.9244858,7.057,False,4713.76,155.09,2.38,534.23,4878.22,729759.97
21,2012-03-30,B,140167,67.87,3.845,220.9991248,7.057,False,12592.65,180.02,0.0,1101.6,11593.14,724798.76
21,2012-04-06,B,140167,69.02,3.891,221.0737638,6.891,False,14207.85,0.0,6.99,3662.26,1615.27,761956.5800000001
21,2012-04-13,B,140167,69.03,3.891,221.1484028,6.891,False,6932.19,4118.13,2.79,983.98,1285.54,769319.04
21,2012-04-20,B,140167,66.97,3.877,221.2021074,6.891,False,3738.69,3287.37,0.77,894.38,2882.6,734858.91
21,2012-04-27,B,140167,69.21,3.814,221.255812,6.891,False,2262.49,4.23,2.77,14.0,2289.63,674829.58
21,2012-05-04,B,140167,77.53,3.749,221.3095166,6.891,False,14858.74,0.0,8.12,4179.63,3281.61,697645.32
21,2012-05-11,B,140167,74.14,3.688,221.3632212,6.891,False,9252.47,0.0,5.16,2908.8,2619.09,649945.54
21,2012-05-18,B,140167,72.42,3.63,221.380331,6.891,False,4088.63,0.0,28.62,1397.46,2772.05,700554.16
21,2012-05-25,B,140167,79.49,3.561,221.3828029,6.891,False,7790.27,0.0,508.5,1575.99,4490.59,722891.24
21,2012-06-01,B,140167,79.24,3.501,221.3852748,6.891,False,11678.88,0.0,60.71,3660.14,3630.08,695439.83
21,2012-06-08,B,140167,79.47,3.452,221.3877467,6.891,False,7055.91,10.8,93.05,751.89,4570.78,707895.72
21,2012-06-15,B,140167,81.51,3.393,221.4009901,6.891,False,6177.81,61.6,0.75,2970.97,3281.16,727049.04
21,2012-06-22,B,140167,81.78,3.346,221.4411622,6.891,False,7545.68,79.95,0.51,3498.46,7223.83,735870.0
21,2012-06-29,B,140167,88.05,3.286,221.4813343,6.891,False,5130.81,38.3,0.0,1849.32,3879.62,716341.39
21,2012-07-06,B,140167,85.26,3.227,221.5215064,6.565,False,6607.09,63.2,37.39,3667.62,3438.32,693013.59
21,2012-07-13,B,140167,82.51,3.256,221.5616784,6.565,False,5088.14,17.8,2.16,2908.11,1533.27,668132.36
21,2012-07-20,B,140167,84.25,3.311,221.5701123,6.565,False,4773.73,57.8,10.12,3554.45,4341.89,691200.33
21,2012-07-27,B,140167,88.09,3.407,221.5785461,6.565,False,7903.89,12.92,3.43,10055.75,4183.82,677789.14
21,2012-08-03,B,140167,91.57,3.417,221.5869799,6.565,False,41897.36,26.8,5.27,18198.04,5735.86,693785.85
21,2012-08-10,B,140167,89.57,3.494,221.5954138,6.565,False,8467.09,27.6,7.17,4045.91,4196.28,700272.01
21,2012-08-17,B,140167,85.55,3.571,221.6751459,6.565,False,3036.2,15.6,50.0,3128.07,1844.7,751963.8099999999
21,2012-08-24,B,140167,77.72,3.62,221.8083518,6.565,False,6291.49,3.0,0.0,5817.38,6514.73,802003.61
21,2012-08-31,B,140167,83.58,3.638,221.9415576,6.565,False,20597.87,43.8,29.1,9935.11,3004.08,763867.59
21,2012-09-07,B,140167,88.4,3.73,222.0747635,6.565,True,10259.59,20.0,8.12,2815.73,2279.98,642827.29
21,2012-09-14,B,140167,76.1,3.717,222.2174395,6.565,False,6761.03,0.0,9.73,1332.23,3359.45,628494.63
21,2012-09-21,B,140167,71.54,3.721,222.4169362,6.565,False,9104.0,33.73,12.28,1675.24,8387.92,667151.46
21,2012-09-28,B,140167,80.38,3.666,222.6164329,6.565,False,5955.46,4.91,0.0,1458.77,7206.16,647097.65
21,2012-10-05,B,140167,70.28,3.617,222.8159296,6.17,False,7818.46,0.0,21.03,4198.54,4532.58,651768.91
21,2012-10-12,B,140167,61.53,3.601,223.0154263,6.17,False,4007.81,0.0,15.79,610.52,3714.75,653043.44
21,2012-10-19,B,140167,68.52,3.594,223.0598077,6.17,False,1144.77,0.0,5.62,724.63,7812.29,641368.14
21,2012-10-26,B,140167,70.5,3.506,223.0783366,6.17,False,7477.8,24.95,206.5,754.69,2667.13,675202.87
22,2010-02-05,B,119557,24.36,2.788,135.3524608,8.283,False,0.0,0.0,0.0,0.0,0.0,1033017.37
22,2010-02-12,B,119557,28.14,2.771,135.4113076,8.283,True,0.0,0.0,0.0,0.0,0.0,1022571.25
22,2010-02-19,B,119557,31.96,2.747,135.4657781,8.283,False,0.0,0.0,0.0,0.0,0.0,988467.61
22,2010-02-26,B,119557,35.98,2.753,135.5195191,8.283,False,0.0,0.0,0.0,0.0,0.0,899761.48
22,2010-03-05,B,119557,36.82,2.766,135.5732602,8.283,False,0.0,0.0,0.0,0.0,0.0,1009201.24
22,2010-03-12,B,119557,43.43,2.805,135.6270013,8.283,False,0.0,0.0,0.0,0.0,0.0,967187.37
22,2010-03-19,B,119557,46.03,2.834,135.6682247,8.283,False,0.0,0.0,0.0,0.0,0.0,966145.09
22,2010-03-26,B,119557,48.56,2.831,135.7073618,8.283,False,0.0,0.0,0.0,0.0,0.0,1012075.12
22,2010-04-02,B,119557,44.96,2.826,135.7464988,8.348,False,0.0,0.0,0.0,0.0,0.0,1177340.99
22,2010-04-09,B,119557,57.06,2.849,135.7856359,8.348,False,0.0,0.0,0.0,0.0,0.0,1033171.07
22,2010-04-16,B,119557,51.14,2.885,135.82725,8.348,False,0.0,0.0,0.0,0.0,0.0,1000968.67
22,2010-04-23,B,119557,51.04,2.895,135.8721667,8.348,False,0.0,0.0,0.0,0.0,0.0,969594.47
22,2010-04-30,B,119557,50.96,2.935,135.9170833,8.348,False,0.0,0.0,0.0,0.0,0.0,977683.06
22,2010-05-07,B,119557,63.81,2.981,135.962,8.348,False,0.0,0.0,0.0,0.0,0.0,1052973.28
22,2010-05-14,B,119557,50.99,2.983,136.010394,8.348,False,0.0,0.0,0.0,0.0,0.0,973585.33
22,2010-05-21,B,119557,59.99,2.961,136.0796521,8.348,False,0.0,0.0,0.0,0.0,0.0,979977.89
22,2010-05-28,B,119557,65.64,2.906,136.1489101,8.348,False,0.0,0.0,0.0,0.0,0.0,1103740.4
22,2010-06-04,B,119557,69.49,2.857,136.2181682,8.348,False,0.0,0.0,0.0,0.0,0.0,1095539.1300000001
22,2010-06-11,B,119557,65.01,2.83,136.2874263,8.348,False,0.0,0.0,0.0,0.0,0.0,1061196.47
22,2010-06-18,B,119557,67.13,2.805,136.3243393,8.348,False,0.0,0.0,0.0,0.0,0.0,1052895.25
22,2010-06-25,B,119557,74.37,2.81,136.3483143,8.348,False,0.0,0.0,0.0,0.0,0.0,1095020.33
22,2010-07-02,B,119557,72.88,2.815,136.3722893,8.433,False,0.0,0.0,0.0,0.0,0.0,1120259.71
22,2010-07-09,B,119557,79.22,2.806,136.3962643,8.433,False,0.0,0.0,0.0,0.0,0.0,1092654.26
22,2010-07-16,B,119557,76.3,2.796,136.4179827,8.433,False,0.0,0.0,0.0,0.0,0.0,988392.99
22,2010-07-23,B,119557,76.91,2.784,136.4366924,8.433,False,0.0,0.0,0.0,0.0,0.0,974123.2
22,2010-07-30,B,119557,76.35,2.792,136.4554021,8.433,False,0.0,0.0,0.0,0.0,0.0,970773.64
22,2010-08-06,B,119557,74.37,2.792,136.4741118,8.433,False,0.0,0.0,0.0,0.0,0.0,1010326.14
22,2010-08-13,B,119557,74.75,2.81,136.4928214,8.433,False,0.0,0.0,0.0,0.0,0.0,993097.4299999999
22,2010-08-20,B,119557,73.21,2.796,136.5249182,8.433,False,0.0,0.0,0.0,0.0,0.0,1017045.4400000001
22,2010-08-27,B,119557,68.99,2.77,136.557015,8.433,False,0.0,0.0,0.0,0.0,0.0,1081420.96
22,2010-09-03,B,119557,75.85,2.735,136.5891118,8.433,False,0.0,0.0,0.0,0.0,0.0,1074535.88
22,2010-09-10,B,119557,68.6,2.717,136.6212085,8.433,True,0.0,0.0,0.0,0.0,0.0,924174.4
22,2010-09-17,B,119557,62.49,2.716,136.6338071,8.433,False,0.0,0.0,0.0,0.0,0.0,918285.97
22,2010-09-24,B,119557,65.14,2.718,136.6317821,8.433,False,0.0,0.0,0.0,0.0,0.0,902779.25
22,2010-10-01,B,119557,69.31,2.717,136.6297571,8.572,False,0.0,0.0,0.0,0.0,0.0,905987.17
22,2010-10-08,B,119557,56.32,2.776,136.6277321,8.572,False,0.0,0.0,0.0,0.0,0.0,1015051.62
22,2010-10-15,B,119557,55.23,2.878,136.6401935,8.572,False,0.0,0.0,0.0,0.0,0.0,954401.46
22,2010-10-22,B,119557,50.24,2.919,136.688871,8.572,False,0.0,0.0,0.0,0.0,0.0,960998.52
22,2010-10-29,B,119557,57.73,2.938,136.7375484,8.572,False,0.0,0.0,0.0,0.0,0.0,1025766.27
22,2010-11-05,B,119557,44.34,2.938,136.7862258,8.572,False,0.0,0.0,0.0,0.0,0.0,1006888.16
22,2010-11-12,B,119557,44.42,2.961,136.8349032,8.572,False,0.0,0.0,0.0,0.0,0.0,1043698.64
22,2010-11-19,B,119557,48.62,3.03,136.7715714,8.572,False,0.0,0.0,0.0,0.0,0.0,985896.4400000001
22,2010-11-26,B,119557,44.61,3.07,136.6895714,8.572,True,0.0,0.0,0.0,0.0,0.0,1564502.26
22,2010-12-03,B,119557,39.42,3.065,136.6075714,8.572,False,0.0,0.0,0.0,0.0,0.0,1230514.58
22,2010-12-10,B,119557,28.43,3.132,136.5255714,8.572,False,0.0,0.0,0.0,0.0,0.0,1367202.84
22,2010-12-17,B,119557,30.46,3.139,136.5292811,8.572,False,0.0,0.0,0.0,0.0,0.0,1527682.99
22,2010-12-24,B,119557,29.76,3.15,136.597273,8.572,False,0.0,0.0,0.0,0.0,0.0,1962445.04
22,2010-12-31,B,119557,28.49,3.177,136.665265,8.572,True,0.0,0.0,0.0,0.0,0.0,774262.28
22,2011-01-07,B,119557,32.56,3.193,136.7332569,8.458,False,0.0,0.0,0.0,0.0,0.0,873954.7
22,2011-01-14,B,119557,24.76,3.215,136.803477,8.458,False,0.0,0.0,0.0,0.0,0.0,807535.52
22,2011-01-21,B,119557,26.8,3.232,136.8870657,8.458,False,0.0,0.0,0.0,0.0,0.0,855001.02
22,2011-01-28,B,119557,20.61,3.243,136.9706544,8.458,False,0.0,0.0,0.0,0.0,0.0,799369.15
22,2011-02-04,B,119557,26.39,3.24,137.0542431,8.458,False,0.0,0.0,0.0,0.0,0.0,946060.98
22,2011-02-11,B,119557,28.89,3.255,137.1378318,8.458,True,0.0,0.0,0.0,0.0,0.0,1009206.33
22,2011-02-18,B,119557,35.34,3.263,137.2511849,8.458,False,0.0,0.0,0.0,0.0,0.0,975964.86
22,2011-02-25,B,119557,30.23,3.281,137.3764439,8.458,False,0.0,0.0,0.0,0.0,0.0,911245.43
22,2011-03-04,B,119557,33.52,3.437,137.5017028,8.458,False,0.0,0.0,0.0,0.0,0.0,997353.15
22,2011-03-11,B,119557,41.42,3.6,137.6269617,8.458,False,0.0,0.0,0.0,0.0,0.0,944587.23
22,2011-03-18,B,119557,43.38,3.634,137.7398929,8.458,False,0.0,0.0,0.0,0.0,0.0,926427.12
22,2011-03-25,B,119557,38.77,3.624,137.8478929,8.458,False,0.0,0.0,0.0,0.0,0.0,933528.39
22,2011-04-01,B,119557,36.04,3.638,137.9558929,8.252,False,0.0,0.0,0.0,0.0,0.0,951588.37
22,2011-04-08,B,119557,44.42,3.72,138.0638929,8.252,False,0.0,0.0,0.0,0.0,0.0,969046.6900000001
22,2011-04-15,B,119557,48.88,3.823,138.1646952,8.252,False,0.0,0.0,0.0,0.0,0.0,1008557.04
22,2011-04-22,B,119557,47.76,3.919,138.2475036,8.252,False,0.0,0.0,0.0,0.0,0.0,1152781.9
22,2011-04-29,B,119557,57.2,3.988,138.3303119,8.252,False,0.0,0.0,0.0,0.0,0.0,926133.8
22,2011-05-06,B,119557,53.63,4.078,138.4131202,8.252,False,0.0,0.0,0.0,0.0,0.0,1032076.06
22,2011-05-13,B,119557,57.71,4.095,138.4959286,8.252,False,0.0,0.0,0.0,0.0,0.0,1001558.74
22,2011-05-20,B,119557,58.56,4.101,138.587106,8.252,False,0.0,0.0,0.0,0.0,0.0,970307.83
22,2011-05-27,B,119557,62.59,4.034,138.6782834,8.252,False,0.0,0.0,0.0,0.0,0.0,1021568.34
22,2011-06-03,B,119557,70.09,3.973,138.7694608,8.252,False,0.0,0.0,0.0,0.0,0.0,1125169.92
22,2011-06-10,B,119557,69.53,3.924,138.8606382,8.252,False,0.0,0.0,0.0,0.0,0.0,1060868.49
22,2011-06-17,B,119557,63.97,3.873,139.0028333,8.252,False,0.0,0.0,0.0,0.0,0.0,1042454.61
22,2011-06-24,B,119557,68.53,3.851,139.1832917,8.252,False,0.0,0.0,0.0,0.0,0.0,1012584.2
22,2011-07-01,B,119557,70.8,3.815,139.36375,8.023,False,0.0,0.0,0.0,0.0,0.0,1077491.68
22,2011-07-08,B,119557,74.22,3.784,139.5442083,8.023,False,0.0,0.0,0.0,0.0,0.0,1017050.65
22,2011-07-15,B,119557,75.2,3.827,139.7006325,8.023,False,0.0,0.0,0.0,0.0,0.0,961953.57
22,2011-07-22,B,119557,77.79,3.882,139.7969712,8.023,False,0.0,0.0,0.0,0.0,0.0,964683.8
22,2011-07-29,B,119557,75.32,3.898,139.8933099,8.023,False,0.0,0.0,0.0,0.0,0.0,944958.69
22,2011-08-05,B,119557,75.33,3.903,139.9896486,8.023,False,0.0,0.0,0.0,0.0,0.0,983232.96
22,2011-08-12,B,119557,74.69,3.88,140.0859873,8.023,False,0.0,0.0,0.0,0.0,0.0,991779.2
22,2011-08-19,B,119557,71.3,3.82,140.1289205,8.023,False,0.0,0.0,0.0,0.0,0.0,973004.91
22,2011-08-26,B,119557,72.22,3.796,140.1629528,8.023,False,0.0,0.0,0.0,0.0,0.0,1181815.31
22,2011-09-02,B,119557,69.16,3.784,140.196985,8.023,False,0.0,0.0,0.0,0.0,0.0,912762.76
22,2011-09-09,B,119557,69.14,3.809,140.2310173,8.023,True,0.0,0.0,0.0,0.0,0.0,1004434.54
22,2011-09-16,B,119557,68.08,3.809,140.2735,8.023,False,0.0,0.0,0.0,0.0,0.0,937420.65
22,2011-09-23,B,119557,62.36,3.758,140.32725,8.023,False,0.0,0.0,0.0,0.0,0.0,899834.75
22,2011-09-30,B,119557,69.78,3.684,140.381,8.023,False,0.0,0.0,0.0,0.0,0.0,953314.16
22,2011-10-07,B,119557,56.44,3.633,140.43475,7.706,False,0.0,0.0,0.0,0.0,0.0,993436.67
22,2011-10-14,B,119557,62.63,3.583,140.4784194,7.706,False,0.0,0.0,0.0,0.0,0.0,944337.32
22,2011-10-21,B,119557,59.3,3.618,140.4616048,7.706,False,0.0,0.0,0.0,0.0,0.0,981567.22
22,2011-10-28,B,119557,49.31,3.604,140.4447903,7.706,False,0.0,0.0,0.0,0.0,0.0,1099351.68
22,2011-11-04,B,119557,42.81,3.586,140.4279758,7.706,False,0.0,0.0,0.0,0.0,0.0,1106575.59
22,2011-11-11,B,119557,47.8,3.57,140.4111613,7.706,False,12691.27,16756.86,435.92,3159.94,6275.41,1051740.29
22,2011-11-18,B,119557,50.62,3.571,140.4127857,7.706,False,16544.63,659.84,88.86,747.89,6846.81,1007579.4400000001
22,2011-11-25,B,119557,46.28,3.536,140.4217857,7.706,True,1649.31,0.0,70087.94,7.5,5266.9,1535857.49
22,2011-12-02,B,119557,49.11,3.501,140.4307857,7.706,False,10739.64,0.0,926.79,3397.08,29944.71,1167621.14
22,2011-12-09,B,119557,45.35,3.47,140.4397857,7.706,False,3311.44,0.0,125.93,2499.81,16837.64,1308967.44
22,2011-12-16,B,119557,39.11,3.445,140.4700795,7.706,False,5083.51,0.0,463.79,423.22,4590.08,1453153.33
22,2011-12-23,B,119557,39.83,3.413,140.528765,7.706,False,963.24,5.39,936.62,5.0,4250.08,1863195.68
22,2011-12-30,B,119557,36.28,3.402,140.5874505,7.706,True,6840.65,55072.53,35.75,388.44,5826.4,982661.14
22,2012-01-06,B,119557,34.61,3.439,140.6461359,7.503,False,5803.25,34453.8,22.94,1777.64,8239.01,895358.2
22,2012-01-13,B,119557,39.0,3.523,140.7048214,7.503,False,2325.12,19455.8,6.06,520.21,5824.45,855437.5700000001
22,2012-01-20,B,119557,29.16,3.542,140.8086118,7.503,False,1697.47,7401.88,2.73,1934.2,7147.3,897027.44
22,2012-01-27,B,119557,35.68,3.568,140.9124021,7.503,False,1048.86,4022.06,0.0,9.88,2507.98,786459.23
22,2012-02-03,B,119557,40.58,3.633,141.0161924,7.503,False,88646.76,5196.77,27.71,57815.43,8823.94,958487.75
22,2012-02-10,B,119557,35.68,3.655,141.1199827,7.503,True,10155.75,6392.28,3.34,9811.63,5448.98,1034448.0700000001
22,2012-02-17,B,119557,36.25,3.703,141.2140357,7.503,False,14910.44,10572.12,2.0,10409.34,5499.8,1004749.41
22,2012-02-24,B,119557,39.0,3.751,141.3007857,7.503,False,10045.03,7913.38,0.0,8695.83,3361.36,912958.95
22,2012-03-02,B,119557,37.47,3.827,141.3875357,7.503,False,28298.18,3333.76,89.58,25615.48,3141.76,974866.65
22,2012-03-09,B,119557,41.72,3.876,141.4742857,7.503,False,7634.61,348.71,0.5,1351.75,5563.8,991127.01
22,2012-03-16,B,119557,46.06,3.867,141.55478,7.503,False,8463.01,51.31,11.36,3719.23,4895.18,966780.01
22,2012-03-23,B,119557,54.68,3.889,141.6269332,7.503,False,5667.37,96.9,8.73,511.14,2598.98,992774.4
22,2012-03-30,B,119557,46.4,3.921,141.6990864,7.503,False,11628.21,29.6,3.59,1653.46,3327.97,965769.93
22,2012-04-06,B,119557,46.38,3.957,141.7712396,7.671,False,8593.09,0.0,17.67,1946.99,5729.6,1197489.66
22,2012-04-13,B,119557,49.89,4.025,141.8433929,7.671,False,5981.5,10877.85,9.5,1633.96,1932.86,939118.24
22,2012-04-20,B,119557,58.81,4.046,141.9015262,7.671,False,7200.16,6519.27,14.55,54.25,3897.67,1000342.87
22,2012-04-27,B,119557,51.42,4.023,141.9596595,7.671,False,2573.49,0.18,6.31,247.76,2140.08,922539.94
22,2012-05-04,B,119557,50.75,3.991,142.0177929,7.671,False,21823.53,0.0,37.87,6586.49,1565.11,1005083.3099999999
22,2012-05-11,B,119557,56.72,3.947,142.0759262,7.671,False,16294.31,0.0,100.09,3370.19,3482.48,997868.63
22,2012-05-18,B,119557,61.9,3.899,142.0970115,7.671,False,10611.25,0.0,51.9,1482.63,2464.02,986612.02
22,2012-05-25,B,119557,62.39,3.85,142.1032776,7.671,False,9329.34,0.0,309.12,1369.3,2638.03,1047297.38
22,2012-06-01,B,119557,70.01,3.798,142.1095438,7.671,False,16432.28,7.6,73.36,3723.8,3331.57,1102857.37
22,2012-06-08,B,119557,61.71,3.746,142.1158099,7.671,False,18261.32,142.4,19.79,3041.13,4316.44,1061134.3699999999
22,2012-06-15,B,119557,66.56,3.683,142.1292548,7.671,False,9564.7,193.9,9.06,3070.27,2588.53,1061219.19
22,2012-06-22,B,119557,70.61,3.629,142.1606464,7.671,False,8154.53,387.4,0.0,2396.96,3938.83,1112449.3
22,2012-06-29,B,119557,70.99,3.577,142.1920381,7.671,False,3297.53,345.5,0.0,339.38,2257.49,1053881.78
22,2012-07-06,B,119557,77.41,3.538,142.2234298,7.753,False,10677.48,296.2,12.79,6485.38,3465.23,1097786.1400000001
22,2012-07-13,B,119557,75.81,3.561,142.2548214,7.753,False,4773.8,183.5,14.16,2046.91,1457.01,971361.38
22,2012-07-20,B,119557,76.57,3.61,142.2337569,7.753,False,3250.89,101.3,15.49,1986.27,2800.15,991969.37
22,2012-07-27,B,119557,73.52,3.701,142.2126924,7.753,False,5336.52,42.97,2.31,8546.62,3644.59,925731.21
22,2012-08-03,B,119557,72.99,3.698,142.1916279,7.753,False,35383.88,88.92,27.32,18389.63,3237.41,1007257.83
22,2012-08-10,B,119557,76.74,3.772,142.1705634,7.753,False,7212.77,22.87,15.43,2623.17,1906.3,973812.79
22,2012-08-17,B,119557,74.92,3.84,142.2157385,7.753,False,5160.04,91.43,0.0,2273.84,2354.36,981273.26
22,2012-08-24,B,119557,70.42,3.874,142.3105933,7.753,False,10456.16,100.54,104.14,6657.04,4648.25,1060906.75
22,2012-08-31,B,119557,71.93,3.884,142.4054482,7.753,False,37707.43,40.66,119.53,6761.03,2307.61,1022270.86
22,2012-09-07,B,119557,73.3,3.921,142.500303,7.753,True,12941.56,4.0,37.34,2510.1,3346.55,996628.8
22,2012-09-14,B,119557,66.42,3.988,142.5938833,7.753,False,7069.56,3.44,8.43,499.91,6011.9,918049.28
22,2012-09-21,B,119557,63.38,4.056,142.6798167,7.753,False,7150.28,106.01,19.0,1217.3,7556.34,921612.53
22,2012-09-28,B,119557,62.17,4.018,142.76575,7.753,False,4269.8,23.73,1.72,2763.63,2130.39,976479.51
22,2012-10-05,B,119557,62.09,4.027,142.8516833,7.543,False,5294.37,0.0,4.25,1447.19,3652.84,1009887.36
22,2012-10-12,B,119557,54.18,4.029,142.9376167,7.543,False,1558.08,0.0,10.35,485.2,4291.26,1004039.84
22,2012-10-19,B,119557,55.28,4.0,142.8633629,7.543,False,2834.71,0.0,3.66,459.34,3171.35,978027.95
22,2012-10-26,B,119557,57.58,3.917,142.7624113,7.543,False,7330.98,111.86,152.91,536.08,708.93,1094422.69
23,2010-02-05,B,114533,15.25,2.788,131.5279032,5.892,False,0.0,0.0,0.0,0.0,0.0,1364721.58
23,2010-02-12,B,114533,18.75,2.771,131.5866129,5.892,True,0.0,0.0,0.0,0.0,0.0,1380892.08
23,2010-02-19,B,114533,26.7,2.747,131.637,5.892,False,0.0,0.0,0.0,0.0,0.0,1319588.04
23,2010-02-26,B,114533,32.68,2.753,131.686,5.892,False,0.0,0.0,0.0,0.0,0.0,1198709.65
23,2010-03-05,B,114533,33.15,2.766,131.735,5.892,False,0.0,0.0,0.0,0.0,0.0,1311175.93
23,2010-03-12,B,114533,36.07,2.805,131.784,5.892,False,0.0,0.0,0.0,0.0,0.0,1408082.96
23,2010-03-19,B,114533,43.01,2.834,131.8242903,5.892,False,0.0,0.0,0.0,0.0,0.0,1229008.32
23,2010-03-26,B,114533,38.59,2.831,131.863129,5.892,False,0.0,0.0,0.0,0.0,0.0,1310701.8
23,2010-04-02,B,114533,40.5,2.826,131.9019677,5.435,False,0.0,0.0,0.0,0.0,0.0,1556627.6199999999
23,2010-04-09,B,114533,56.82,2.849,131.9408065,5.435,False,0.0,0.0,0.0,0.0,0.0,1264434.7
23,2010-04-16,B,114533,44.25,2.885,131.9809,5.435,False,0.0,0.0,0.0,0.0,0.0,1288823.72
23,2010-04-23,B,114533,46.4,2.895,132.0226667,5.435,False,0.0,0.0,0.0,0.0,0.0,1315023.08
23,2010-04-30,B,114533,45.47,2.935,132.0644333,5.435,False,0.0,0.0,0.0,0.0,0.0,1259414.52
23,2010-05-07,B,114533,61.04,2.981,132.1062,5.435,False,0.0,0.0,0.0,0.0,0.0,1365552.28
23,2010-05-14,B,114533,45.33,2.983,132.152129,5.435,False,0.0,0.0,0.0,0.0,0.0,1303055.09
23,2010-05-21,B,114533,57.94,2.961,132.2230323,5.435,False,0.0,0.0,0.0,0.0,0.0,1327424.28
23,2010-05-28,B,114533,69.26,2.906,132.2939355,5.435,False,0.0,0.0,0.0,0.0,0.0,1571158.56
23,2010-06-04,B,114533,64.94,2.857,132.3648387,5.435,False,0.0,0.0,0.0,0.0,0.0,1514435.51
23,2010-06-11,B,114533,58.35,2.83,132.4357419,5.435,False,0.0,0.0,0.0,0.0,0.0,1439432.06
23,2010-06-18,B,114533,60.29,2.805,132.4733333,5.435,False,0.0,0.0,0.0,0.0,0.0,1507708.93
23,2010-06-25,B,114533,69.83,2.81,132.4976,5.435,False,0.0,0.0,0.0,0.0,0.0,1415204.88
23,2010-07-02,B,114533,64.76,2.815,132.5218667,5.326,False,0.0,0.0,0.0,0.0,0.0,1549113.18
23,2010-07-09,B,114533,77.16,2.806,132.5461333,5.326,False,0.0,0.0,0.0,0.0,0.0,1417535.78
23,2010-07-16,B,114533,73.94,2.796,132.5667742,5.326,False,0.0,0.0,0.0,0.0,0.0,1413124.11
23,2010-07-23,B,114533,70.2,2.784,132.5825806,5.326,False,0.0,0.0,0.0,0.0,0.0,1333634.45
23,2010-07-30,B,114533,69.71,2.792,132.5983871,5.326,False,0.0,0.0,0.0,0.0,0.0,1319773.55
23,2010-08-06,B,114533,70.03,2.792,132.6141935,5.326,False,0.0,0.0,0.0,0.0,0.0,1417013.07
23,2010-08-13,B,114533,67.43,2.81,132.63,5.326,False,0.0,0.0,0.0,0.0,0.0,1346345.97
23,2010-08-20,B,114533,68.65,2.796,132.6616129,5.326,False,0.0,0.0,0.0,0.0,0.0,1439901.05
23,2010-08-27,B,114533,63.25,2.77,132.6932258,5.326,False,0.0,0.0,0.0,0.0,0.0,1584623.3599999999
23,2010-09-03,B,114533,72.91,2.735,132.7248387,5.326,False,0.0,0.0,0.0,0.0,0.0,1405119.23
23,2010-09-10,B,114533,63.21,2.717,132.7564516,5.326,True,0.0,0.0,0.0,0.0,0.0,1272842.85
23,2010-09-17,B,114533,55.3,2.716,132.7670667,5.326,False,0.0,0.0,0.0,0.0,0.0,1159132.58
23,2010-09-24,B,114533,57.75,2.718,132.7619333,5.326,False,0.0,0.0,0.0,0.0,0.0,1099055.65
23,2010-10-01,B,114533,62.07,2.717,132.7568,5.287,False,0.0,0.0,0.0,0.0,0.0,1129909.44
23,2010-10-08,B,114533,50.75,2.776,132.7516667,5.287,False,0.0,0.0,0.0,0.0,0.0,1179851.68
23,2010-10-15,B,114533,45.55,2.878,132.7633548,5.287,False,0.0,0.0,0.0,0.0,0.0,1119809.71
23,2010-10-22,B,114533,43.19,2.919,132.8170968,5.287,False,0.0,0.0,0.0,0.0,0.0,1147503.92
23,2010-10-29,B,114533,48.68,2.938,132.8708387,5.287,False,0.0,0.0,0.0,0.0,0.0,1112871.23
23,2010-11-05,B,114533,36.6,2.938,132.9245806,5.287,False,0.0,0.0,0.0,0.0,0.0,1203119.96
23,2010-11-12,B,114533,35.59,2.961,132.9783226,5.287,False,0.0,0.0,0.0,0.0,0.0,1387953.75
23,2010-11-19,B,114533,41.66,3.03,132.9172,5.287,False,0.0,0.0,0.0,0.0,0.0,1314994.32
23,2010-11-26,B,114533,34.95,3.07,132.8369333,5.287,True,0.0,0.0,0.0,0.0,0.0,2072685.05
23,2010-12-03,B,114533,34.3,3.065,132.7566667,5.287,False,0.0,0.0,0.0,0.0,0.0,1617025.41
23,2010-12-10,B,114533,20.12,3.132,132.6764,5.287,False,0.0,0.0,0.0,0.0,0.0,1872365.99
23,2010-12-17,B,114533,23.05,3.139,132.6804516,5.287,False,0.0,0.0,0.0,0.0,0.0,2238573.48
23,2010-12-24,B,114533,22.96,3.15,132.7477419,5.287,False,0.0,0.0,0.0,0.0,0.0,2734277.1
23,2010-12-31,B,114533,19.05,3.177,132.8150323,5.287,True,0.0,0.0,0.0,0.0,0.0,1169773.85
23,2011-01-07,B,114533,27.81,3.193,132.8823226,5.114,False,0.0,0.0,0.0,0.0,0.0,1122034.48
23,2011-01-14,B,114533,18.2,3.215,132.9510645,5.114,False,0.0,0.0,0.0,0.0,0.0,1016756.1
23,2011-01-21,B,114533,15.58,3.232,133.0285161,5.114,False,0.0,0.0,0.0,0.0,0.0,1110706.06
23,2011-01-28,B,114533,10.91,3.243,133.1059677,5.114,False,0.0,0.0,0.0,0.0,0.0,1083657.6099999999
23,2011-02-04,B,114533,14.5,3.24,133.1834194,5.114,False,0.0,0.0,0.0,0.0,0.0,1159438.53
23,2011-02-11,B,114533,21.52,3.255,133.260871,5.114,True,0.0,0.0,0.0,0.0,0.0,1249786.4
23,2011-02-18,B,114533,26.6,3.263,133.3701429,5.114,False,0.0,0.0,0.0,0.0,0.0,1369971.57
23,2011-02-25,B,114533,17.0,3.281,133.4921429,5.114,False,0.0,0.0,0.0,0.0,0.0,1206917.2
23,2011-03-04,B,114533,20.67,3.437,133.6141429,5.114,False,0.0,0.0,0.0,0.0,0.0,1301185.28
23,2011-03-11,B,114533,29.36,3.6,133.7361429,5.114,False,0.0,0.0,0.0,0.0,0.0,1042043.55
23,2011-03-18,B,114533,37.28,3.634,133.8492258,5.114,False,0.0,0.0,0.0,0.0,0.0,1203682.6199999999
23,2011-03-25,B,114533,29.11,3.624,133.9587419,5.114,False,0.0,0.0,0.0,0.0,0.0,1148624.83
23,2011-04-01,B,114533,29.44,3.638,134.0682581,4.781,False,0.0,0.0,0.0,0.0,0.0,1182694.95
23,2011-04-08,B,114533,36.74,3.72,134.1777742,4.781,False,0.0,0.0,0.0,0.0,0.0,1248901.98
23,2011-04-15,B,114533,45.51,3.823,134.2784667,4.781,False,0.0,0.0,0.0,0.0,0.0,1263680.51
23,2011-04-22,B,114533,39.62,3.919,134.3571,4.781,False,0.0,0.0,0.0,0.0,0.0,1447301.24
23,2011-04-29,B,114533,54.2,3.988,134.4357333,4.781,False,0.0,0.0,0.0,0.0,0.0,1173307.4
23,2011-05-06,B,114533,50.07,4.078,134.5143667,4.781,False,0.0,0.0,0.0,0.0,0.0,1359921.1300000001
23,2011-05-13,B,114533,55.12,4.095,134.593,4.781,False,0.0,0.0,0.0,0.0,0.0,1254914.8699999999
23,2011-05-20,B,114533,56.67,4.101,134.6803871,4.781,False,0.0,0.0,0.0,0.0,0.0,1337617.55
23,2011-05-27,B,114533,63.27,4.034,134.7677742,4.781,False,0.0,0.0,0.0,0.0,0.0,1361945.18
23,2011-06-03,B,114533,67.21,3.973,134.8551613,4.781,False,0.0,0.0,0.0,0.0,0.0,1562161.97
23,2011-06-10,B,114533,65.23,3.924,134.9425484,4.781,False,0.0,0.0,0.0,0.0,0.0,1447028.06
23,2011-06-17,B,114533,61.06,3.873,135.0837333,4.781,False,0.0,0.0,0.0,0.0,0.0,1470520.83
23,2011-06-24,B,114533,63.8,3.851,135.2652667,4.781,False,0.0,0.0,0.0,0.0,0.0,1434036.18
23,2011-07-01,B,114533,65.65,3.815,135.4468,4.584,False,0.0,0.0,0.0,0.0,0.0,1492507.44
23,2011-07-08,B,114533,69.92,3.784,135.6283333,4.584,False,0.0,0.0,0.0,0.0,0.0,1379488.05
23,2011-07-15,B,114533,69.8,3.827,135.7837419,4.584,False,0.0,0.0,0.0,0.0,0.0,1360520.56
23,2011-07-22,B,114533,76.74,3.882,135.8738387,4.584,False,0.0,0.0,0.0,0.0,0.0,1362144.0
23,2011-07-29,B,114533,69.55,3.898,135.9639355,4.584,False,0.0,0.0,0.0,0.0,0.0,1319767.55
23,2011-08-05,B,114533,69.53,3.903,136.0540323,4.584,False,0.0,0.0,0.0,0.0,0.0,1416344.68
23,2011-08-12,B,114533,69.86,3.88,136.144129,4.584,False,0.0,0.0,0.0,0.0,0.0,1380952.05
23,2011-08-19,B,114533,67.09,3.82,136.183129,4.584,False,0.0,0.0,0.0,0.0,0.0,1453416.53
23,2011-08-26,B,114533,67.04,3.796,136.2136129,4.584,False,0.0,0.0,0.0,0.0,0.0,1637266.29
23,2011-09-02,B,114533,65.33,3.784,136.2440968,4.584,False,0.0,0.0,0.0,0.0,0.0,1464295.69
23,2011-09-09,B,114533,66.04,3.809,136.2745806,4.584,True,0.0,0.0,0.0,0.0,0.0,1423289.9
23,2011-09-16,B,114533,60.52,3.809,136.3145,4.584,False,0.0,0.0,0.0,0.0,0.0,1253329.17
23,2011-09-23,B,114533,57.14,3.758,136.367,4.584,False,0.0,0.0,0.0,0.0,0.0,1289082.81
23,2011-09-30,B,114533,64.76,3.684,136.4195,4.584,False,0.0,0.0,0.0,0.0,0.0,1275597.85
23,2011-10-07,B,114533,49.0,3.633,136.472,4.42,False,0.0,0.0,0.0,0.0,0.0,1463501.99
23,2011-10-14,B,114533,56.79,3.583,136.5150968,4.42,False,0.0,0.0,0.0,0.0,0.0,1257778.34
23,2011-10-21,B,114533,52.12,3.618,136.5017742,4.42,False,0.0,0.0,0.0,0.0,0.0,1441032.59
23,2011-10-28,B,114533,42.57,3.604,136.4884516,4.42,False,0.0,0.0,0.0,0.0,0.0,1407191.96
23,2011-11-04,B,114533,39.18,3.586,136.475129,4.42,False,0.0,0.0,0.0,0.0,0.0,1428436.33
23,2011-11-11,B,114533,44.04,3.57,136.4618065,4.42,False,9157.72,9619.31,286.88,3834.44,3543.37,1436940.78
23,2011-11-18,B,114533,45.48,3.571,136.4666667,4.42,False,3761.33,206.48,140.88,529.68,5284.63,1345631.96
23,2011-11-25,B,114533,35.23,3.536,136.4788,4.42,True,70.24,47.47,103991.94,7.0,677.31,2057059.53
23,2011-12-02,B,114533,43.6,3.501,136.4909333,4.42,False,6134.68,50.47,8734.68,5080.3,20441.81,1552886.59
23,2011-12-09,B,114533,36.4,3.47,136.5030667,4.42,False,5491.42,0.0,611.34,4318.8,13208.67,1841173.6
23,2011-12-16,B,114533,32.99,3.445,136.5335161,4.42,False,6112.33,19.18,738.38,591.22,4241.95,2173621.2
23,2011-12-23,B,114533,27.8,3.413,136.5883871,4.42,False,1003.58,14.2,1683.17,2.0,570.74,2587953.32
23,2011-12-30,B,114533,22.3,3.402,136.6432581,4.42,True,3895.97,50366.6,237.87,1099.12,2573.14,1213486.95
23,2012-01-06,B,114533,24.29,3.439,136.698129,4.261,False,4230.07,34854.95,38.18,2408.34,3931.61,1150662.55
23,2012-01-13,B,114533,28.49,3.523,136.753,4.261,False,2766.24,15216.56,4.84,807.22,2273.23,1031451.35
23,2012-01-20,B,114533,15.33,3.542,136.8564194,4.261,False,2437.41,4576.79,0.0,2251.32,1848.96,1146992.13
23,2012-01-27,B,114533,25.71,3.568,136.9598387,4.261,False,957.2,3319.68,0.0,9.0,1709.6,1037476.38
23,2012-02-03,B,114533,29.71,3.633,137.0632581,4.261,False,35688.59,6055.11,132.8,43218.61,5335.65,1261872.67
23,2012-02-10,B,114533,26.6,3.655,137.1666774,4.261,True,8770.83,8403.67,56.54,9800.67,6133.9,1358444.07
23,2012-02-17,B,114533,27.01,3.703,137.2583103,4.261,False,8924.48,10140.32,1.88,6699.65,2236.81,1365546.69
23,2012-02-24,B,114533,31.12,3.751,137.3411034,4.261,False,18500.67,10478.33,0.0,7541.62,7320.47,1272948.27
23,2012-03-02,B,114533,25.91,3.827,137.4238966,4.261,False,29917.01,4311.34,32.93,23421.73,2723.0,1322852.2
23,2012-03-09,B,114533,33.11,3.876,137.5066897,4.261,False,8575.57,1125.61,5.08,4365.63,2742.87,1292724.9
23,2012-03-16,B,114533,41.19,3.867,137.5843871,4.261,False,5739.62,110.48,6.03,3380.28,838.7,1258364.31
23,2012-03-23,B,114533,57.82,3.889,137.6552903,4.261,False,3502.06,72.5,6.97,276.39,1541.93,1288154.1
23,2012-03-30,B,114533,36.71,3.921,137.7261935,4.261,False,8920.01,116.41,7.09,1010.3,3025.4,1261964.96
23,2012-04-06,B,114533,37.43,3.957,137.7970968,4.125,False,8261.41,0.0,60.0,3647.54,3494.82,1604605.69
23,2012-04-13,B,114533,41.81,4.025,137.868,4.125,False,4460.9,4852.66,25.17,2064.48,1879.86,1231752.54
23,2012-04-20,B,114533,56.55,4.046,137.9230667,4.125,False,2438.53,6551.03,30.84,502.31,4874.16,1287899.41
23,2012-04-27,B,114533,44.62,4.023,137.9781333,4.125,False,2622.72,1325.48,27.04,2.0,2132.69,1277758.76
23,2012-05-04,B,114533,45.88,3.991,138.0332,4.125,False,9941.93,0.0,99.93,4899.79,2841.41,1317379.68
23,2012-05-11,B,114533,52.9,3.947,138.0882667,4.125,False,8839.9,0.0,58.82,1419.42,2237.57,1321914.34
23,2012-05-18,B,114533,58.42,3.899,138.1065806,4.125,False,9364.2,0.0,104.01,516.81,1374.13,1332952.47
23,2012-05-25,B,114533,66.43,3.85,138.1101935,4.125,False,7101.14,0.0,246.45,1017.09,2752.95,1552934.64
23,2012-06-01,B,114533,66.22,3.798,138.1138065,4.125,False,4238.85,92.2,61.64,1401.23,2312.38,1476144.34
23,2012-06-08,B,114533,56.82,3.746,138.1174194,4.125,False,7565.4,503.4,220.02,2581.42,6208.43,1568048.54
23,2012-06-15,B,114533,64.73,3.683,138.1295333,4.125,False,4810.62,442.3,41.03,1361.6,2213.38,1543667.68
23,2012-06-22,B,114533,71.82,3.629,138.1629,4.125,False,5810.83,658.1,8.28,2064.37,5454.93,1522042.57
23,2012-06-29,B,114533,64.23,3.577,138.1962667,4.125,False,2621.06,199.8,0.0,343.88,1888.97,1451782.16
23,2012-07-06,B,114533,70.86,3.538,138.2296333,4.156,False,6918.05,103.8,26.79,6112.89,5184.17,1545370.16
23,2012-07-13,B,114533,69.19,3.561,138.263,4.156,False,4159.57,99.3,0.47,3148.73,1106.63,1384921.63
23,2012-07-20,B,114533,71.13,3.61,138.2331935,4.156,False,2538.45,5.7,38.15,437.8,1377.22,1381339.23
23,2012-07-27,B,114533,69.31,3.701,138.2033871,4.156,False,3050.22,205.08,7.05,3797.44,3275.95,1322932.3599999999
23,2012-08-03,B,114533,71.51,3.698,138.1735806,4.156,False,2030.27,77.84,25.26,1810.24,1863.72,1416926.31
23,2012-08-10,B,114533,71.12,3.772,138.1437742,4.156,False,23983.92,144.9,106.86,13110.54,4860.8,1436311.76
23,2012-08-17,B,114533,69.97,3.84,138.1857097,4.156,False,2665.76,33.79,50.4,1135.93,3513.48,1510131.45
23,2012-08-24,B,114533,64.63,3.874,138.2814516,4.156,False,3082.87,134.11,55.0,5325.05,5906.69,1702220.96
23,2012-08-31,B,114533,68.34,3.884,138.3771935,4.156,False,17318.35,23.29,118.36,4812.58,3030.79,1577468.78
23,2012-09-07,B,114533,66.74,3.921,138.4729355,4.156,True,13578.43,91.22,85.23,1288.27,4827.11,1427162.26
23,2012-09-14,B,114533,61.37,3.988,138.5673,4.156,False,5186.12,0.0,21.5,990.89,7934.73,1279041.64
23,2012-09-21,B,114533,56.8,4.056,138.6534,4.156,False,7503.68,200.82,10.5,1993.04,6412.69,1338627.55
23,2012-09-28,B,114533,53.71,4.018,138.7395,4.156,False,4330.13,60.55,4.72,2646.89,3369.45,1319035.06
23,2012-10-05,B,114533,56.65,4.027,138.8256,4.145,False,5347.45,0.0,6.73,2506.49,3127.25,1464616.59
23,2012-10-12,B,114533,48.1,4.029,138.9117,4.145,False,1557.1,0.0,1.12,998.46,5518.58,1412925.25
23,2012-10-19,B,114533,47.89,4.0,138.8336129,4.145,False,1134.33,0.0,2.15,625.26,1894.98,1363155.77
23,2012-10-26,B,114533,50.56,3.917,138.7281613,4.145,False,4782.75,124.72,118.91,1316.96,738.09,1347454.59
24,2010-02-05,A,203819,22.43,2.954,131.5279032,8.326,False,0.0,0.0,0.0,0.0,0.0,1388725.63
24,2010-02-12,A,203819,25.94,2.94,131.5866129,8.326,True,0.0,0.0,0.0,0.0,0.0,1414107.1
24,2010-02-19,A,203819,31.05,2.909,131.637,8.326,False,0.0,0.0,0.0,0.0,0.0,1385362.49
24,2010-02-26,A,203819,33.98,2.91,131.686,8.326,False,0.0,0.0,0.0,0.0,0.0,1158722.74
24,2010-03-05,A,203819,36.73,2.919,131.735,8.326,False,0.0,0.0,0.0,0.0,0.0,1412387.3699999999
24,2010-03-12,A,203819,42.31,2.938,131.784,8.326,False,0.0,0.0,0.0,0.0,0.0,1309340.16
24,2010-03-19,A,203819,46.09,2.96,131.8242903,8.326,False,0.0,0.0,0.0,0.0,0.0,1222511.29
24,2010-03-26,A,203819,48.87,2.963,131.863129,8.326,False,0.0,0.0,0.0,0.0,0.0,1258311.56
24,2010-04-02,A,203819,45.22,2.957,131.9019677,8.211,False,0.0,0.0,0.0,0.0,0.0,1478321.26
24,2010-04-09,A,203819,62.06,2.992,131.9408065,8.211,False,0.0,0.0,0.0,0.0,0.0,1379579.63
24,2010-04-16,A,203819,51.08,3.01,131.9809,8.211,False,0.0,0.0,0.0,0.0,0.0,1268266.72
24,2010-04-23,A,203819,51.07,3.021,132.0226667,8.211,False,0.0,0.0,0.0,0.0,0.0,1264117.01
24,2010-04-30,A,203819,51.48,3.042,132.0644333,8.211,False,0.0,0.0,0.0,0.0,0.0,1259877.19
24,2010-05-07,A,203819,66.65,3.095,132.1062,8.211,False,0.0,0.0,0.0,0.0,0.0,1409705.03
24,2010-05-14,A,203819,51.31,3.112,132.152129,8.211,False,0.0,0.0,0.0,0.0,0.0,1346783.35
24,2010-05-21,A,203819,60.44,3.096,132.2230323,8.211,False,0.0,0.0,0.0,0.0,0.0,1283482.85
24,2010-05-28,A,203819,69.59,3.046,132.2939355,8.211,False,0.0,0.0,0.0,0.0,0.0,1473868.15
24,2010-06-04,A,203819,71.99,3.006,132.3648387,8.211,False,0.0,0.0,0.0,0.0,0.0,1566668.91
24,2010-06-11,A,203819,64.84,2.972,132.4357419,8.211,False,0.0,0.0,0.0,0.0,0.0,1375458.21
24,2010-06-18,A,203819,67.17,2.942,132.4733333,8.211,False,0.0,0.0,0.0,0.0,0.0,1354168.18
24,2010-06-25,A,203819,74.9,2.958,132.4976,8.211,False,0.0,0.0,0.0,0.0,0.0,1399073.75
24,2010-07-02,A,203819,71.12,2.958,132.5218667,8.117,False,0.0,0.0,0.0,0.0,0.0,1563387.94
24,2010-07-09,A,203819,79.05,2.94,132.5461333,8.117,False,0.0,0.0,0.0,0.0,0.0,1665502.55
24,2010-07-16,A,203819,76.56,2.933,132.5667742,8.117,False,0.0,0.0,0.0,0.0,0.0,1418697.05
24,2010-07-23,A,203819,75.27,2.924,132.5825806,8.117,False,0.0,0.0,0.0,0.0,0.0,1333740.35
24,2010-07-30,A,203819,75.91,2.932,132.5983871,8.117,False,0.0,0.0,0.0,0.0,0.0,1387517.63
24,2010-08-06,A,203819,74.54,2.942,132.6141935,8.117,False,0.0,0.0,0.0,0.0,0.0,1442819.28
24,2010-08-13,A,203819,74.17,2.923,132.63,8.117,False,0.0,0.0,0.0,0.0,0.0,1384243.75
24,2010-08-20,A,203819,72.17,2.913,132.6616129,8.117,False,0.0,0.0,0.0,0.0,0.0,1375307.54
24,2010-08-27,A,203819,67.0,2.885,132.6932258,8.117,False,0.0,0.0,0.0,0.0,0.0,1350059.35
24,2010-09-03,A,203819,73.52,2.86,132.7248387,8.117,False,0.0,0.0,0.0,0.0,0.0,1366381.6
24,2010-09-10,A,203819,67.11,2.837,132.7564516,8.117,True,0.0,0.0,0.0,0.0,0.0,1474498.59
24,2010-09-17,A,203819,60.31,2.846,132.7670667,8.117,False,0.0,0.0,0.0,0.0,0.0,1273295.46
24,2010-09-24,A,203819,64.3,2.837,132.7619333,8.117,False,0.0,0.0,0.0,0.0,0.0,1169413.27
24,2010-10-01,A,203819,66.88,2.84,132.7568,8.275,False,0.0,0.0,0.0,0.0,0.0,1215273.2
24,2010-10-08,A,203819,54.82,2.903,132.7516667,8.275,False,0.0,0.0,0.0,0.0,0.0,1361944.94
24,2010-10-15,A,203819,52.83,2.999,132.7633548,8.275,False,0.0,0.0,0.0,0.0,0.0,1300806.74
24,2010-10-22,A,203819,48.69,3.049,132.8170968,8.275,False,0.0,0.0,0.0,0.0,0.0,1234875.33
24,2010-10-29,A,203819,57.29,3.055,132.8708387,8.275,False,0.0,0.0,0.0,0.0,0.0,1244925.94
24,2010-11-05,A,203819,42.2,3.049,132.9245806,8.275,False,0.0,0.0,0.0,0.0,0.0,1285358.01
24,2010-11-12,A,203819,41.76,3.065,132.9783226,8.275,False,0.0,0.0,0.0,0.0,0.0,1312877.01
24,2010-11-19,A,203819,45.63,3.138,132.9172,8.275,False,0.0,0.0,0.0,0.0,0.0,1277150.6
24,2010-11-26,A,203819,41.92,3.186,132.8369333,8.275,True,0.0,0.0,0.0,0.0,0.0,1779276.51
24,2010-12-03,A,203819,37.08,3.2,132.7566667,8.275,False,0.0,0.0,0.0,0.0,0.0,1413302.7
24,2010-12-10,A,203819,27.11,3.255,132.6764,8.275,False,0.0,0.0,0.0,0.0,0.0,1593012.75
24,2010-12-17,A,203819,27.99,3.301,132.6804516,8.275,False,0.0,0.0,0.0,0.0,0.0,1663525.77
24,2010-12-24,A,203819,27.74,3.309,132.7477419,8.275,False,0.0,0.0,0.0,0.0,0.0,2386015.75
24,2010-12-31,A,203819,25.9,3.336,132.8150323,8.275,True,0.0,0.0,0.0,0.0,0.0,1208600.05
24,2011-01-07,A,203819,30.72,3.351,132.8823226,8.252,False,0.0,0.0,0.0,0.0,0.0,1178641.71
24,2011-01-14,A,203819,22.41,3.367,132.9510645,8.252,False,0.0,0.0,0.0,0.0,0.0,1167740.2
24,2011-01-21,A,203819,23.69,3.391,133.0285161,8.252,False,0.0,0.0,0.0,0.0,0.0,1107170.39
24,2011-01-28,A,203819,17.91,3.402,133.1059677,8.252,False,0.0,0.0,0.0,0.0,0.0,1126921.34
24,2011-02-04,A,203819,23.83,3.4,133.1834194,8.252,False,0.0,0.0,0.0,0.0,0.0,1225182.04
24,2011-02-11,A,203819,26.51,3.416,133.260871,8.252,True,0.0,0.0,0.0,0.0,0.0,1341240.6199999999
24,2011-02-18,A,203819,34.04,3.42,133.3701429,8.252,False,0.0,0.0,0.0,0.0,0.0,1360150.12
24,2011-02-25,A,203819,26.09,3.452,133.4921429,8.252,False,0.0,0.0,0.0,0.0,0.0,1235121.33
24,2011-03-04,A,203819,31.36,3.605,133.6141429,8.252,False,0.0,0.0,0.0,0.0,0.0,1346994.53
24,2011-03-11,A,203819,39.51,3.752,133.7361429,8.252,False,0.0,0.0,0.0,0.0,0.0,1253218.7
24,2011-03-18,A,203819,43.39,3.796,133.8492258,8.252,False,0.0,0.0,0.0,0.0,0.0,1168397.26
24,2011-03-25,A,203819,36.88,3.789,133.9587419,8.252,False,0.0,0.0,0.0,0.0,0.0,1158693.1199999999
24,2011-04-01,A,203819,35.73,3.811,134.0682581,8.212,False,0.0,0.0,0.0,0.0,0.0,1163803.3
24,2011-04-08,A,203819,44.7,3.895,134.1777742,8.212,False,0.0,0.0,0.0,0.0,0.0,1273670.32
24,2011-04-15,A,203819,52.36,3.981,134.2784667,8.212,False,0.0,0.0,0.0,0.0,0.0,1245576.65
24,2011-04-22,A,203819,46.0,4.061,134.3571,8.212,False,0.0,0.0,0.0,0.0,0.0,1372484.9000000001
24,2011-04-29,A,203819,60.48,4.117,134.4357333,8.212,False,0.0,0.0,0.0,0.0,0.0,1197761.17
24,2011-05-06,A,203819,55.75,4.192,134.5143667,8.212,False,0.0,0.0,0.0,0.0,0.0,1339630.35
24,2011-05-13,A,203819,58.49,4.211,134.593,8.212,False,0.0,0.0,0.0,0.0,0.0,1311950.16
24,2011-05-20,A,203819,59.84,4.202,134.6803871,8.212,False,0.0,0.0,0.0,0.0,0.0,1234281.7
24,2011-05-27,A,203819,65.74,4.134,134.7677742,8.212,False,0.0,0.0,0.0,0.0,0.0,1311153.72
24,2011-06-03,A,203819,73.12,4.069,134.8551613,8.212,False,0.0,0.0,0.0,0.0,0.0,1554837.62
24,2011-06-10,A,203819,70.02,4.025,134.9425484,8.212,False,0.0,0.0,0.0,0.0,0.0,1373841.91
24,2011-06-17,A,203819,64.34,3.989,135.0837333,8.212,False,0.0,0.0,0.0,0.0,0.0,1320359.23
24,2011-06-24,A,203819,68.88,3.964,135.2652667,8.212,False,0.0,0.0,0.0,0.0,0.0,1304850.67
24,2011-07-01,A,203819,70.27,3.916,135.4468,8.358,False,0.0,0.0,0.0,0.0,0.0,1445596.61
24,2011-07-08,A,203819,72.56,3.886,135.6283333,8.358,False,0.0,0.0,0.0,0.0,0.0,1567340.07
24,2011-07-15,A,203819,74.43,3.915,135.7837419,8.358,False,0.0,0.0,0.0,0.0,0.0,1356938.95
24,2011-07-22,A,203819,79.29,3.972,135.8738387,8.358,False,0.0,0.0,0.0,0.0,0.0,1357672.24
24,2011-07-29,A,203819,74.84,4.004,135.9639355,8.358,False,0.0,0.0,0.0,0.0,0.0,1310973.06
24,2011-08-05,A,203819,74.64,4.02,136.0540323,8.358,False,0.0,0.0,0.0,0.0,0.0,1417616.81
24,2011-08-12,A,203819,72.52,3.995,136.144129,8.358,False,0.0,0.0,0.0,0.0,0.0,1402818.01
24,2011-08-19,A,203819,69.93,3.942,136.183129,8.358,False,0.0,0.0,0.0,0.0,0.0,1352039.88
24,2011-08-26,A,203819,69.94,3.906,136.2136129,8.358,False,0.0,0.0,0.0,0.0,0.0,1402372.09
24,2011-09-02,A,203819,68.14,3.879,136.2440968,8.358,False,0.0,0.0,0.0,0.0,0.0,1196105.44
24,2011-09-09,A,203819,68.32,3.93,136.2745806,8.358,True,0.0,0.0,0.0,0.0,0.0,1527455.19
24,2011-09-16,A,203819,65.56,3.937,136.3145,8.358,False,0.0,0.0,0.0,0.0,0.0,1227535.97
24,2011-09-23,A,203819,60.61,3.899,136.367,8.358,False,0.0,0.0,0.0,0.0,0.0,1232376.49
24,2011-09-30,A,203819,68.0,3.858,136.4195,8.358,False,0.0,0.0,0.0,0.0,0.0,1246242.61
24,2011-10-07,A,203819,53.87,3.775,136.472,8.454,False,0.0,0.0,0.0,0.0,0.0,1405914.39
24,2011-10-14,A,203819,60.21,3.744,136.5150968,8.454,False,0.0,0.0,0.0,0.0,0.0,1333315.03
24,2011-10-21,A,203819,56.6,3.757,136.5017742,8.454,False,0.0,0.0,0.0,0.0,0.0,1283563.43
24,2011-10-28,A,203819,48.0,3.757,136.4884516,8.454,False,0.0,0.0,0.0,0.0,0.0,1307142.75
24,2011-11-04,A,203819,39.87,3.738,136.475129,8.454,False,0.0,0.0,0.0,0.0,0.0,1385860.38
24,2011-11-11,A,203819,46.78,3.719,136.4618065,8.454,False,9391.17,20595.49,686.11,5950.16,6034.65,1425078.59
24,2011-11-18,A,203819,48.17,3.717,136.4666667,8.454,False,9025.52,794.02,198.98,2629.75,5364.55,1297535.69
24,2011-11-25,A,203819,41.83,3.689,136.4788,8.454,True,2571.98,66.94,64304.51,221.93,3661.62,1761235.67
24,2011-12-02,A,203819,47.21,3.666,136.4909333,8.454,False,4825.79,126.88,1601.23,6002.36,19966.73,1335647.1
24,2011-12-09,A,203819,42.3,3.627,136.5030667,8.454,False,8915.25,0.0,209.71,2399.76,23368.58,1529615.54
24,2011-12-16,A,203819,36.0,3.611,136.5335161,8.454,False,6244.37,9.09,143.42,1766.33,5516.14,1624994.43
24,2011-12-23,A,203819,36.93,3.587,136.5883871,8.454,False,1813.06,632.93,1633.67,51.66,1309.54,2168344.23
24,2011-12-30,A,203819,33.45,3.566,136.6432581,8.454,True,5743.34,44499.08,228.23,1242.49,4310.79,1363973.16
24,2012-01-06,A,203819,32.86,3.585,136.698129,8.659,False,7325.68,25367.9,203.51,1745.2,3261.35,1251581.8900000001
24,2012-01-13,A,203819,36.5,3.666,136.753,8.659,False,3545.34,8743.62,127.43,819.74,4434.08,1155594.2
24,2012-01-20,A,203819,25.73,3.705,136.8564194,8.659,False,2809.05,7169.67,171.45,730.64,3663.25,1151993.85
24,2012-01-27,A,203819,31.92,3.737,136.9598387,8.659,False,755.78,4142.75,190.3,90.5,2594.66,1057290.41
24,2012-02-03,A,203819,38.61,3.796,137.0632581,8.659,False,65021.23,4189.09,254.01,47452.43,7146.25,1249696.97
24,2012-02-10,A,203819,33.82,3.826,137.1666774,8.659,True,11788.06,6777.04,73.29,11571.69,4451.85,1403460.87
24,2012-02-17,A,203819,33.92,3.874,137.2583103,8.659,False,12244.57,10925.86,25.52,15725.51,5533.12,1326370.08
24,2012-02-24,A,203819,37.35,3.917,137.3411034,8.659,False,10065.77,10556.73,2.2,6791.1,9440.12,1303233.15
24,2012-03-02,A,203819,35.36,3.983,137.4238966,8.659,False,5903.53,3495.48,18.15,110.37,3688.64,1213994.39
24,2012-03-09,A,203819,41.5,4.021,137.5066897,8.659,False,21306.54,1190.23,2.49,34839.93,3932.94,1325835.7
24,2012-03-16,A,203819,48.68,4.021,137.5843871,8.659,False,10310.26,920.9,1.02,3250.66,1844.03,1239299.1199999999
24,2012-03-23,A,203819,59.51,4.054,137.6552903,8.659,False,5283.83,652.04,3.4,552.16,3402.95,1221723.94
24,2012-03-30,A,203819,47.28,4.098,137.7261935,8.659,False,11314.86,475.99,4.0,5456.51,1749.37,1230106.1300000001
24,2012-04-06,A,203819,45.25,4.143,137.7970968,8.983,False,24195.01,0.0,59.68,3082.34,5170.39,1524734.29
24,2012-04-13,A,203819,48.65,4.187,137.868,8.983,False,4765.31,5896.55,57.4,1204.7,3980.37,1285783.87
24,2012-04-20,A,203819,61.05,4.17,137.9230667,8.983,False,10959.96,3425.69,79.48,1682.87,4506.82,1208654.4
24,2012-04-27,A,203819,49.26,4.163,137.9781333,8.983,False,12968.26,729.55,39.25,1121.45,15101.9,1194334.65
24,2012-05-04,A,203819,52.14,4.124,138.0332,8.983,False,19129.69,192.0,195.04,5860.88,4953.15,1306551.71
24,2012-05-11,A,203819,58.7,4.055,138.0882667,8.983,False,6503.15,-192.0,97.28,1798.06,1286.62,1355391.79
24,2012-05-18,A,203819,63.1,4.029,138.1065806,8.983,False,5955.53,0.0,187.0,1529.05,4424.94,1298809.8
24,2012-05-25,A,203819,65.79,3.979,138.1101935,8.983,False,15776.58,0.0,624.13,3992.12,3763.4,1407897.57
24,2012-06-01,A,203819,71.79,3.915,138.1138065,8.983,False,5320.71,42.2,204.43,883.54,2374.74,1467722.19
24,2012-06-08,A,203819,59.93,3.871,138.1174194,8.983,False,15742.14,250.6,35.76,3050.95,7604.47,1406313.13
24,2012-06-15,A,203819,68.28,3.786,138.1295333,8.983,False,11618.99,217.9,9.33,2449.86,5633.09,1364445.98
24,2012-06-22,A,203819,72.29,3.722,138.1629,8.983,False,8790.16,749.1,30.57,4434.39,7308.24,1434709.6300000001
24,2012-06-29,A,203819,70.4,3.667,138.1962667,8.983,False,5708.44,329.3,0.0,1310.41,4292.22,1428869.9000000001
24,2012-07-06,A,203819,77.18,3.646,138.2296333,8.953,False,2920.43,559.3,181.49,1218.55,3889.14,1645097.75
24,2012-07-13,A,203819,75.36,3.689,138.263,8.953,False,7991.43,136.9,111.69,5852.88,4022.09,1405475.78
24,2012-07-20,A,203819,76.42,3.732,138.2331935,8.953,False,571.85,126.88,145.72,614.55,1867.65,1394299.0
24,2012-07-27,A,203819,73.62,3.82,138.2033871,8.953,False,4638.37,501.84,15.86,4124.82,4218.24,1307339.14
24,2012-08-03,A,203819,73.26,3.819,138.1735806,8.953,False,11887.54,557.1,138.39,9345.76,2781.67,1440374.13
24,2012-08-10,A,203819,75.53,3.863,138.1437742,8.953,False,37938.11,798.52,178.81,12823.7,5682.73,1497054.81
24,2012-08-17,A,203819,72.87,3.963,138.1857097,8.953,False,4703.02,262.05,9.3,4744.01,1858.94,1397970.54
24,2012-08-24,A,203819,68.13,3.997,138.2814516,8.953,False,8778.19,280.89,91.01,8868.81,3798.51,1303726.54
24,2012-08-31,A,203819,71.18,4.026,138.3771935,8.953,False,34000.98,79.5,69.24,8772.12,4937.68,1344558.92
24,2012-09-07,A,203819,72.81,4.076,138.4729355,8.953,True,15092.87,60.92,89.01,2756.36,4563.61,1477134.75
24,2012-09-14,A,203819,64.28,4.088,138.5673,8.953,False,8179.55,1.0,30.77,1838.92,3353.34,1242909.53
24,2012-09-21,A,203819,61.25,4.203,138.6534,8.953,False,11768.07,1.91,56.98,873.12,6190.47,1261158.47
24,2012-09-28,A,203819,58.86,4.158,138.7395,8.953,False,11941.13,15.28,21.76,984.11,7013.13,1259278.3599999999
24,2012-10-05,A,203819,60.35,4.151,138.8256,8.693,False,10349.0,0.0,16.05,5824.86,2770.76,1416720.54
24,2012-10-12,A,203819,51.64,4.186,138.9117,8.693,False,5138.51,0.0,141.88,407.81,3284.69,1416301.17
24,2012-10-19,A,203819,52.59,4.153,138.8336129,8.693,False,3446.7,0.0,101.0,111.46,5963.01,1255414.84
24,2012-10-26,A,203819,55.16,4.071,138.7281613,8.693,False,10844.38,104.16,105.09,1795.68,3059.8,1307182.29
25,2010-02-05,B,128107,21.1,2.784,204.2471935,8.187,False,0.0,0.0,0.0,0.0,0.0,677231.63
25,2010-02-12,B,128107,19.64,2.773,204.3857472,8.187,True,0.0,0.0,0.0,0.0,0.0,583364.02
25,2010-02-19,B,128107,24.16,2.745,204.4321004,8.187,False,0.0,0.0,0.0,0.0,0.0,676260.67
25,2010-02-26,B,128107,29.16,2.754,204.4630869,8.187,False,0.0,0.0,0.0,0.0,0.0,628516.5700000001
25,2010-03-05,B,128107,29.45,2.777,204.4940734,8.187,False,0.0,0.0,0.0,0.0,0.0,665750.0599999999
25,2010-03-12,B,128107,40.05,2.818,204.5250598,8.187,False,0.0,0.0,0.0,0.0,0.0,660619.99
25,2010-03-19,B,128107,45.0,2.844,204.3782258,8.187,False,0.0,0.0,0.0,0.0,0.0,659795.84
25,2010-03-26,B,128107,45.84,2.854,204.201755,8.187,False,0.0,0.0,0.0,0.0,0.0,696687.6
25,2010-04-02,B,128107,47.2,2.85,204.0252842,7.856,False,0.0,0.0,0.0,0.0,0.0,822486.37
25,2010-04-09,B,128107,61.36,2.869,203.8488134,7.856,False,0.0,0.0,0.0,0.0,0.0,712647.97
25,2010-04-16,B,128107,52.16,2.899,203.7307486,7.856,False,0.0,0.0,0.0,0.0,0.0,715311.6
25,2010-04-23,B,128107,46.12,2.902,203.6905586,7.856,False,0.0,0.0,0.0,0.0,0.0,694531.72
25,2010-04-30,B,128107,50.97,2.921,203.6503685,7.856,False,0.0,0.0,0.0,0.0,0.0,706924.02
25,2010-05-07,B,128107,63.67,2.966,203.6101784,7.856,False,0.0,0.0,0.0,0.0,0.0,724468.97
25,2010-05-14,B,128107,50.27,2.982,203.6133915,7.856,False,0.0,0.0,0.0,0.0,0.0,698073.95
25,2010-05-21,B,128107,57.17,2.958,203.8770235,7.856,False,0.0,0.0,0.0,0.0,0.0,704113.22
25,2010-05-28,B,128107,69.31,2.899,204.1406556,7.856,False,0.0,0.0,0.0,0.0,0.0,792442.54
25,2010-06-04,B,128107,69.22,2.847,204.4042877,7.856,False,0.0,0.0,0.0,0.0,0.0,764155.44
25,2010-06-11,B,128107,63.68,2.809,204.6679198,7.856,False,0.0,0.0,0.0,0.0,0.0,737163.2
25,2010-06-18,B,128107,69.56,2.78,204.670036,7.856,False,0.0,0.0,0.0,0.0,0.0,780444.94
25,2010-06-25,B,128107,72.17,2.808,204.5675459,7.856,False,0.0,0.0,0.0,0.0,0.0,737569.14
25,2010-07-02,B,128107,66.42,2.815,204.4650559,7.527,False,0.0,0.0,0.0,0.0,0.0,759407.87
25,2010-07-09,B,128107,75.24,2.793,204.3625658,7.527,False,0.0,0.0,0.0,0.0,0.0,719591.13
25,2010-07-16,B,128107,73.43,2.783,204.3571656,7.527,False,0.0,0.0,0.0,0.0,0.0,726997.84
25,2010-07-23,B,128107,75.37,2.771,204.4812188,7.527,False,0.0,0.0,0.0,0.0,0.0,665290.93
25,2010-07-30,B,128107,71.99,2.781,204.605272,7.527,False,0.0,0.0,0.0,0.0,0.0,682124.34
25,2010-08-06,B,128107,71.79,2.784,204.7293252,7.527,False,0.0,0.0,0.0,0.0,0.0,699464.4299999999
25,2010-08-13,B,128107,72.73,2.805,204.8533784,7.527,False,0.0,0.0,0.0,0.0,0.0,686072.39
25,2010-08-20,B,128107,71.81,2.779,204.8217044,7.527,False,0.0,0.0,0.0,0.0,0.0,724499.8099999999
25,2010-08-27,B,128107,67.15,2.755,204.7900305,7.527,False,0.0,0.0,0.0,0.0,0.0,711461.95
25,2010-09-03,B,128107,71.17,2.715,204.7583566,7.527,False,0.0,0.0,0.0,0.0,0.0,685700.08
25,2010-09-10,B,128107,61.14,2.699,204.7266827,7.527,True,0.0,0.0,0.0,0.0,0.0,655811.9500000001
25,2010-09-17,B,128107,60.13,2.706,204.7513279,7.527,False,0.0,0.0,0.0,0.0,0.0,628989.88
25,2010-09-24,B,128107,65.06,2.713,204.8182126,7.527,False,0.0,0.0,0.0,0.0,0.0,607819.33
25,2010-10-01,B,128107,57.56,2.707,204.8850973,7.484,False,0.0,0.0,0.0,0.0,0.0,658640.14
25,2010-10-08,B,128107,48.46,2.764,204.951982,7.484,False,0.0,0.0,0.0,0.0,0.0,674283.86
25,2010-10-15,B,128107,54.09,2.868,205.0137637,7.484,False,0.0,0.0,0.0,0.0,0.0,616094.72
25,2010-10-22,B,128107,46.73,2.917,205.0627881,7.484,False,0.0,0.0,0.0,0.0,0.0,661644.19
25,2010-10-29,B,128107,55.72,2.921,205.1118126,7.484,False,0.0,0.0,0.0,0.0,0.0,674458.03
25,2010-11-05,B,128107,38.8,2.917,205.160837,7.484,False,0.0,0.0,0.0,0.0,0.0,696314.53
25,2010-11-12,B,128107,40.68,2.931,205.2098614,7.484,False,0.0,0.0,0.0,0.0,0.0,713250.08
25,2010-11-19,B,128107,42.72,3.0,205.0992811,7.484,False,0.0,0.0,0.0,0.0,0.0,718056.73
25,2010-11-26,B,128107,43.43,3.039,204.9621,7.484,True,0.0,0.0,0.0,0.0,0.0,1115240.61
25,2010-12-03,B,128107,32.41,3.046,204.8249189,7.484,False,0.0,0.0,0.0,0.0,0.0,885572.96
25,2010-12-10,B,128107,22.65,3.109,204.6877378,7.484,False,0.0,0.0,0.0,0.0,0.0,964729.18
25,2010-12-17,B,128107,21.6,3.14,204.6321194,7.484,False,0.0,0.0,0.0,0.0,0.0,1047707.59
25,2010-12-24,B,128107,22.94,3.141,204.6376731,7.484,False,0.0,0.0,0.0,0.0,0.0,1295391.19
25,2010-12-31,B,128107,25.89,3.179,204.6432267,7.484,True,0.0,0.0,0.0,0.0,0.0,623092.54
25,2011-01-07,B,128107,29.0,3.193,204.6487803,7.343,False,0.0,0.0,0.0,0.0,0.0,558794.63
25,2011-01-14,B,128107,18.3,3.205,204.7026042,7.343,False,0.0,0.0,0.0,0.0,0.0,572360.83
25,2011-01-21,B,128107,23.21,3.229,205.0460497,7.343,False,0.0,0.0,0.0,0.0,0.0,568093.57
25,2011-01-28,B,128107,18.92,3.237,205.3894952,7.343,False,0.0,0.0,0.0,0.0,0.0,600448.6900000001
25,2011-02-04,B,128107,23.94,3.231,205.7329407,7.343,False,0.0,0.0,0.0,0.0,0.0,639830.45
25,2011-02-11,B,128107,21.18,3.239,206.0763862,7.343,True,0.0,0.0,0.0,0.0,0.0,615666.78
25,2011-02-18,B,128107,38.42,3.245,206.3694701,7.343,False,0.0,0.0,0.0,0.0,0.0,634637.03
25,2011-02-25,B,128107,28.36,3.274,206.6424093,7.343,False,0.0,0.0,0.0,0.0,0.0,570816.34
25,2011-03-04,B,128107,31.59,3.433,206.9153485,7.343,False,0.0,0.0,0.0,0.0,0.0,640912.1799999999
25,2011-03-11,B,128107,36.73,3.582,207.1882876,7.343,False,0.0,0.0,0.0,0.0,0.0,599828.39
25,2011-03-18,B,128107,40.94,3.631,207.4283845,7.343,False,0.0,0.0,0.0,0.0,0.0,603393.64
25,2011-03-25,B,128107,38.51,3.625,207.6553444,7.343,False,0.0,0.0,0.0,0.0,0.0,616324.24
25,2011-04-01,B,128107,28.5,3.638,207.8823043,7.287,False,0.0,0.0,0.0,0.0,0.0,618377.79
25,2011-04-08,B,128107,42.11,3.72,208.1092642,7.287,False,0.0,0.0,0.0,0.0,0.0,648606.13
25,2011-04-15,B,128107,51.43,3.821,208.3172811,7.287,False,0.0,0.0,0.0,0.0,0.0,674562.45
25,2011-04-22,B,128107,45.87,3.892,208.4779405,7.287,False,0.0,0.0,0.0,0.0,0.0,756588.42
25,2011-04-29,B,128107,58.43,3.962,208.6386,7.287,False,0.0,0.0,0.0,0.0,0.0,649245.0
25,2011-05-06,B,128107,49.5,4.046,208.7992595,7.287,False,0.0,0.0,0.0,0.0,0.0,659446.55
25,2011-05-13,B,128107,60.1,4.066,208.9599189,7.287,False,0.0,0.0,0.0,0.0,0.0,684783.15
25,2011-05-20,B,128107,56.56,4.062,208.7583165,7.287,False,0.0,0.0,0.0,0.0,0.0,677971.33
25,2011-05-27,B,128107,67.18,3.985,208.556714,7.287,False,0.0,0.0,0.0,0.0,0.0,718373.9400000001
25,2011-06-03,B,128107,70.69,3.922,208.3551116,7.287,False,0.0,0.0,0.0,0.0,0.0,737551.74
25,2011-06-10,B,128107,71.45,3.881,208.1535092,7.287,False,0.0,0.0,0.0,0.0,0.0,740259.63
25,2011-06-17,B,128107,63.58,3.842,208.1265604,7.287,False,0.0,0.0,0.0,0.0,0.0,717373.43
25,2011-06-24,B,128107,70.71,3.804,208.2306018,7.287,False,0.0,0.0,0.0,0.0,0.0,699270.1
25,2011-07-01,B,128107,66.61,3.748,208.3346432,7.274,False,0.0,0.0,0.0,0.0,0.0,706206.86
25,2011-07-08,B,128107,71.64,3.711,208.4386847,7.274,False,0.0,0.0,0.0,0.0,0.0,698529.64
25,2011-07-15,B,128107,72.67,3.76,208.5309337,7.274,False,0.0,0.0,0.0,0.0,0.0,680510.23
25,2011-07-22,B,128107,78.1,3.811,208.5937018,7.274,False,0.0,0.0,0.0,0.0,0.0,670854.96
25,2011-07-29,B,128107,74.72,3.829,208.6564699,7.274,False,0.0,0.0,0.0,0.0,0.0,668390.82
25,2011-08-05,B,128107,74.0,3.842,208.719238,7.274,False,0.0,0.0,0.0,0.0,0.0,679706.01
25,2011-08-12,B,128107,70.93,3.812,208.7820061,7.274,False,0.0,0.0,0.0,0.0,0.0,667130.48
25,2011-08-19,B,128107,68.09,3.747,208.8424359,7.274,False,0.0,0.0,0.0,0.0,0.0,688958.75
25,2011-08-26,B,128107,66.8,3.704,208.902476,7.274,False,0.0,0.0,0.0,0.0,0.0,726422.55
25,2011-09-02,B,128107,67.2,3.703,208.9625161,7.274,False,0.0,0.0,0.0,0.0,0.0,699779.0
25,2011-09-09,B,128107,67.51,3.738,209.0225562,7.274,True,0.0,0.0,0.0,0.0,0.0,673248.48
25,2011-09-16,B,128107,62.05,3.742,209.1893892,7.274,False,0.0,0.0,0.0,0.0,0.0,628720.46
25,2011-09-23,B,128107,60.28,3.711,209.4986126,7.274,False,0.0,0.0,0.0,0.0,0.0,620885.93
25,2011-09-30,B,128107,60.7,3.645,209.807836,7.274,False,0.0,0.0,0.0,0.0,0.0,639160.24
25,2011-10-07,B,128107,50.82,3.583,210.1170595,7.082,False,0.0,0.0,0.0,0.0,0.0,671522.87
25,2011-10-14,B,128107,58.95,3.541,210.4027602,7.082,False,0.0,0.0,0.0,0.0,0.0,646915.47
25,2011-10-21,B,128107,50.22,3.57,210.5473252,7.082,False,0.0,0.0,0.0,0.0,0.0,690675.5
25,2011-10-28,B,128107,46.28,3.569,210.6918901,7.082,False,0.0,0.0,0.0,0.0,0.0,724443.97
25,2011-11-04,B,128107,40.88,3.551,210.8364551,7.082,False,0.0,0.0,0.0,0.0,0.0,718393.61
25,2011-11-11,B,128107,44.81,3.53,210.9810201,7.082,False,7642.65,8851.65,196.09,3286.86,3287.36,719235.07
25,2011-11-18,B,128107,46.41,3.53,211.1847207,7.082,False,6165.27,168.82,94.85,267.01,3687.92,728525.6
25,2011-11-25,B,128107,43.49,3.492,211.4120757,7.082,True,208.47,65.0,58539.77,6.47,926.72,1116211.3900000001
25,2011-12-02,B,128107,42.85,3.452,211.6394306,7.082,False,3425.95,34.0,1200.12,4106.92,15164.5,878314.5700000001
25,2011-12-09,B,128107,38.69,3.415,211.8667856,7.082,False,5549.98,64.0,256.97,2761.65,8753.69,916446.02
25,2011-12-16,B,128107,33.09,3.413,212.0685039,7.082,False,4548.64,61.0,602.21,282.11,1932.2,997502.47
25,2011-12-23,B,128107,36.56,3.389,212.2360401,7.082,False,2729.99,80.12,1689.22,26.97,3547.38,1290532.97
25,2011-12-30,B,128107,32.42,3.389,212.4035763,7.082,True,4624.26,49913.53,177.05,407.17,2515.09,683665.37
25,2012-01-06,B,128107,30.23,3.422,212.5711125,6.961,False,8642.2,26833.97,25.94,1092.98,3714.33,636419.12
25,2012-01-13,B,128107,34.6,3.513,212.7386486,6.961,False,2459.51,10718.26,0.92,506.45,3277.12,614764.31
25,2012-01-20,B,128107,23.87,3.533,212.8336399,6.961,False,577.2,3417.28,4.0,5.85,1684.31,594744.89
25,2012-01-27,B,128107,32.24,3.567,212.9286312,6.961,False,2683.99,2193.97,0.0,901.08,2783.8,589554.29
25,2012-02-03,B,128107,34.98,3.617,213.0236225,6.961,False,38223.59,4566.23,21.92,42448.94,5621.09,642776.4
25,2012-02-10,B,128107,32.47,3.64,213.1186138,6.961,True,17655.4,5620.25,12.82,16909.35,6645.05,658984.38
25,2012-02-17,B,128107,32.23,3.695,213.2732106,6.961,False,25926.69,9583.33,1.0,8768.42,6263.7,654088.02
25,2012-02-24,B,128107,35.51,3.739,213.4725116,6.961,False,10504.05,7242.9,0.0,5556.78,3596.69,613501.05
25,2012-03-02,B,128107,36.01,3.816,213.6718127,6.961,False,14860.09,3050.12,21.38,12085.01,1327.97,643155.89
25,2012-03-09,B,128107,37.44,3.848,213.8711137,6.961,False,11412.9,944.64,0.7,13264.83,3951.01,643711.53
25,2012-03-16,B,128107,50.64,3.862,214.0167132,6.961,False,5366.06,185.14,4.18,845.05,1221.53,638204.27
25,2012-03-23,B,128107,62.7,3.9,214.0907105,6.961,False,3406.88,247.61,0.93,2689.25,1301.78,672831.78
25,2012-03-30,B,128107,47.92,3.953,214.1647079,6.961,False,10660.1,225.11,1.5,2560.04,4748.1,684348.92
25,2012-04-06,B,128107,44.73,3.996,214.2387053,7.139,False,10782.56,0.0,25.79,1973.99,4389.28,791356.9
25,2012-04-13,B,128107,42.46,4.044,214.3127027,7.139,False,5432.06,4239.57,8.35,789.18,1044.74,658691.56
25,2012-04-20,B,128107,57.1,4.027,214.3675045,7.139,False,4862.43,2190.68,9.16,787.22,2870.05,661566.48
25,2012-04-27,B,128107,44.2,4.004,214.4223063,7.139,False,4318.51,5.24,5.83,62.58,1828.28,655157.32
25,2012-05-04,B,128107,58.76,3.951,214.4771081,7.139,False,7221.1,0.0,112.95,2512.32,1777.09,696421.72
25,2012-05-11,B,128107,59.21,3.889,214.5319099,7.139,False,16186.46,0.0,23.05,4625.4,2037.11,739866.16
25,2012-05-18,B,128107,58.21,3.848,214.5485571,7.139,False,7191.69,0.0,1.7,640.51,1793.42,717207.19
25,2012-05-25,B,128107,67.69,3.798,214.5499425,7.139,False,5154.82,0.0,391.45,1581.91,2164.96,783371.02
25,2012-06-01,B,128107,69.54,3.742,214.5513278,7.139,False,6667.97,38.4,40.85,544.94,2765.31,694765.95
25,2012-06-08,B,128107,58.48,3.689,214.5527132,7.139,False,9024.73,207.4,64.04,2897.69,4748.56,730254.19
25,2012-06-15,B,128107,68.34,3.62,214.5653243,7.139,False,5987.75,147.2,100.04,1735.9,3500.18,753860.89
25,2012-06-22,B,128107,73.52,3.564,214.606,7.139,False,9127.63,467.6,30.29,3543.14,5417.88,721601.9
25,2012-06-29,B,128107,69.84,3.506,214.6466757,7.139,False,3374.98,537.8,0.0,712.78,1992.95,718890.8099999999
25,2012-07-06,B,128107,75.52,3.475,214.6873514,7.28,False,7926.21,399.7,40.32,4541.86,4619.98,753385.5499999999
25,2012-07-13,B,128107,73.87,3.523,214.728027,7.28,False,7262.73,45.6,18.01,1803.13,1354.39,714093.95
25,2012-07-20,B,128107,74.32,3.567,214.7331351,7.28,False,4170.08,227.91,14.1,3456.58,2629.71,685676.58
25,2012-07-27,B,128107,72.98,3.647,214.7382432,7.28,False,6287.52,582.48,2.07,2505.39,1521.67,659109.53
25,2012-08-03,B,128107,72.08,3.654,214.7433514,7.28,False,14653.91,1155.02,13.07,10978.83,2021.96,709724.6
25,2012-08-10,B,128107,71.93,3.722,214.7484595,7.28,False,21796.09,67.99,5.1,14696.25,3555.23,710496.97
25,2012-08-17,B,128107,66.99,3.807,214.825578,7.28,False,7258.16,2.2,0.6,4015.19,780.22,728467.72
25,2012-08-24,B,128107,64.53,3.834,214.9567044,7.28,False,7693.13,69.6,50.0,2360.4,3561.61,756527.64
25,2012-08-31,B,128107,68.55,3.867,215.0878309,7.28,False,11407.22,15.4,68.64,3827.68,2540.33,714828.73
25,2012-09-07,B,128107,72.79,3.911,215.2189573,7.28,True,15308.07,0.0,22.06,5643.24,1903.09,671482.9
25,2012-09-14,B,128107,60.9,3.948,215.3583757,7.28,False,6748.95,0.0,3.15,968.4,6124.49,657241.63
25,2012-09-21,B,128107,57.6,4.038,215.5475459,7.28,False,7709.27,17.82,61.88,802.77,8294.38,664745.2
25,2012-09-28,B,128107,54.52,3.997,215.7367162,7.28,False,5110.78,11.0,10.66,149.01,3098.09,683300.84
25,2012-10-05,B,128107,57.58,3.985,215.9258865,7.293,False,5884.18,0.0,3.27,3357.56,1343.85,699536.73
25,2012-10-12,B,128107,43.74,4.0,216.1150568,7.293,False,4284.26,0.0,11.59,1227.84,1959.27,697317.41
25,2012-10-19,B,128107,51.93,3.969,216.1464699,7.293,False,3121.82,0.0,21.48,136.45,3412.8,685531.85
25,2012-10-26,B,128107,56.69,3.882,216.1515902,7.293,False,4805.66,84.19,0.0,1073.49,730.76,688940.9400000001
26,2010-02-05,A,152513,9.55,2.788,131.5279032,8.488,False,0.0,0.0,0.0,0.0,0.0,1034119.21
26,2010-02-12,A,152513,18.14,2.771,131.5866129,8.488,True,0.0,0.0,0.0,0.0,0.0,1015684.0900000001
26,2010-02-19,A,152513,22.62,2.747,131.637,8.488,False,0.0,0.0,0.0,0.0,0.0,999348.55
26,2010-02-26,A,152513,27.32,2.753,131.686,8.488,False,0.0,0.0,0.0,0.0,0.0,855385.01
26,2010-03-05,A,152513,28.6,2.766,131.735,8.488,False,0.0,0.0,0.0,0.0,0.0,1005669.58
26,2010-03-12,A,152513,31.1,2.805,131.784,8.488,False,0.0,0.0,0.0,0.0,0.0,963382.09
26,2010-03-19,A,152513,35.34,2.834,131.8242903,8.488,False,0.0,0.0,0.0,0.0,0.0,903366.55
26,2010-03-26,A,152513,35.26,2.831,131.863129,8.488,False,0.0,0.0,0.0,0.0,0.0,893613.0
26,2010-04-02,A,152513,36.53,2.826,131.9019677,8.512,False,0.0,0.0,0.0,0.0,0.0,1029849.2
26,2010-04-09,A,152513,50.13,2.849,131.9408065,8.512,False,0.0,0.0,0.0,0.0,0.0,1022293.81
26,2010-04-16,A,152513,36.6,2.885,131.9809,8.512,False,0.0,0.0,0.0,0.0,0.0,905548.38
26,2010-04-23,A,152513,39.68,2.895,132.0226667,8.512,False,0.0,0.0,0.0,0.0,0.0,881930.87
26,2010-04-30,A,152513,40.56,2.935,132.0644333,8.512,False,0.0,0.0,0.0,0.0,0.0,904503.85
26,2010-05-07,A,152513,54.72,2.981,132.1062,8.512,False,0.0,0.0,0.0,0.0,0.0,1074479.73
26,2010-05-14,A,152513,39.08,2.983,132.152129,8.512,False,0.0,0.0,0.0,0.0,0.0,972663.59
26,2010-05-21,A,152513,50.81,2.961,132.2230323,8.512,False,0.0,0.0,0.0,0.0,0.0,986765.01
26,2010-05-28,A,152513,61.65,2.906,132.2939355,8.512,False,0.0,0.0,0.0,0.0,0.0,1069851.59
26,2010-06-04,A,152513,58.46,2.857,132.3648387,8.512,False,0.0,0.0,0.0,0.0,0.0,1003202.66
26,2010-06-11,A,152513,51.62,2.83,132.4357419,8.512,False,0.0,0.0,0.0,0.0,0.0,1073862.59
26,2010-06-18,A,152513,53.62,2.805,132.4733333,8.512,False,0.0,0.0,0.0,0.0,0.0,1001286.67
26,2010-06-25,A,152513,63.78,2.81,132.4976,8.512,False,0.0,0.0,0.0,0.0,0.0,976242.09
26,2010-07-02,A,152513,58.9,2.815,132.5218667,8.445,False,0.0,0.0,0.0,0.0,0.0,1078455.48
26,2010-07-09,A,152513,71.08,2.806,132.5461333,8.445,False,0.0,0.0,0.0,0.0,0.0,1122356.53
26,2010-07-16,A,152513,67.66,2.796,132.5667742,8.445,False,0.0,0.0,0.0,0.0,0.0,1028151.72
26,2010-07-23,A,152513,65.4,2.784,132.5825806,8.445,False,0.0,0.0,0.0,0.0,0.0,971615.62
26,2010-07-30,A,152513,63.79,2.792,132.5983871,8.445,False,0.0,0.0,0.0,0.0,0.0,1005324.28
26,2010-08-06,A,152513,62.93,2.792,132.6141935,8.445,False,0.0,0.0,0.0,0.0,0.0,1125329.77
26,2010-08-13,A,152513,61.58,2.81,132.63,8.445,False,0.0,0.0,0.0,0.0,0.0,1011938.29
26,2010-08-20,A,152513,62.68,2.796,132.6616129,8.445,False,0.0,0.0,0.0,0.0,0.0,1007385.36
26,2010-08-27,A,152513,57.23,2.77,132.6932258,8.445,False,0.0,0.0,0.0,0.0,0.0,977322.52
26,2010-09-03,A,152513,66.93,2.735,132.7248387,8.445,False,0.0,0.0,0.0,0.0,0.0,1037549.7100000001
26,2010-09-10,A,152513,54.82,2.717,132.7564516,8.445,True,0.0,0.0,0.0,0.0,0.0,1042226.2999999999
26,2010-09-17,A,152513,50.08,2.716,132.7670667,8.445,False,0.0,0.0,0.0,0.0,0.0,923473.7
26,2010-09-24,A,152513,52.47,2.718,132.7619333,8.445,False,0.0,0.0,0.0,0.0,0.0,868636.3
26,2010-10-01,A,152513,57.8,2.717,132.7568,8.149,False,0.0,0.0,0.0,0.0,0.0,923221.52
26,2010-10-08,A,152513,46.81,2.776,132.7516667,8.149,False,0.0,0.0,0.0,0.0,0.0,1001069.52
26,2010-10-15,A,152513,39.93,2.878,132.7633548,8.149,False,0.0,0.0,0.0,0.0,0.0,937956.89
26,2010-10-22,A,152513,36.13,2.919,132.8170968,8.149,False,0.0,0.0,0.0,0.0,0.0,916522.66
26,2010-10-29,A,152513,40.3,2.938,132.8708387,8.149,False,0.0,0.0,0.0,0.0,0.0,895069.88
26,2010-11-05,A,152513,30.51,2.938,132.9245806,8.149,False,0.0,0.0,0.0,0.0,0.0,970224.51
26,2010-11-12,A,152513,37.51,2.961,132.9783226,8.149,False,0.0,0.0,0.0,0.0,0.0,971193.01
26,2010-11-19,A,152513,36.73,3.03,132.9172,8.149,False,0.0,0.0,0.0,0.0,0.0,901972.7000000001
26,2010-11-26,A,152513,28.11,3.07,132.8369333,8.149,True,0.0,0.0,0.0,0.0,0.0,1286833.6199999999
26,2010-12-03,A,152513,27.73,3.065,132.7566667,8.149,False,0.0,0.0,0.0,0.0,0.0,1016143.64
26,2010-12-10,A,152513,16.6,3.132,132.6764,8.149,False,0.0,0.0,0.0,0.0,0.0,1149612.04
26,2010-12-17,A,152513,20.61,3.139,132.6804516,8.149,False,0.0,0.0,0.0,0.0,0.0,1196813.33
26,2010-12-24,A,152513,21.81,3.15,132.7477419,8.149,False,0.0,0.0,0.0,0.0,0.0,1573982.47
26,2010-12-31,A,152513,18.73,3.177,132.8150323,8.149,True,0.0,0.0,0.0,0.0,0.0,877268.29
26,2011-01-07,A,152513,21.13,3.193,132.8823226,7.907,False,0.0,0.0,0.0,0.0,0.0,938149.21
26,2011-01-14,A,152513,16.7,3.215,132.9510645,7.907,False,0.0,0.0,0.0,0.0,0.0,812323.29
26,2011-01-21,A,152513,12.98,3.232,133.0285161,7.907,False,0.0,0.0,0.0,0.0,0.0,809833.21
26,2011-01-28,A,152513,5.54,3.243,133.1059677,7.907,False,0.0,0.0,0.0,0.0,0.0,817485.14
26,2011-02-04,A,152513,11.17,3.24,133.1834194,7.907,False,0.0,0.0,0.0,0.0,0.0,911807.02
26,2011-02-11,A,152513,15.12,3.255,133.260871,7.907,True,0.0,0.0,0.0,0.0,0.0,1010711.08
26,2011-02-18,A,152513,19.63,3.263,133.3701429,7.907,False,0.0,0.0,0.0,0.0,0.0,981978.02
26,2011-02-25,A,152513,16.3,3.281,133.4921429,7.907,False,0.0,0.0,0.0,0.0,0.0,910298.44
26,2011-03-04,A,152513,14.31,3.437,133.6141429,7.907,False,0.0,0.0,0.0,0.0,0.0,945643.17
26,2011-03-11,A,152513,28.13,3.6,133.7361429,7.907,False,0.0,0.0,0.0,0.0,0.0,946614.55
26,2011-03-18,A,152513,31.76,3.634,133.8492258,7.907,False,0.0,0.0,0.0,0.0,0.0,887426.12
26,2011-03-25,A,152513,22.99,3.624,133.9587419,7.907,False,0.0,0.0,0.0,0.0,0.0,866566.5399999999
26,2011-04-01,A,152513,22.99,3.638,134.0682581,7.818,False,0.0,0.0,0.0,0.0,0.0,849231.61
26,2011-04-08,A,152513,29.09,3.72,134.1777742,7.818,False,0.0,0.0,0.0,0.0,0.0,985229.8099999999
26,2011-04-15,A,152513,39.46,3.823,134.2784667,7.818,False,0.0,0.0,0.0,0.0,0.0,863266.12
26,2011-04-22,A,152513,33.81,3.919,134.3571,7.818,False,0.0,0.0,0.0,0.0,0.0,921700.61
26,2011-04-29,A,152513,47.17,3.988,134.4357333,7.818,False,0.0,0.0,0.0,0.0,0.0,873450.29
26,2011-05-06,A,152513,45.0,4.078,134.5143667,7.818,False,0.0,0.0,0.0,0.0,0.0,1024778.23
26,2011-05-13,A,152513,48.2,4.095,134.593,7.818,False,0.0,0.0,0.0,0.0,0.0,941008.85
26,2011-05-20,A,152513,48.86,4.101,134.6803871,7.818,False,0.0,0.0,0.0,0.0,0.0,938334.62
26,2011-05-27,A,152513,56.74,4.034,134.7677742,7.818,False,0.0,0.0,0.0,0.0,0.0,996723.58
26,2011-06-03,A,152513,60.49,3.973,134.8551613,7.818,False,0.0,0.0,0.0,0.0,0.0,1054454.4
26,2011-06-10,A,152513,59.85,3.924,134.9425484,7.818,False,0.0,0.0,0.0,0.0,0.0,1094058.68
26,2011-06-17,A,152513,54.5,3.873,135.0837333,7.818,False,0.0,0.0,0.0,0.0,0.0,981646.46
26,2011-06-24,A,152513,56.94,3.851,135.2652667,7.818,False,0.0,0.0,0.0,0.0,0.0,997474.93
26,2011-07-01,A,152513,59.89,3.815,135.4468,7.767,False,0.0,0.0,0.0,0.0,0.0,1070119.09
26,2011-07-08,A,152513,63.34,3.784,135.6283333,7.767,False,0.0,0.0,0.0,0.0,0.0,1133807.03
26,2011-07-15,A,152513,64.43,3.827,135.7837419,7.767,False,0.0,0.0,0.0,0.0,0.0,1021534.7
26,2011-07-22,A,152513,69.52,3.882,135.8738387,7.767,False,0.0,0.0,0.0,0.0,0.0,1017867.8
26,2011-07-29,A,152513,63.32,3.898,135.9639355,7.767,False,0.0,0.0,0.0,0.0,0.0,1005360.5
26,2011-08-05,A,152513,63.16,3.903,136.0540323,7.767,False,0.0,0.0,0.0,0.0,0.0,1107552.43
26,2011-08-12,A,152513,62.99,3.88,136.144129,7.767,False,0.0,0.0,0.0,0.0,0.0,1087644.5
26,2011-08-19,A,152513,60.58,3.82,136.183129,7.767,False,0.0,0.0,0.0,0.0,0.0,1021766.75
26,2011-08-26,A,152513,61.1,3.796,136.2136129,7.767,False,0.0,0.0,0.0,0.0,0.0,1064617.6199999999
26,2011-09-02,A,152513,59.67,3.784,136.2440968,7.767,False,0.0,0.0,0.0,0.0,0.0,1040143.14
26,2011-09-09,A,152513,60.98,3.809,136.2745806,7.767,True,0.0,0.0,0.0,0.0,0.0,1069710.97
26,2011-09-16,A,152513,55.19,3.809,136.3145,7.767,False,0.0,0.0,0.0,0.0,0.0,951569.84
26,2011-09-23,A,152513,50.72,3.758,136.367,7.767,False,0.0,0.0,0.0,0.0,0.0,923644.6
26,2011-09-30,A,152513,59.42,3.684,136.4195,7.767,False,0.0,0.0,0.0,0.0,0.0,959339.51
26,2011-10-07,A,152513,46.84,3.633,136.472,7.598,False,0.0,0.0,0.0,0.0,0.0,1130022.99
26,2011-10-14,A,152513,53.91,3.583,136.5150968,7.598,False,0.0,0.0,0.0,0.0,0.0,987886.08
26,2011-10-21,A,152513,45.23,3.618,136.5017742,7.598,False,0.0,0.0,0.0,0.0,0.0,974907.28
26,2011-10-28,A,152513,35.06,3.604,136.4884516,7.598,False,0.0,0.0,0.0,0.0,0.0,972256.98
26,2011-11-04,A,152513,31.7,3.586,136.475129,7.598,False,0.0,0.0,0.0,0.0,0.0,988950.75
26,2011-11-11,A,152513,40.08,3.57,136.4618065,7.598,False,7174.09,6889.46,292.44,1581.44,2399.33,1077640.13
26,2011-11-18,A,152513,37.78,3.571,136.4666667,7.598,False,5590.39,226.18,61.08,345.45,4332.53,946091.79
26,2011-11-25,A,152513,31.07,3.536,136.4788,7.598,True,362.32,9.0,44999.94,0.0,660.57,1282320.05
26,2011-12-02,A,152513,36.74,3.501,136.4909333,7.598,False,3343.0,9.0,955.74,1187.26,14774.79,1012498.49
26,2011-12-09,A,152513,34.24,3.47,136.5030667,7.598,False,4980.07,19.0,144.13,1669.69,6055.33,1148987.46
26,2011-12-16,A,152513,28.24,3.445,136.5335161,7.598,False,2698.03,0.0,494.72,533.84,2670.1,1204807.83
26,2011-12-23,A,152513,22.53,3.413,136.5883871,7.598,False,699.47,0.09,1018.94,9.0,2816.25,1515175.01
26,2011-12-30,A,152513,18.8,3.402,136.6432581,7.598,True,4124.23,34472.24,159.04,799.85,2194.68,972834.42
26,2012-01-06,A,152513,22.94,3.439,136.698129,7.467,False,3352.77,17442.27,117.1,468.31,6344.32,971557.62
26,2012-01-13,A,152513,25.55,3.523,136.753,7.467,False,2153.82,6050.57,62.24,275.03,2511.4,836305.65
26,2012-01-20,A,152513,15.22,3.542,136.8564194,7.467,False,1673.31,3004.75,27.82,153.3,2092.05,838751.5
26,2012-01-27,A,152513,24.16,3.568,136.9598387,7.467,False,812.2,1267.64,32.5,13.76,1914.38,820059.89
26,2012-02-03,A,152513,25.24,3.633,137.0632581,7.467,False,35421.34,1596.92,74.14,20234.78,6541.84,939158.25
26,2012-02-10,A,152513,23.89,3.655,137.1666774,7.467,True,5858.94,2569.2,13.42,5936.74,5874.01,1081005.6400000001
26,2012-02-17,A,152513,23.9,3.703,137.2583103,7.467,False,11524.93,6005.06,1.04,3417.87,7086.22,965788.76
26,2012-02-24,A,152513,28.06,3.751,137.3411034,7.467,False,7373.92,5211.81,3.2,2716.45,4114.28,917924.47
26,2012-03-02,A,152513,22.49,3.827,137.4238966,7.467,False,20215.36,1400.8,7.35,15485.84,2581.11,955641.74
26,2012-03-09,A,152513,29.03,3.876,137.5066897,7.467,False,4540.15,480.42,1.98,387.57,3900.33,1028569.01
26,2012-03-16,A,152513,35.06,3.867,137.5843871,7.467,False,6977.12,161.0,3.99,1535.17,2084.52,919503.4
26,2012-03-23,A,152513,49.97,3.889,137.6552903,7.467,False,4336.7,150.86,4.59,199.78,2239.64,874790.6799999999
26,2012-03-30,A,152513,33.33,3.921,137.7261935,7.467,False,8827.14,169.73,12.75,981.6,3196.41,922018.43
26,2012-04-06,A,152513,33.35,3.957,137.7970968,7.489,False,8674.08,0.0,33.85,1128.16,3852.6,1116829.23
26,2012-04-13,A,152513,36.9,4.025,137.868,7.489,False,3766.78,2941.14,24.34,1103.96,2536.7,889670.29
26,2012-04-20,A,152513,50.81,4.046,137.9230667,7.489,False,3275.87,865.21,36.58,154.69,3169.48,923600.02
26,2012-04-27,A,152513,43.6,4.023,137.9781333,7.489,False,1946.7,32.65,21.62,24.1,2152.4,911969.0
26,2012-05-04,A,152513,40.29,3.991,138.0332,7.489,False,11484.78,0.0,78.04,2449.14,2488.39,946573.29
26,2012-05-11,A,152513,47.11,3.947,138.0882667,7.489,False,8655.96,0.0,108.57,842.81,2803.07,1062548.73
26,2012-05-18,A,152513,52.55,3.899,138.1065806,7.489,False,6622.21,0.0,45.9,550.47,2648.76,978082.8400000001
26,2012-05-25,A,152513,58.2,3.85,138.1101935,7.489,False,7166.44,0.0,240.75,1942.28,2272.3,1067310.74
26,2012-06-01,A,152513,58.51,3.798,138.1138065,7.489,False,4810.9,3.0,110.44,662.3,2964.12,1015853.03
26,2012-06-08,A,152513,49.43,3.746,138.1174194,7.489,False,7908.98,54.6,16.57,689.29,4172.84,1106176.83
26,2012-06-15,A,152513,57.84,3.683,138.1295333,7.489,False,5833.29,153.8,254.03,851.83,3785.07,1029248.22
26,2012-06-22,A,152513,63.04,3.629,138.1629,7.489,False,5543.88,372.0,103.99,1901.89,6556.54,1056282.91
26,2012-06-29,A,152513,60.71,3.577,138.1962667,7.489,False,3441.05,274.0,0.0,256.82,2456.02,1051190.44
26,2012-07-06,A,152513,64.94,3.538,138.2296333,7.405,False,4894.97,230.0,19.39,3309.33,5437.93,1180470.8
26,2012-07-13,A,152513,64.47,3.561,138.263,7.405,False,6894.41,72.3,3.5,1114.8,1415.15,1063149.78
26,2012-07-20,A,152513,66.75,3.61,138.2331935,7.405,False,3072.39,35.8,13.8,1032.75,3437.32,1049625.9
26,2012-07-27,A,152513,64.12,3.701,138.2033871,7.405,False,3025.97,112.64,2.6,376.52,1155.13,1031745.14
26,2012-08-03,A,152513,65.6,3.698,138.1735806,7.405,False,28330.0,49.21,42.09,8478.97,3544.06,1090915.09
26,2012-08-10,A,152513,67.01,3.772,138.1437742,7.405,False,5732.23,17.6,6.45,1524.63,2439.95,1121476.51
26,2012-08-17,A,152513,65.54,3.84,138.1857097,7.405,False,2430.95,16.0,5.54,829.7,3038.77,1068292.56
26,2012-08-24,A,152513,62.08,3.874,138.2814516,7.405,False,4507.08,33.6,149.46,1866.46,4685.63,1022704.2
26,2012-08-31,A,152513,63.69,3.884,138.3771935,7.405,False,13118.17,3.4,86.31,2176.09,2555.38,1053495.51
26,2012-09-07,A,152513,61.58,3.921,138.4729355,7.405,True,4133.77,6.0,72.78,526.42,3514.48,1081874.03
26,2012-09-14,A,152513,57.69,3.988,138.5673,7.405,False,7606.73,0.0,22.66,368.91,9072.93,986131.94
26,2012-09-21,A,152513,52.68,4.056,138.6534,7.405,False,6916.18,3.82,0.0,228.31,7025.39,961084.08
26,2012-09-28,A,152513,50.66,4.018,138.7395,7.405,False,2409.15,7.64,0.22,1016.11,2465.17,964726.37
26,2012-10-05,A,152513,54.07,4.027,138.8256,7.138,False,3140.4,0.0,3.24,1333.43,3283.83,1095504.26
26,2012-10-12,A,152513,45.19,4.029,138.9117,7.138,False,1269.8,0.0,15.38,317.73,7746.76,1044639.69
26,2012-10-19,A,152513,43.51,4.0,138.8336129,7.138,False,1697.09,0.0,2.64,106.35,2481.19,975578.02
26,2012-10-26,A,152513,46.95,3.917,138.7281613,7.138,False,1827.16,35.87,50.0,478.93,2088.65,958619.8
27,2010-02-05,A,204184,27.19,2.954,135.3524608,8.237,False,0.0,0.0,0.0,0.0,0.0,1874289.79
27,2010-02-12,A,204184,29.81,2.94,135.4113076,8.237,True,0.0,0.0,0.0,0.0,0.0,1745362.72
27,2010-02-19,A,204184,32.44,2.909,135.4657781,8.237,False,0.0,0.0,0.0,0.0,0.0,1945070.33
27,2010-02-26,A,204184,36.0,2.91,135.5195191,8.237,False,0.0,0.0,0.0,0.0,0.0,1390934.27
27,2010-03-05,A,204184,38.07,2.919,135.5732602,8.237,False,0.0,0.0,0.0,0.0,0.0,1313729.72
27,2010-03-12,A,204184,45.98,2.938,135.6270013,8.237,False,0.0,0.0,0.0,0.0,0.0,1925113.1199999999
27,2010-03-19,A,204184,49.04,2.96,135.6682247,8.237,False,0.0,0.0,0.0,0.0,0.0,1700627.97
27,2010-03-26,A,204184,52.34,2.963,135.7073618,8.237,False,0.0,0.0,0.0,0.0,0.0,1836714.84
27,2010-04-02,A,204184,46.9,2.957,135.7464988,8.058,False,0.0,0.0,0.0,0.0,0.0,2053952.97
27,2010-04-09,A,204184,62.62,2.992,135.7856359,8.058,False,0.0,0.0,0.0,0.0,0.0,1955814.13
27,2010-04-16,A,204184,54.95,3.01,135.82725,8.058,False,0.0,0.0,0.0,0.0,0.0,1857500.96
27,2010-04-23,A,204184,53.91,3.021,135.8721667,8.058,False,0.0,0.0,0.0,0.0,0.0,1850205.47
27,2010-04-30,A,204184,53.55,3.042,135.9170833,8.058,False,0.0,0.0,0.0,0.0,0.0,1805885.04
27,2010-05-07,A,204184,69.02,3.095,135.962,8.058,False,0.0,0.0,0.0,0.0,0.0,1939458.84
27,2010-05-14,A,204184,53.82,3.112,136.010394,8.058,False,0.0,0.0,0.0,0.0,0.0,1842465.78
27,2010-05-21,A,204184,63.31,3.096,136.0796521,8.058,False,0.0,0.0,0.0,0.0,0.0,1836595.58
27,2010-05-28,A,204184,67.88,3.046,136.1489101,8.058,False,0.0,0.0,0.0,0.0,0.0,1962468.67
27,2010-06-04,A,204184,74.29,3.006,136.2181682,8.058,False,0.0,0.0,0.0,0.0,0.0,2073102.59
27,2010-06-11,A,204184,68.9,2.972,136.2874263,8.058,False,0.0,0.0,0.0,0.0,0.0,1873812.93
27,2010-06-18,A,204184,70.0,2.942,136.3243393,8.058,False,0.0,0.0,0.0,0.0,0.0,1887182.27
27,2010-06-25,A,204184,78.02,2.958,136.3483143,8.058,False,0.0,0.0,0.0,0.0,0.0,1962625.01
27,2010-07-02,A,204184,76.25,2.958,136.3722893,7.982,False,0.0,0.0,0.0,0.0,0.0,2024554.1
27,2010-07-09,A,204184,82.69,2.94,136.3962643,7.982,False,0.0,0.0,0.0,0.0,0.0,2119163.01
27,2010-07-16,A,204184,78.26,2.933,136.4179827,7.982,False,0.0,0.0,0.0,0.0,0.0,1880691.64
27,2010-07-23,A,204184,81.56,2.924,136.4366924,7.982,False,0.0,0.0,0.0,0.0,0.0,1808250.71
27,2010-07-30,A,204184,79.78,2.932,136.4554021,7.982,False,0.0,0.0,0.0,0.0,0.0,1816489.53
27,2010-08-06,A,204184,77.45,2.942,136.4741118,7.982,False,0.0,0.0,0.0,0.0,0.0,1908036.68
27,2010-08-13,A,204184,77.36,2.923,136.4928214,7.982,False,0.0,0.0,0.0,0.0,0.0,1864436.12
27,2010-08-20,A,204184,75.16,2.913,136.5249182,7.982,False,0.0,0.0,0.0,0.0,0.0,1936878.46
27,2010-08-27,A,204184,70.31,2.885,136.557015,7.982,False,0.0,0.0,0.0,0.0,0.0,1870684.21
27,2010-09-03,A,204184,78.52,2.86,136.5891118,7.982,False,0.0,0.0,0.0,0.0,0.0,1908110.9
27,2010-09-10,A,204184,70.38,2.837,136.6212085,7.982,True,0.0,0.0,0.0,0.0,0.0,1913494.81
27,2010-09-17,A,204184,64.5,2.846,136.6338071,7.982,False,0.0,0.0,0.0,0.0,0.0,1629978.46
27,2010-09-24,A,204184,67.08,2.837,136.6317821,7.982,False,0.0,0.0,0.0,0.0,0.0,1597002.71
27,2010-10-01,A,204184,70.19,2.84,136.6297571,8.021,False,0.0,0.0,0.0,0.0,0.0,1543532.83
27,2010-10-08,A,204184,57.78,2.903,136.6277321,8.021,False,0.0,0.0,0.0,0.0,0.0,1707662.87
27,2010-10-15,A,204184,58.38,2.999,136.6401935,8.021,False,0.0,0.0,0.0,0.0,0.0,1728388.2
27,2010-10-22,A,204184,52.82,3.049,136.688871,8.021,False,0.0,0.0,0.0,0.0,0.0,1693935.29
27,2010-10-29,A,204184,61.02,3.055,136.7375484,8.021,False,0.0,0.0,0.0,0.0,0.0,1688955.49
27,2010-11-05,A,204184,45.91,3.049,136.7862258,8.021,False,0.0,0.0,0.0,0.0,0.0,1686010.02
27,2010-11-12,A,204184,45.9,3.065,136.8349032,8.021,False,0.0,0.0,0.0,0.0,0.0,1828010.25
27,2010-11-19,A,204184,50.81,3.138,136.7715714,8.021,False,0.0,0.0,0.0,0.0,0.0,1704785.74
27,2010-11-26,A,204184,46.67,3.186,136.6895714,8.021,True,0.0,0.0,0.0,0.0,0.0,2627910.75
27,2010-12-03,A,204184,41.81,3.2,136.6075714,8.021,False,0.0,0.0,0.0,0.0,0.0,1884343.67
27,2010-12-10,A,204184,30.83,3.255,136.5255714,8.021,False,0.0,0.0,0.0,0.0,0.0,2139733.68
27,2010-12-17,A,204184,31.62,3.301,136.5292811,8.021,False,0.0,0.0,0.0,0.0,0.0,2350098.36
27,2010-12-24,A,204184,31.34,3.309,136.597273,8.021,False,0.0,0.0,0.0,0.0,0.0,3078162.08
27,2010-12-31,A,204184,29.59,3.336,136.665265,8.021,True,0.0,0.0,0.0,0.0,0.0,1440963.0
27,2011-01-07,A,204184,34.42,3.351,136.7332569,7.827,False,0.0,0.0,0.0,0.0,0.0,1568159.48
27,2011-01-14,A,204184,25.7,3.367,136.803477,7.827,False,0.0,0.0,0.0,0.0,0.0,1532308.6199999999
27,2011-01-21,A,204184,30.13,3.391,136.8870657,7.827,False,0.0,0.0,0.0,0.0,0.0,1517029.9
27,2011-01-28,A,204184,23.64,3.402,136.9706544,7.827,False,0.0,0.0,0.0,0.0,0.0,1421111.55
27,2011-02-04,A,204184,28.7,3.4,137.0542431,7.827,False,0.0,0.0,0.0,0.0,0.0,1628100.79
27,2011-02-11,A,204184,30.45,3.416,137.1378318,7.827,True,0.0,0.0,0.0,0.0,0.0,1636224.77
27,2011-02-18,A,204184,39.32,3.42,137.2511849,7.827,False,0.0,0.0,0.0,0.0,0.0,1709365.19
27,2011-02-25,A,204184,33.05,3.452,137.3764439,7.827,False,0.0,0.0,0.0,0.0,0.0,1688935.71
27,2011-03-04,A,204184,36.99,3.605,137.5017028,7.827,False,0.0,0.0,0.0,0.0,0.0,1656130.67
27,2011-03-11,A,204184,43.64,3.752,137.6269617,7.827,False,0.0,0.0,0.0,0.0,0.0,1613259.77
27,2011-03-18,A,204184,46.65,3.796,137.7398929,7.827,False,0.0,0.0,0.0,0.0,0.0,1624539.21
27,2011-03-25,A,204184,40.11,3.789,137.8478929,7.827,False,0.0,0.0,0.0,0.0,0.0,1554651.0799999998
27,2011-04-01,A,204184,37.27,3.811,137.9558929,7.725,False,0.0,0.0,0.0,0.0,0.0,1628868.28
27,2011-04-08,A,204184,46.87,3.895,138.0638929,7.725,False,0.0,0.0,0.0,0.0,0.0,1689844.18
27,2011-04-15,A,204184,52.24,3.981,138.1646952,7.725,False,0.0,0.0,0.0,0.0,0.0,1727175.6099999999
27,2011-04-22,A,204184,50.02,4.061,138.2475036,7.725,False,0.0,0.0,0.0,0.0,0.0,1921655.48
27,2011-04-29,A,204184,61.71,4.117,138.3303119,7.725,False,0.0,0.0,0.0,0.0,0.0,1642074.64
27,2011-05-06,A,204184,56.48,4.192,138.4131202,7.725,False,0.0,0.0,0.0,0.0,0.0,1757041.96
27,2011-05-13,A,204184,60.07,4.211,138.4959286,7.725,False,0.0,0.0,0.0,0.0,0.0,1763545.32
27,2011-05-20,A,204184,60.22,4.202,138.587106,7.725,False,0.0,0.0,0.0,0.0,0.0,1725268.56
27,2011-05-27,A,204184,66.43,4.134,138.6782834,7.725,False,0.0,0.0,0.0,0.0,0.0,1820723.17
27,2011-06-03,A,204184,74.17,4.069,138.7694608,7.725,False,0.0,0.0,0.0,0.0,0.0,2053708.01
27,2011-06-10,A,204184,73.26,4.025,138.8606382,7.725,False,0.0,0.0,0.0,0.0,0.0,1817914.71
27,2011-06-17,A,204184,67.03,3.989,139.0028333,7.725,False,0.0,0.0,0.0,0.0,0.0,1814740.09
27,2011-06-24,A,204184,72.02,3.964,139.1832917,7.725,False,0.0,0.0,0.0,0.0,0.0,1811455.15
27,2011-07-01,A,204184,73.76,3.916,139.36375,7.85,False,0.0,0.0,0.0,0.0,0.0,1949983.93
27,2011-07-08,A,204184,76.87,3.886,139.5442083,7.85,False,0.0,0.0,0.0,0.0,0.0,2000055.27
27,2011-07-15,A,204184,77.83,3.915,139.7006325,7.85,False,0.0,0.0,0.0,0.0,0.0,1762155.79
27,2011-07-22,A,204184,82.28,3.972,139.7969712,7.85,False,0.0,0.0,0.0,0.0,0.0,1754879.45
27,2011-07-29,A,204184,79.41,4.004,139.8933099,7.85,False,0.0,0.0,0.0,0.0,0.0,1744879.06
27,2011-08-05,A,204184,78.14,4.02,139.9896486,7.85,False,0.0,0.0,0.0,0.0,0.0,1747289.53
27,2011-08-12,A,204184,76.67,3.995,140.0859873,7.85,False,0.0,0.0,0.0,0.0,0.0,1758437.96
27,2011-08-19,A,204184,72.97,3.942,140.1289205,7.85,False,0.0,0.0,0.0,0.0,0.0,1781905.24
27,2011-08-26,A,204184,72.88,3.906,140.1629528,7.85,False,0.0,0.0,0.0,0.0,0.0,2034400.78
27,2011-09-02,A,204184,71.44,3.879,140.196985,7.85,False,0.0,0.0,0.0,0.0,0.0,1511717.53
27,2011-09-09,A,204184,70.93,3.93,140.2310173,7.85,True,0.0,0.0,0.0,0.0,0.0,1911470.84
27,2011-09-16,A,204184,69.65,3.937,140.2735,7.85,False,0.0,0.0,0.0,0.0,0.0,1613773.9
27,2011-09-23,A,204184,63.61,3.899,140.32725,7.85,False,0.0,0.0,0.0,0.0,0.0,1606208.68
27,2011-09-30,A,204184,70.92,3.858,140.381,7.85,False,0.0,0.0,0.0,0.0,0.0,1599626.26
27,2011-10-07,A,204184,56.91,3.775,140.43475,7.906,False,0.0,0.0,0.0,0.0,0.0,1672339.27
27,2011-10-14,A,204184,64.78,3.744,140.4784194,7.906,False,0.0,0.0,0.0,0.0,0.0,1682652.51
27,2011-10-21,A,204184,59.62,3.757,140.4616048,7.906,False,0.0,0.0,0.0,0.0,0.0,1689591.44
27,2011-10-28,A,204184,51.81,3.757,140.4447903,7.906,False,0.0,0.0,0.0,0.0,0.0,1710372.4
27,2011-11-04,A,204184,44.46,3.738,140.4279758,7.906,False,0.0,0.0,0.0,0.0,0.0,1621109.3
27,2011-11-11,A,204184,49.69,3.719,140.4111613,7.906,False,10710.56,44021.61,475.3,4235.07,4920.65,1800728.07
27,2011-11-18,A,204184,51.42,3.717,140.4127857,7.906,False,32812.24,5487.82,143.88,567.08,14703.26,1723739.44
27,2011-11-25,A,204184,47.88,3.689,140.4217857,7.906,True,164.01,27.47,73934.06,24.22,540.56,2504400.71
27,2011-12-02,A,204184,50.55,3.666,140.4307857,7.906,False,5369.61,294.47,7008.02,3692.11,33247.0,1806924.74
27,2011-12-09,A,204184,46.28,3.627,140.4397857,7.906,False,4072.48,48.0,1800.87,1796.01,8867.17,2014665.98
27,2011-12-16,A,204184,40.68,3.611,140.4700795,7.906,False,7510.92,28.09,1049.3,1160.14,7853.48,2205919.86
27,2011-12-23,A,204184,41.59,3.587,140.528765,7.906,False,2415.4,239.89,1438.33,209.34,2976.85,2739019.75
27,2011-12-30,A,204184,37.85,3.566,140.5874505,7.906,True,3650.53,50076.68,271.89,1009.78,1773.53,1650604.6
27,2012-01-06,A,204184,35.8,3.585,140.6461359,8.009,False,9235.59,29675.22,526.36,2399.37,6290.52,1535287.4
27,2012-01-13,A,204184,41.3,3.666,140.7048214,8.009,False,8081.05,16237.87,542.46,643.15,6238.31,1492399.1300000001
27,2012-01-20,A,204184,30.35,3.705,140.8086118,8.009,False,2754.17,9280.81,465.77,2567.91,1550.34,1542131.05
27,2012-01-27,A,204184,36.96,3.737,140.9124021,8.009,False,2789.03,4172.39,589.24,101.5,3857.29,1263534.86
27,2012-02-03,A,204184,42.52,3.796,141.0161924,8.009,False,62172.73,6256.0,530.81,67474.85,6129.6,1564246.02
27,2012-02-10,A,204184,37.86,3.826,141.1199827,8.009,True,15591.32,6206.22,249.82,14000.53,8024.91,1651605.35
27,2012-02-17,A,204184,37.24,3.874,141.2140357,8.009,False,14655.15,10670.84,162.82,11286.99,1595.8,1606221.56
27,2012-02-24,A,204184,41.74,3.917,141.3007857,8.009,False,16993.22,13384.32,9.6,8237.33,9045.21,1648602.3900000001
27,2012-03-02,A,204184,40.07,3.983,141.3875357,8.009,False,28652.29,3088.37,109.25,35364.08,4464.45,1509323.09
27,2012-03-09,A,204184,44.32,4.021,141.4742857,8.009,False,14171.85,917.3,2.2,3614.57,4582.1,1607343.41
27,2012-03-16,A,204184,49.6,4.021,141.55478,8.009,False,7275.48,175.65,2.96,5193.68,2366.04,1635984.07
27,2012-03-23,A,204184,57.3,4.054,141.6269332,8.009,False,4142.06,506.34,5.17,917.38,3467.03,1620839.34
27,2012-03-30,A,204184,49.4,4.098,141.6990864,8.009,False,12705.56,180.11,7.59,2943.99,3495.93,1615494.14
27,2012-04-06,A,204184,48.73,4.143,141.7712396,8.253,False,10800.82,0.0,101.35,3079.87,5692.72,1899013.3399999999
27,2012-04-13,A,204184,52.22,4.187,141.8433929,8.253,False,5139.48,4770.63,53.84,1532.47,4176.9,1650405.21
27,2012-04-20,A,204184,62.62,4.17,141.9015262,8.253,False,12507.63,2681.1,99.95,1433.43,3244.98,1639999.47
27,2012-04-27,A,204184,52.33,4.163,141.9596595,8.253,False,6408.19,901.65,58.56,51.97,2182.32,1565498.84
27,2012-05-04,A,204184,53.68,4.124,142.0177929,8.253,False,19913.55,0.0,213.38,5895.46,4687.08,1669388.45
27,2012-05-11,A,204184,58.97,4.055,142.0759262,8.253,False,10864.63,0.0,244.98,2261.45,2840.03,1674306.31
27,2012-05-18,A,204184,65.15,4.029,142.0970115,8.253,False,13340.68,0.0,222.2,2225.5,2346.31,1707158.82
27,2012-05-25,A,204184,64.77,3.979,142.1032776,8.253,False,11465.8,0.0,380.15,2173.31,4183.07,1818906.73
27,2012-06-01,A,204184,73.4,3.915,142.1095438,8.253,False,10283.49,31.2,245.41,4069.79,2775.35,1900638.6
27,2012-06-08,A,204184,64.05,3.871,142.1158099,8.253,False,12921.09,414.6,95.99,1666.88,7819.11,1764756.31
27,2012-06-15,A,204184,69.52,3.786,142.1292548,8.253,False,9943.48,614.9,15.0,3382.44,6779.57,1773500.56
27,2012-06-22,A,204184,73.23,3.722,142.1606464,8.253,False,9510.17,821.5,7.98,3928.13,6054.38,1837884.79
27,2012-06-29,A,204184,73.94,3.667,142.1920381,8.253,False,7582.01,585.9,0.0,1019.28,3522.11,1842555.32
27,2012-07-06,A,204184,82.08,3.646,142.2234298,8.239,False,12579.0,303.6,217.95,8280.23,7999.22,2062224.92
27,2012-07-13,A,204184,78.95,3.689,142.2548214,8.239,False,7264.26,219.2,31.1,4489.18,3102.22,1755889.53
27,2012-07-20,A,204184,78.64,3.732,142.2337569,8.239,False,10835.89,164.46,21.51,3314.7,7302.33,1730913.66
27,2012-07-27,A,204184,76.01,3.82,142.2126924,8.239,False,8698.49,289.37,5.28,12205.87,3358.94,1625883.71
27,2012-08-03,A,204184,75.22,3.819,142.1916279,8.239,False,39317.03,194.67,64.32,25462.22,3161.43,1705810.84
27,2012-08-10,A,204184,78.44,3.863,142.1705634,8.239,False,5892.89,148.66,14.01,4147.47,5611.07,1720537.26
27,2012-08-17,A,204184,76.51,3.963,142.2157385,8.239,False,4017.25,33.65,6.2,1753.64,6783.58,1735339.59
27,2012-08-24,A,204184,72.93,3.997,142.3105933,8.239,False,4757.01,85.3,371.06,3090.86,8212.53,1780443.3599999999
27,2012-08-31,A,204184,75.0,4.026,142.4054482,8.239,False,25371.97,59.81,276.58,6582.38,5400.13,1731935.43
27,2012-09-07,A,204184,76.0,4.076,142.500303,8.239,True,18992.1,56.16,118.16,4511.15,7235.18,1840955.23
27,2012-09-14,A,204184,68.72,4.088,142.5938833,8.239,False,17121.4,17.82,18.5,2384.18,4270.34,1519604.5
27,2012-09-21,A,204184,66.1,4.203,142.6798167,8.239,False,18287.65,63.82,677.64,6039.37,3359.1,1557485.75
27,2012-09-28,A,204184,64.92,4.158,142.76575,8.239,False,26306.03,39.82,55.24,11296.93,12954.12,1540687.6300000001
27,2012-10-05,A,204184,64.5,4.151,142.8516833,8.0,False,16670.04,0.0,40.02,5385.32,6733.38,1591816.8800000001
27,2012-10-12,A,204184,55.4,4.186,142.9376167,8.0,False,2177.62,0.0,7.22,863.01,7931.82,1660081.29
27,2012-10-19,A,204184,56.53,4.153,142.8633629,8.0,False,2639.32,0.0,4.77,575.48,3147.23,1620374.24
27,2012-10-26,A,204184,58.99,4.071,142.7624113,8.0,False,7756.75,206.45,100.0,731.23,2174.84,1703047.74
28,2010-02-05,A,206302,49.47,2.962,126.4420645,13.975,False,0.0,0.0,0.0,0.0,0.0,1672352.29
28,2010-02-12,A,206302,47.87,2.946,126.4962581,13.975,True,0.0,0.0,0.0,0.0,0.0,1558968.49
28,2010-02-19,A,206302,54.83,2.915,126.5262857,13.975,False,0.0,0.0,0.0,0.0,0.0,1491300.42
28,2010-02-26,A,206302,50.23,2.825,126.5522857,13.975,False,0.0,0.0,0.0,0.0,0.0,1542173.33
28,2010-03-05,A,206302,53.77,2.987,126.5782857,13.975,False,0.0,0.0,0.0,0.0,0.0,1608435.45
28,2010-03-12,A,206302,50.11,2.925,126.6042857,13.975,False,0.0,0.0,0.0,0.0,0.0,1326877.11
28,2010-03-19,A,206302,59.57,3.054,126.6066452,13.975,False,0.0,0.0,0.0,0.0,0.0,1279819.43
28,2010-03-26,A,206302,60.06,3.083,126.6050645,13.975,False,0.0,0.0,0.0,0.0,0.0,1245268.77
28,2010-04-02,A,206302,59.84,3.086,126.6034839,14.099,False,0.0,0.0,0.0,0.0,0.0,1441559.4
28,2010-04-09,A,206302,59.25,3.09,126.6019032,14.099,False,0.0,0.0,0.0,0.0,0.0,1382359.21
28,2010-04-16,A,206302,64.95,3.109,126.5621,14.099,False,0.0,0.0,0.0,0.0,0.0,1268240.66
28,2010-04-23,A,206302,64.55,3.05,126.4713333,14.099,False,0.0,0.0,0.0,0.0,0.0,1244177.21
28,2010-04-30,A,206302,67.38,3.105,126.3805667,14.099,False,0.0,0.0,0.0,0.0,0.0,1186971.02
28,2010-05-07,A,206302,70.15,3.127,126.2898,14.099,False,0.0,0.0,0.0,0.0,0.0,1532893.22
28,2010-05-14,A,206302,68.44,3.145,126.2085484,14.099,False,0.0,0.0,0.0,0.0,0.0,1245898.73
28,2010-05-21,A,206302,76.2,3.12,126.1843871,14.099,False,0.0,0.0,0.0,0.0,0.0,1217923.71
28,2010-05-28,A,206302,67.84,3.058,126.1602258,14.099,False,0.0,0.0,0.0,0.0,0.0,1176588.25
28,2010-06-04,A,206302,81.39,2.941,126.1360645,14.099,False,0.0,0.0,0.0,0.0,0.0,1543678.02
28,2010-06-11,A,206302,90.84,2.949,126.1119032,14.099,False,0.0,0.0,0.0,0.0,0.0,1348995.17
28,2010-06-18,A,206302,81.06,3.043,126.114,14.099,False,0.0,0.0,0.0,0.0,0.0,1267619.06
28,2010-06-25,A,206302,87.27,3.084,126.1266,14.099,False,0.0,0.0,0.0,0.0,0.0,1231025.07
28,2010-07-02,A,206302,91.98,3.105,126.1392,14.18,False,0.0,0.0,0.0,0.0,0.0,1399960.15
28,2010-07-09,A,206302,90.37,3.1,126.1518,14.18,False,0.0,0.0,0.0,0.0,0.0,1340293.87
28,2010-07-16,A,206302,97.18,3.094,126.1498065,14.18,False,0.0,0.0,0.0,0.0,0.0,1225336.41
28,2010-07-23,A,206302,99.22,3.112,126.1283548,14.18,False,0.0,0.0,0.0,0.0,0.0,1205884.98
28,2010-07-30,A,206302,96.31,3.017,126.1069032,14.18,False,0.0,0.0,0.0,0.0,0.0,1150204.71
28,2010-08-06,A,206302,92.95,3.123,126.0854516,14.18,False,0.0,0.0,0.0,0.0,0.0,1523101.3800000001
28,2010-08-13,A,206302,87.01,3.159,126.064,14.18,False,0.0,0.0,0.0,0.0,0.0,1218688.09
28,2010-08-20,A,206302,92.81,3.041,126.0766452,14.18,False,0.0,0.0,0.0,0.0,0.0,1195897.6
28,2010-08-27,A,206302,93.19,3.129,126.0892903,14.18,False,0.0,0.0,0.0,0.0,0.0,1191585.92
28,2010-09-03,A,206302,83.12,3.087,126.1019355,14.18,False,0.0,0.0,0.0,0.0,0.0,1523410.71
28,2010-09-10,A,206302,83.63,3.044,126.1145806,14.18,True,0.0,0.0,0.0,0.0,0.0,1246062.17
28,2010-09-17,A,206302,82.45,3.028,126.1454667,14.18,False,0.0,0.0,0.0,0.0,0.0,1159812.35
28,2010-09-24,A,206302,81.77,2.939,126.1900333,14.18,False,0.0,0.0,0.0,0.0,0.0,1111797.21
28,2010-10-01,A,206302,85.2,3.001,126.2346,14.313,False,0.0,0.0,0.0,0.0,0.0,1203080.41
28,2010-10-08,A,206302,71.82,3.013,126.2791667,14.313,False,0.0,0.0,0.0,0.0,0.0,1334571.87
28,2010-10-15,A,206302,75.0,2.976,126.3266774,14.313,False,0.0,0.0,0.0,0.0,0.0,1158062.99
28,2010-10-22,A,206302,68.85,3.014,126.3815484,14.313,False,0.0,0.0,0.0,0.0,0.0,1120619.32
28,2010-10-29,A,206302,61.09,3.016,126.4364194,14.313,False,0.0,0.0,0.0,0.0,0.0,1231688.48
28,2010-11-05,A,206302,65.49,3.129,126.4912903,14.313,False,0.0,0.0,0.0,0.0,0.0,1501663.26
28,2010-11-12,A,206302,57.79,3.13,126.5461613,14.313,False,0.0,0.0,0.0,0.0,0.0,1266460.45
28,2010-11-19,A,206302,58.18,3.161,126.6072,14.313,False,0.0,0.0,0.0,0.0,0.0,1179315.72
28,2010-11-26,A,206302,47.66,3.162,126.6692667,14.313,True,0.0,0.0,0.0,0.0,0.0,1937033.5
28,2010-12-03,A,206302,43.33,3.041,126.7313333,14.313,False,0.0,0.0,0.0,0.0,0.0,1447916.29
28,2010-12-10,A,206302,50.01,3.203,126.7934,14.313,False,0.0,0.0,0.0,0.0,0.0,1466164.49
28,2010-12-17,A,206302,52.77,3.236,126.8794839,14.313,False,0.0,0.0,0.0,0.0,0.0,1510443.62
28,2010-12-24,A,206302,52.02,3.236,126.9835806,14.313,False,0.0,0.0,0.0,0.0,0.0,2026026.39
28,2010-12-31,A,206302,45.64,3.148,127.0876774,14.313,True,0.0,0.0,0.0,0.0,0.0,1090558.57
28,2011-01-07,A,206302,37.64,3.287,127.1917742,14.021,False,0.0,0.0,0.0,0.0,0.0,1402902.47
28,2011-01-14,A,206302,43.15,3.312,127.3009355,14.021,False,0.0,0.0,0.0,0.0,0.0,1098286.61
28,2011-01-21,A,206302,53.53,3.223,127.4404839,14.021,False,0.0,0.0,0.0,0.0,0.0,1079669.11
28,2011-01-28,A,206302,50.74,3.342,127.5800323,14.021,False,0.0,0.0,0.0,0.0,0.0,1127859.69
28,2011-02-04,A,206302,45.14,3.348,127.7195806,14.021,False,0.0,0.0,0.0,0.0,0.0,1564897.32
28,2011-02-11,A,206302,51.3,3.381,127.859129,14.021,True,0.0,0.0,0.0,0.0,0.0,1397301.3800000001
28,2011-02-18,A,206302,53.35,3.43,127.99525,14.021,False,0.0,0.0,0.0,0.0,0.0,1514828.82
28,2011-02-25,A,206302,48.45,3.53,128.13,14.021,False,0.0,0.0,0.0,0.0,0.0,1311796.91
28,2011-03-04,A,206302,51.72,3.674,128.26475,14.021,False,0.0,0.0,0.0,0.0,0.0,1723736.9100000001
28,2011-03-11,A,206302,57.75,3.818,128.3995,14.021,False,0.0,0.0,0.0,0.0,0.0,1380836.35
28,2011-03-18,A,206302,64.21,3.692,128.5121935,14.021,False,0.0,0.0,0.0,0.0,0.0,1286413.71
28,2011-03-25,A,206302,54.4,3.909,128.6160645,14.021,False,0.0,0.0,0.0,0.0,0.0,1201059.72
28,2011-04-01,A,206302,63.63,3.772,128.7199355,13.736,False,0.0,0.0,0.0,0.0,0.0,1336838.41
28,2011-04-08,A,206302,64.47,4.003,128.8238065,13.736,False,0.0,0.0,0.0,0.0,0.0,1414713.5
28,2011-04-15,A,206302,57.63,3.868,128.9107333,13.736,False,0.0,0.0,0.0,0.0,0.0,1240126.07
28,2011-04-22,A,206302,72.12,4.134,128.9553,13.736,False,0.0,0.0,0.0,0.0,0.0,1297452.0
28,2011-04-29,A,206302,68.27,4.151,128.9998667,13.736,False,0.0,0.0,0.0,0.0,0.0,1222367.9000000001
28,2011-05-06,A,206302,68.4,4.193,129.0444333,13.736,False,0.0,0.0,0.0,0.0,0.0,1515890.3800000001
28,2011-05-13,A,206302,70.93,4.202,129.089,13.736,False,0.0,0.0,0.0,0.0,0.0,1253316.3
28,2011-05-20,A,206302,66.59,4.169,129.0756774,13.736,False,0.0,0.0,0.0,0.0,0.0,1151282.31
28,2011-05-27,A,206302,76.67,4.087,129.0623548,13.736,False,0.0,0.0,0.0,0.0,0.0,1160043.98
28,2011-06-03,A,206302,71.81,4.031,129.0490323,13.736,False,0.0,0.0,0.0,0.0,0.0,1403779.25
28,2011-06-10,A,206302,78.72,3.981,129.0357097,13.736,False,0.0,0.0,0.0,0.0,0.0,1339972.83
28,2011-06-17,A,206302,86.84,3.935,129.0432,13.736,False,0.0,0.0,0.0,0.0,0.0,1268503.49
28,2011-06-24,A,206302,88.95,3.898,129.0663,13.736,False,0.0,0.0,0.0,0.0,0.0,1208809.34
28,2011-07-01,A,206302,89.85,3.842,129.0894,13.503,False,0.0,0.0,0.0,0.0,0.0,1319054.57
28,2011-07-08,A,206302,89.9,3.705,129.1125,13.503,False,0.0,0.0,0.0,0.0,0.0,1459655.8499999999
28,2011-07-15,A,206302,88.1,3.692,129.1338387,13.503,False,0.0,0.0,0.0,0.0,0.0,1197373.13
28,2011-07-22,A,206302,91.17,3.794,129.1507742,13.503,False,0.0,0.0,0.0,0.0,0.0,1165870.54
28,2011-07-29,A,206302,93.29,3.805,129.1677097,13.503,False,0.0,0.0,0.0,0.0,0.0,1114530.29
28,2011-08-05,A,206302,90.61,3.803,129.1846452,13.503,False,0.0,0.0,0.0,0.0,0.0,1523870.8900000001
28,2011-08-12,A,206302,91.04,3.701,129.2015806,13.503,False,0.0,0.0,0.0,0.0,0.0,1218764.94
28,2011-08-19,A,206302,91.74,3.743,129.2405806,13.503,False,0.0,0.0,0.0,0.0,0.0,1200019.74
28,2011-08-26,A,206302,94.61,3.74,129.2832581,13.503,False,0.0,0.0,0.0,0.0,0.0,1166479.51
28,2011-09-02,A,206302,93.66,3.798,129.3259355,13.503,False,0.0,0.0,0.0,0.0,0.0,1468871.49
28,2011-09-09,A,206302,88.0,3.913,129.3686129,13.503,True,0.0,0.0,0.0,0.0,0.0,1310087.0
28,2011-09-16,A,206302,76.36,3.918,129.4306,13.503,False,0.0,0.0,0.0,0.0,0.0,1159212.1
28,2011-09-23,A,206302,82.95,3.789,129.5183333,13.503,False,0.0,0.0,0.0,0.0,0.0,1109105.92
28,2011-09-30,A,206302,83.26,3.877,129.6060667,13.503,False,0.0,0.0,0.0,0.0,0.0,1120731.76
28,2011-10-07,A,206302,70.44,3.827,129.6938,12.89,False,0.0,0.0,0.0,0.0,0.0,1557314.58
28,2011-10-14,A,206302,67.31,3.805,129.7706452,12.89,False,0.0,0.0,0.0,0.0,0.0,1220984.94
28,2011-10-21,A,206302,73.05,3.842,129.7821613,12.89,False,0.0,0.0,0.0,0.0,0.0,1203172.05
28,2011-10-28,A,206302,67.41,3.727,129.7936774,12.89,False,0.0,0.0,0.0,0.0,0.0,1242746.06
28,2011-11-04,A,206302,59.77,3.828,129.8051935,12.89,False,0.0,0.0,0.0,0.0,0.0,1576654.67
28,2011-11-11,A,206302,48.76,3.824,129.8167097,12.89,False,22860.64,12223.82,343.77,20834.37,9895.33,1402654.95
28,2011-11-18,A,206302,54.2,3.813,129.8268333,12.89,False,6772.46,1654.68,86.01,1068.35,9835.85,1255081.22
28,2011-11-25,A,206302,53.25,3.622,129.8364,12.89,True,2232.08,179.73,61319.72,513.76,1790.89,1929738.27
28,2011-12-02,A,206302,52.5,3.701,129.8459667,12.89,False,10392.61,75.0,2241.11,6243.02,19374.19,1368130.35
28,2011-12-09,A,206302,42.17,3.644,129.8555333,12.89,False,6628.73,21.0,140.19,6168.78,14073.59,1467024.3
28,2011-12-16,A,206302,43.29,3.6,129.8980645,12.89,False,2429.88,18.24,347.78,573.31,6432.36,1429954.66
28,2011-12-23,A,206302,45.4,3.541,129.9845484,12.89,False,2135.31,1.53,752.34,499.0,5674.11,1796203.51
28,2011-12-30,A,206302,44.64,3.428,130.0710323,12.89,True,5218.93,49826.06,155.37,1011.54,7761.98,1270036.53
28,2012-01-06,A,206302,50.43,3.599,130.1575161,12.187,False,5155.86,19549.51,218.29,636.73,5218.5,1466046.07
28,2012-01-13,A,206302,48.07,3.657,130.244,12.187,False,4649.73,1843.24,45.3,869.64,7935.42,1161190.29
28,2012-01-20,A,206302,46.2,3.66,130.2792258,12.187,False,5177.01,1280.59,23.75,716.52,6009.03,1129540.48
28,2012-01-27,A,206302,50.43,3.675,130.3144516,12.187,False,1657.67,887.0,30.97,222.42,4291.52,1132948.48
28,2012-02-03,A,206302,50.58,3.702,130.3496774,12.187,False,44998.1,3682.17,182.6,39241.63,16008.79,1531599.44
28,2012-02-10,A,206302,52.27,3.722,130.3849032,12.187,True,20097.48,2774.5,66.42,16822.46,8228.86,1572966.15
28,2012-02-17,A,206302,51.8,3.781,130.4546207,12.187,False,20868.41,6880.29,7.84,7685.11,11114.94,1501503.68
28,2012-02-24,A,206302,53.13,3.95,130.5502069,12.187,False,9687.54,3338.06,0.0,847.07,6736.61,1323487.91
28,2012-03-02,A,206302,52.27,4.178,130.6457931,12.187,False,23765.08,872.4,3.5,12645.96,4736.14,1451740.57
28,2012-03-09,A,206302,54.54,4.25,130.7413793,12.187,False,11431.91,101.02,6.93,2060.55,9332.74,1680764.06
28,2012-03-16,A,206302,64.44,4.273,130.8261935,12.187,False,8243.42,44.26,6.68,3641.11,3645.65,1337875.49
28,2012-03-23,A,206302,56.26,4.038,130.8966452,12.187,False,9066.75,48.94,5.91,1040.74,3796.72,1216059.41
28,2012-03-30,A,206302,64.36,4.294,130.9670968,12.187,False,11704.17,57.61,11.85,1537.38,2536.67,1209524.11
28,2012-04-06,A,206302,64.05,4.121,131.0375484,11.627,False,9368.15,0.0,35.75,2580.09,8313.39,1559592.79
28,2012-04-13,A,206302,64.28,4.254,131.108,11.627,False,8478.14,5630.15,20.53,2457.88,9394.39,1290684.95
28,2012-04-20,A,206302,66.73,4.222,131.1173333,11.627,False,5343.29,3895.86,17.32,657.56,4674.67,1180797.2
28,2012-04-27,A,206302,77.99,4.193,131.1266667,11.627,False,3003.61,564.36,16.11,35.54,3226.41,1170456.16
28,2012-05-04,A,206302,76.03,4.171,131.136,11.627,False,16196.98,0.0,45.99,2938.52,8176.03,1450628.8499999999
28,2012-05-11,A,206302,77.27,4.186,131.1453333,11.627,False,14847.64,392.0,84.72,4190.88,5556.15,1264575.18
28,2012-05-18,A,206302,84.51,4.11,131.0983226,11.627,False,5282.21,0.0,1.23,1188.92,5422.89,1213310.45
28,2012-05-25,A,206302,83.84,4.293,131.0287742,11.627,False,7557.62,0.0,609.0,1574.85,7620.93,1151214.41
28,2012-06-01,A,206302,78.11,4.277,130.9592258,11.627,False,15488.5,0.0,72.0,3872.89,5319.68,1245480.95
28,2012-06-08,A,206302,84.83,4.103,130.8896774,11.627,False,9026.85,101.2,-29.1,833.67,11752.37,1440687.69
28,2012-06-15,A,206302,85.94,4.144,130.8295333,11.627,False,8619.75,101.0,363.96,2244.26,6524.51,1229760.97
28,2012-06-22,A,206302,91.61,4.014,130.7929,11.627,False,10280.97,18.4,1.12,3663.41,6659.58,1180671.55
28,2012-06-29,A,206302,90.47,3.875,130.7562667,11.627,False,6830.32,37.2,0.0,331.46,4690.76,1129031.98
28,2012-07-06,A,206302,89.13,3.765,130.7196333,10.926,False,5618.88,98.6,111.79,2513.36,6421.05,1500863.54
28,2012-07-13,A,206302,95.61,3.723,130.683,10.926,False,11410.19,19.8,3.03,3053.13,1510.09,1179915.04
28,2012-07-20,A,206302,85.53,3.726,130.7012903,10.926,False,8235.78,61.2,12.27,944.08,3623.51,1149427.48
28,2012-07-27,A,206302,93.47,3.769,130.7195806,10.926,False,4311.14,25.6,5.34,6009.47,4271.03,1135035.09
28,2012-08-03,A,206302,88.16,3.76,130.737871,10.926,False,27801.87,28.5,76.11,8969.45,5970.49,1376520.0999999999
28,2012-08-10,A,206302,95.91,3.811,130.7561613,10.926,False,8364.4,69.48,30.01,4158.02,3050.7,1269113.41
28,2012-08-17,A,206302,94.87,4.002,130.7909677,10.926,False,5349.52,1.98,11.24,2542.17,6620.24,1184198.41
28,2012-08-24,A,206302,85.32,4.055,130.8381613,10.926,False,6730.91,10.92,309.93,2779.28,5826.35,1199309.59
28,2012-08-31,A,206302,89.78,4.093,130.8853548,10.926,False,25745.2,3.2,115.39,11858.54,4508.04,1227118.75
28,2012-09-07,A,206302,88.52,4.124,130.9325484,10.926,True,7046.94,43.42,66.08,701.38,11100.55,1469693.99
28,2012-09-14,A,206302,83.64,4.133,130.9776667,10.926,False,15676.1,6.98,24.11,2180.72,10483.58,1124660.77
28,2012-09-21,A,206302,82.97,4.125,131.0103333,10.926,False,8790.27,104.0,3.0,1761.3,9638.33,1135340.19
28,2012-09-28,A,206302,81.22,3.966,131.043,10.926,False,5977.78,7.91,2.16,2458.5,6671.45,1129508.61
28,2012-10-05,A,206302,81.61,3.966,131.0756667,10.199,False,4436.17,0.0,28.91,6563.84,8417.76,1462941.03
28,2012-10-12,A,206302,71.74,4.468,131.1083333,10.199,False,1546.44,0.0,13.36,1057.73,6560.97,1205536.71
28,2012-10-19,A,206302,68.66,4.449,131.1499677,10.199,False,2307.28,0.0,4.7,1406.03,4122.2,1143724.48
28,2012-10-26,A,206302,65.95,4.301,131.1930968,10.199,False,6490.13,90.02,0.0,1750.84,1684.36,1213860.61
29,2010-02-05,B,93638,24.36,2.788,131.5279032,10.064,False,0.0,0.0,0.0,0.0,0.0,538634.46
29,2010-02-12,B,93638,28.14,2.771,131.5866129,10.064,True,0.0,0.0,0.0,0.0,0.0,529672.95
29,2010-02-19,B,93638,31.96,2.747,131.637,10.064,False,0.0,0.0,0.0,0.0,0.0,542399.07
29,2010-02-26,B,93638,35.98,2.753,131.686,10.064,False,0.0,0.0,0.0,0.0,0.0,488417.61
29,2010-03-05,B,93638,36.82,2.766,131.735,10.064,False,0.0,0.0,0.0,0.0,0.0,535087.91
29,2010-03-12,B,93638,43.43,2.805,131.784,10.064,False,0.0,0.0,0.0,0.0,0.0,519042.49
29,2010-03-19,B,93638,46.03,2.834,131.8242903,10.064,False,0.0,0.0,0.0,0.0,0.0,496851.6
29,2010-03-26,B,93638,48.56,2.831,131.863129,10.064,False,0.0,0.0,0.0,0.0,0.0,552985.34
29,2010-04-02,B,93638,44.96,2.826,131.9019677,10.16,False,0.0,0.0,0.0,0.0,0.0,599629.25
29,2010-04-09,B,93638,57.06,2.849,131.9408065,10.16,False,0.0,0.0,0.0,0.0,0.0,569937.23
29,2010-04-16,B,93638,51.14,2.885,131.9809,10.16,False,0.0,0.0,0.0,0.0,0.0,509100.84
29,2010-04-23,B,93638,51.04,2.895,132.0226667,10.16,False,0.0,0.0,0.0,0.0,0.0,505329.66
29,2010-04-30,B,93638,50.96,2.935,132.0644333,10.16,False,0.0,0.0,0.0,0.0,0.0,501013.47000000003
29,2010-05-07,B,93638,63.81,2.981,132.1062,10.16,False,0.0,0.0,0.0,0.0,0.0,568497.35
29,2010-05-14,B,93638,50.99,2.983,132.152129,10.16,False,0.0,0.0,0.0,0.0,0.0,518940.88
29,2010-05-21,B,93638,59.99,2.961,132.2230323,10.16,False,0.0,0.0,0.0,0.0,0.0,502021.82
29,2010-05-28,B,93638,65.64,2.906,132.2939355,10.16,False,0.0,0.0,0.0,0.0,0.0,577627.66
29,2010-06-04,B,93638,69.49,2.857,132.3648387,10.16,False,0.0,0.0,0.0,0.0,0.0,588017.66
29,2010-06-11,B,93638,65.01,2.83,132.4357419,10.16,False,0.0,0.0,0.0,0.0,0.0,540716.58
29,2010-06-18,B,93638,67.13,2.805,132.4733333,10.16,False,0.0,0.0,0.0,0.0,0.0,558731.74
29,2010-06-25,B,93638,74.37,2.81,132.4976,10.16,False,0.0,0.0,0.0,0.0,0.0,585548.79
29,2010-07-02,B,93638,72.88,2.815,132.5218667,10.409,False,0.0,0.0,0.0,0.0,0.0,581473.55
29,2010-07-09,B,93638,79.22,2.806,132.5461333,10.409,False,0.0,0.0,0.0,0.0,0.0,563449.43
29,2010-07-16,B,93638,76.3,2.796,132.5667742,10.409,False,0.0,0.0,0.0,0.0,0.0,512292.01
29,2010-07-23,B,93638,76.91,2.784,132.5825806,10.409,False,0.0,0.0,0.0,0.0,0.0,506502.09
29,2010-07-30,B,93638,76.35,2.792,132.5983871,10.409,False,0.0,0.0,0.0,0.0,0.0,509872.77
29,2010-08-06,B,93638,74.37,2.792,132.6141935,10.409,False,0.0,0.0,0.0,0.0,0.0,519787.93
29,2010-08-13,B,93638,74.75,2.81,132.63,10.409,False,0.0,0.0,0.0,0.0,0.0,495269.0
29,2010-08-20,B,93638,73.21,2.796,132.6616129,10.409,False,0.0,0.0,0.0,0.0,0.0,531640.1900000001
29,2010-08-27,B,93638,68.99,2.77,132.6932258,10.409,False,0.0,0.0,0.0,0.0,0.0,545766.13
29,2010-09-03,B,93638,75.85,2.735,132.7248387,10.409,False,0.0,0.0,0.0,0.0,0.0,579272.38
29,2010-09-10,B,93638,68.6,2.717,132.7564516,10.409,True,0.0,0.0,0.0,0.0,0.0,491290.37
29,2010-09-17,B,93638,62.49,2.716,132.7670667,10.409,False,0.0,0.0,0.0,0.0,0.0,463752.89
29,2010-09-24,B,93638,65.14,2.718,132.7619333,10.409,False,0.0,0.0,0.0,0.0,0.0,465338.41
29,2010-10-01,B,93638,69.31,2.717,132.7568,10.524,False,0.0,0.0,0.0,0.0,0.0,474698.01
29,2010-10-08,B,93638,56.32,2.776,132.7516667,10.524,False,0.0,0.0,0.0,0.0,0.0,530059.06
29,2010-10-15,B,93638,55.23,2.878,132.7633548,10.524,False,0.0,0.0,0.0,0.0,0.0,483011.69
29,2010-10-22,B,93638,50.24,2.919,132.8170968,10.524,False,0.0,0.0,0.0,0.0,0.0,505221.17
29,2010-10-29,B,93638,57.73,2.938,132.8708387,10.524,False,0.0,0.0,0.0,0.0,0.0,527058.59
29,2010-11-05,B,93638,44.34,2.938,132.9245806,10.524,False,0.0,0.0,0.0,0.0,0.0,521002.97
29,2010-11-12,B,93638,44.42,2.961,132.9783226,10.524,False,0.0,0.0,0.0,0.0,0.0,524450.7
29,2010-11-19,B,93638,48.62,3.03,132.9172,10.524,False,0.0,0.0,0.0,0.0,0.0,508174.55
29,2010-11-26,B,93638,44.61,3.07,132.8369333,10.524,True,0.0,0.0,0.0,0.0,0.0,975268.91
29,2010-12-03,B,93638,39.42,3.065,132.7566667,10.524,False,0.0,0.0,0.0,0.0,0.0,642678.53
29,2010-12-10,B,93638,28.43,3.132,132.6764,10.524,False,0.0,0.0,0.0,0.0,0.0,713834.74
29,2010-12-17,B,93638,30.46,3.139,132.6804516,10.524,False,0.0,0.0,0.0,0.0,0.0,850538.25
29,2010-12-24,B,93638,29.76,3.15,132.7477419,10.524,False,0.0,0.0,0.0,0.0,0.0,1130926.79
29,2010-12-31,B,93638,28.49,3.177,132.8150323,10.524,True,0.0,0.0,0.0,0.0,0.0,465992.01999999996
29,2011-01-07,B,93638,32.56,3.193,132.8823226,10.256,False,0.0,0.0,0.0,0.0,0.0,455952.18
29,2011-01-14,B,93638,24.76,3.215,132.9510645,10.256,False,0.0,0.0,0.0,0.0,0.0,426905.26
29,2011-01-21,B,93638,26.8,3.232,133.0285161,10.256,False,0.0,0.0,0.0,0.0,0.0,445134.15
29,2011-01-28,B,93638,20.61,3.243,133.1059677,10.256,False,0.0,0.0,0.0,0.0,0.0,410426.97
29,2011-02-04,B,93638,26.39,3.24,133.1834194,10.256,False,0.0,0.0,0.0,0.0,0.0,504126.89
29,2011-02-11,B,93638,28.89,3.255,133.260871,10.256,True,0.0,0.0,0.0,0.0,0.0,550387.78
29,2011-02-18,B,93638,35.34,3.263,133.3701429,10.256,False,0.0,0.0,0.0,0.0,0.0,542529.21
29,2011-02-25,B,93638,30.23,3.281,133.4921429,10.256,False,0.0,0.0,0.0,0.0,0.0,483660.15
29,2011-03-04,B,93638,33.52,3.437,133.6141429,10.256,False,0.0,0.0,0.0,0.0,0.0,536031.67
29,2011-03-11,B,93638,41.42,3.6,133.7361429,10.256,False,0.0,0.0,0.0,0.0,0.0,493430.45
29,2011-03-18,B,93638,43.38,3.634,133.8492258,10.256,False,0.0,0.0,0.0,0.0,0.0,493653.43
29,2011-03-25,B,93638,38.77,3.624,133.9587419,10.256,False,0.0,0.0,0.0,0.0,0.0,478773.05
29,2011-04-01,B,93638,36.04,3.638,134.0682581,9.966,False,0.0,0.0,0.0,0.0,0.0,475615.26
29,2011-04-08,B,93638,44.42,3.72,134.1777742,9.966,False,0.0,0.0,0.0,0.0,0.0,505304.33
29,2011-04-15,B,93638,48.88,3.823,134.2784667,9.966,False,0.0,0.0,0.0,0.0,0.0,518245.97
29,2011-04-22,B,93638,47.76,3.919,134.3571,9.966,False,0.0,0.0,0.0,0.0,0.0,589252.69
29,2011-04-29,B,93638,57.2,3.988,134.4357333,9.966,False,0.0,0.0,0.0,0.0,0.0,493078.64
29,2011-05-06,B,93638,53.63,4.078,134.5143667,9.966,False,0.0,0.0,0.0,0.0,0.0,534372.53
29,2011-05-13,B,93638,57.71,4.095,134.593,9.966,False,0.0,0.0,0.0,0.0,0.0,549551.02
29,2011-05-20,B,93638,58.56,4.101,134.6803871,9.966,False,0.0,0.0,0.0,0.0,0.0,492932.51
29,2011-05-27,B,93638,62.59,4.034,134.7677742,9.966,False,0.0,0.0,0.0,0.0,0.0,550735.64
29,2011-06-03,B,93638,70.09,3.973,134.8551613,9.966,False,0.0,0.0,0.0,0.0,0.0,598251.5700000001
29,2011-06-10,B,93638,69.53,3.924,134.9425484,9.966,False,0.0,0.0,0.0,0.0,0.0,558431.4400000001
29,2011-06-17,B,93638,63.97,3.873,135.0837333,9.966,False,0.0,0.0,0.0,0.0,0.0,536914.17
29,2011-06-24,B,93638,68.53,3.851,135.2652667,9.966,False,0.0,0.0,0.0,0.0,0.0,545368.17
29,2011-07-01,B,93638,70.8,3.815,135.4468,9.863,False,0.0,0.0,0.0,0.0,0.0,567114.6
29,2011-07-08,B,93638,74.22,3.784,135.6283333,9.863,False,0.0,0.0,0.0,0.0,0.0,547586.07
29,2011-07-15,B,93638,75.2,3.827,135.7837419,9.863,False,0.0,0.0,0.0,0.0,0.0,505246.15
29,2011-07-22,B,93638,77.79,3.882,135.8738387,9.863,False,0.0,0.0,0.0,0.0,0.0,507335.75
29,2011-07-29,B,93638,75.32,3.898,135.9639355,9.863,False,0.0,0.0,0.0,0.0,0.0,474653.06
29,2011-08-05,B,93638,75.33,3.903,136.0540323,9.863,False,0.0,0.0,0.0,0.0,0.0,503486.37
29,2011-08-12,B,93638,74.69,3.88,136.144129,9.863,False,0.0,0.0,0.0,0.0,0.0,471311.5
29,2011-08-19,B,93638,71.3,3.82,136.183129,9.863,False,0.0,0.0,0.0,0.0,0.0,498056.0
29,2011-08-26,B,93638,72.22,3.796,136.2136129,9.863,False,0.0,0.0,0.0,0.0,0.0,608294.98
29,2011-09-02,B,93638,69.16,3.784,136.2440968,9.863,False,0.0,0.0,0.0,0.0,0.0,497085.91
29,2011-09-09,B,93638,69.14,3.809,136.2745806,9.863,True,0.0,0.0,0.0,0.0,0.0,505406.72000000003
29,2011-09-16,B,93638,68.08,3.809,136.3145,9.863,False,0.0,0.0,0.0,0.0,0.0,474129.35
29,2011-09-23,B,93638,62.36,3.758,136.367,9.863,False,0.0,0.0,0.0,0.0,0.0,475696.37
29,2011-09-30,B,93638,69.78,3.684,136.4195,9.863,False,0.0,0.0,0.0,0.0,0.0,446516.26
29,2011-10-07,B,93638,56.44,3.633,136.472,9.357,False,0.0,0.0,0.0,0.0,0.0,514993.0
29,2011-10-14,B,93638,62.63,3.583,136.5150968,9.357,False,0.0,0.0,0.0,0.0,0.0,475776.45
29,2011-10-21,B,93638,59.3,3.618,136.5017742,9.357,False,0.0,0.0,0.0,0.0,0.0,505068.22000000003
29,2011-10-28,B,93638,49.31,3.604,136.4884516,9.357,False,0.0,0.0,0.0,0.0,0.0,515119.64
29,2011-11-04,B,93638,42.81,3.586,136.475129,9.357,False,0.0,0.0,0.0,0.0,0.0,620735.72
29,2011-11-11,B,93638,47.8,3.57,136.4618065,9.357,False,8394.65,7331.95,200.28,1292.58,2786.42,531600.62
29,2011-11-18,B,93638,50.62,3.571,136.4666667,9.357,False,7021.01,967.62,15.97,392.25,5793.48,504601.29
29,2011-11-25,B,93638,46.28,3.536,136.4788,9.357,True,122.33,0.0,47289.47,4.0,1179.49,913165.19
29,2011-12-02,B,93638,49.11,3.501,136.4909333,9.357,False,2167.06,0.0,1457.99,820.49,6387.74,579874.22
29,2011-12-09,B,93638,45.35,3.47,136.5030667,9.357,False,2597.24,0.0,614.02,499.88,5186.34,633240.53
29,2011-12-16,B,93638,39.11,3.445,136.5335161,9.357,False,1779.72,0.0,547.17,1211.18,6777.33,736805.66
29,2011-12-23,B,93638,39.83,3.413,136.5883871,9.357,False,373.34,5.21,676.82,10.5,1730.4,1016637.39
29,2011-12-30,B,93638,36.28,3.402,136.6432581,9.357,True,2168.59,17155.07,47.22,332.96,1792.92,551743.05
29,2012-01-06,B,93638,34.61,3.439,136.698129,8.988,False,4557.94,13427.99,9.56,550.78,2053.68,469773.85
29,2012-01-13,B,93638,39.0,3.523,136.753,8.988,False,1789.85,7403.46,0.06,2.5,2512.9,444756.37
29,2012-01-20,B,93638,29.16,3.542,136.8564194,8.988,False,2021.51,2502.83,4.65,383.01,2842.32,446863.31
29,2012-01-27,B,93638,35.68,3.568,136.9598387,8.988,False,961.63,2011.62,0.73,117.38,1504.22,395987.24
29,2012-02-03,B,93638,40.58,3.633,137.0632581,8.988,False,23656.27,2347.13,110.26,11641.23,2548.96,493159.35
29,2012-02-10,B,93638,35.68,3.655,137.1666774,8.988,True,15679.67,2427.87,4.36,4775.31,4026.33,545840.05
29,2012-02-17,B,93638,36.25,3.703,137.2583103,8.988,False,7180.13,5665.86,1.76,5185.35,3381.36,559606.91
29,2012-02-24,B,93638,39.0,3.751,137.3411034,8.988,False,7623.6,3357.2,0.0,3737.6,5024.43,488782.63
29,2012-03-02,B,93638,37.47,3.827,137.4238966,8.988,False,12783.88,800.94,1.09,6884.75,1699.2,500801.72
29,2012-03-09,B,93638,41.72,3.876,137.5066897,8.988,False,5564.21,396.61,0.0,531.23,1542.59,504750.35
29,2012-03-16,B,93638,46.06,3.867,137.5843871,8.988,False,4383.29,94.3,0.99,642.33,1575.61,489293.72
29,2012-03-23,B,93638,54.68,3.889,137.6552903,8.988,False,2826.57,69.69,2.31,538.94,1177.24,517408.48
29,2012-03-30,B,93638,46.4,3.921,137.7261935,8.988,False,4713.53,42.04,1.5,266.03,915.19,504566.27999999997
29,2012-04-06,B,93638,46.38,3.957,137.7970968,9.14,False,9650.62,0.0,10.77,1831.88,4732.84,633826.55
29,2012-04-13,B,93638,49.89,4.025,137.868,9.14,False,2015.59,4370.68,2.75,424.21,1595.7,520493.83
29,2012-04-20,B,93638,58.81,4.046,137.9230667,9.14,False,2087.5,1908.99,9.68,234.05,1581.26,525200.59
29,2012-04-27,B,93638,51.42,4.023,137.9781333,9.14,False,1238.43,0.0,6.62,58.84,1407.86,497250.22000000003
29,2012-05-04,B,93638,50.75,3.991,138.0332,9.14,False,5067.27,0.0,12.59,1773.6,1695.58,504963.83999999997
29,2012-05-11,B,93638,56.72,3.947,138.0882667,9.14,False,6606.84,0.0,7.15,477.96,2857.52,529707.87
29,2012-05-18,B,93638,61.9,3.899,138.1065806,9.14,False,3018.19,0.0,76.29,661.56,597.94,543706.04
29,2012-05-25,B,93638,62.39,3.85,138.1101935,9.14,False,7467.41,0.0,290.33,309.68,2750.24,549665.67
29,2012-06-01,B,93638,70.01,3.798,138.1138065,9.14,False,8940.48,0.0,63.86,885.58,2768.33,576252.35
29,2012-06-08,B,93638,61.71,3.746,138.1174194,9.14,False,5777.3,117.2,23.9,440.62,3946.59,554093.15
29,2012-06-15,B,93638,66.56,3.683,138.1295333,9.14,False,3861.04,306.6,7.02,89.54,1180.28,552338.76
29,2012-06-22,B,93638,70.61,3.629,138.1629,9.14,False,4524.86,492.8,0.99,1745.53,2589.37,581854.5
29,2012-06-29,B,93638,70.99,3.577,138.1962667,9.14,False,5142.08,329.04,0.27,565.5,1957.42,555954.13
29,2012-07-06,B,93638,77.41,3.538,138.2296333,9.419,False,5782.33,132.2,30.11,1918.9,4059.51,578832.41
29,2012-07-13,B,93638,75.81,3.561,138.263,9.419,False,3071.52,163.0,22.04,1087.28,656.21,514709.76
29,2012-07-20,B,93638,76.57,3.61,138.2331935,9.419,False,1142.93,212.35,8.11,368.45,1625.35,506705.36
29,2012-07-27,B,93638,73.52,3.701,138.2033871,9.419,False,4006.71,190.7,2.17,1656.41,1187.12,475158.24
29,2012-08-03,B,93638,72.99,3.698,138.1735806,9.419,False,6061.65,149.02,0.0,4925.98,2222.95,504754.74
29,2012-08-10,B,93638,76.74,3.772,138.1437742,9.419,False,27921.89,341.19,9.08,1673.62,1983.79,518628.42
29,2012-08-17,B,93638,74.92,3.84,138.1857097,9.419,False,1727.05,167.24,0.3,504.22,1175.37,416881.66
29,2012-08-24,B,93638,70.42,3.874,138.2814516,9.419,False,2436.31,71.53,1.98,1546.95,1061.4,615026.15
29,2012-08-31,B,93638,71.93,3.884,138.3771935,9.419,False,5937.04,64.33,26.74,1875.2,1385.34,545844.91
29,2012-09-07,B,93638,73.3,3.921,138.4729355,9.419,True,6434.83,49.02,42.16,1096.81,3319.92,540811.85
29,2012-09-14,B,93638,66.42,3.988,138.5673,9.419,False,5649.87,89.66,4.86,1763.17,4109.45,475127.18
29,2012-09-21,B,93638,63.38,4.056,138.6534,9.419,False,2956.4,24.91,4.5,345.81,2110.49,489079.23
29,2012-09-28,B,93638,62.17,4.018,138.7395,9.419,False,4039.87,7.91,1.98,687.56,3822.63,489674.23
29,2012-10-05,B,93638,62.09,4.027,138.8256,9.151,False,4727.88,0.0,9.12,676.3,1904.05,520632.8
29,2012-10-12,B,93638,54.18,4.029,138.9117,9.151,False,2264.29,0.0,6.8,829.39,675.12,513737.0
29,2012-10-19,B,93638,55.28,4.0,138.8336129,9.151,False,1021.83,0.0,2.28,194.24,3821.21,516909.24
29,2012-10-26,B,93638,57.58,3.917,138.7281613,9.151,False,5581.8,2.98,0.0,398.23,396.11,534970.68
30,2010-02-05,C,42988,39.05,2.572,210.7526053,8.324,False,0.0,0.0,0.0,0.0,0.0,465108.52
30,2010-02-12,C,42988,37.77,2.548,210.8979935,8.324,True,0.0,0.0,0.0,0.0,0.0,497374.57
30,2010-02-19,C,42988,39.75,2.514,210.9451605,8.324,False,0.0,0.0,0.0,0.0,0.0,463513.26
30,2010-02-26,C,42988,45.31,2.561,210.9759573,8.324,False,0.0,0.0,0.0,0.0,0.0,472330.71
30,2010-03-05,C,42988,48.61,2.625,211.0067542,8.324,False,0.0,0.0,0.0,0.0,0.0,472591.07
30,2010-03-12,C,42988,57.1,2.667,211.037551,8.324,False,0.0,0.0,0.0,0.0,0.0,468189.93
30,2010-03-19,C,42988,54.68,2.72,210.8733316,8.324,False,0.0,0.0,0.0,0.0,0.0,445736.36
30,2010-03-26,C,42988,51.66,2.732,210.6766095,8.324,False,0.0,0.0,0.0,0.0,0.0,442457.35000000003
30,2010-04-02,C,42988,64.12,2.719,210.4798874,8.2,False,0.0,0.0,0.0,0.0,0.0,457884.06
30,2010-04-09,C,42988,65.74,2.77,210.2831653,8.2,False,0.0,0.0,0.0,0.0,0.0,454800.96
30,2010-04-16,C,42988,67.87,2.808,210.1495463,8.2,False,0.0,0.0,0.0,0.0,0.0,471054.16000000003
30,2010-04-23,C,42988,64.21,2.795,210.1000648,8.2,False,0.0,0.0,0.0,0.0,0.0,462454.39
30,2010-04-30,C,42988,66.93,2.78,210.0505833,8.2,False,0.0,0.0,0.0,0.0,0.0,456140.34
30,2010-05-07,C,42988,70.87,2.835,210.0011018,8.2,False,0.0,0.0,0.0,0.0,0.0,457883.94
30,2010-05-14,C,42988,73.08,2.854,209.9984585,8.2,False,0.0,0.0,0.0,0.0,0.0,461868.09
30,2010-05-21,C,42988,74.24,2.826,210.2768443,8.2,False,0.0,0.0,0.0,0.0,0.0,455751.84
30,2010-05-28,C,42988,80.94,2.759,210.5552301,8.2,False,0.0,0.0,0.0,0.0,0.0,462474.16
30,2010-06-04,C,42988,82.68,2.705,210.833616,8.2,False,0.0,0.0,0.0,0.0,0.0,458343.7
30,2010-06-11,C,42988,83.51,2.668,211.1120018,8.2,False,0.0,0.0,0.0,0.0,0.0,445530.16
30,2010-06-18,C,42988,86.18,2.637,211.1096543,8.2,False,0.0,0.0,0.0,0.0,0.0,447727.51999999996
30,2010-06-25,C,42988,87.01,2.653,210.9950134,8.2,False,0.0,0.0,0.0,0.0,0.0,453210.24
30,2010-07-02,C,42988,82.29,2.669,210.8803726,8.099,False,0.0,0.0,0.0,0.0,0.0,450337.47
30,2010-07-09,C,42988,81.67,2.642,210.7657317,8.099,False,0.0,0.0,0.0,0.0,0.0,436293.4
30,2010-07-16,C,42988,85.61,2.623,210.7577954,8.099,False,0.0,0.0,0.0,0.0,0.0,438068.71
30,2010-07-23,C,42988,87.17,2.608,210.8921319,8.099,False,0.0,0.0,0.0,0.0,0.0,440491.33
30,2010-07-30,C,42988,83.59,2.64,211.0264684,8.099,False,0.0,0.0,0.0,0.0,0.0,437893.76
30,2010-08-06,C,42988,90.3,2.627,211.1608049,8.099,False,0.0,0.0,0.0,0.0,0.0,441407.06
30,2010-08-13,C,42988,89.65,2.692,211.2951413,8.099,False,0.0,0.0,0.0,0.0,0.0,444160.07
30,2010-08-20,C,42988,89.58,2.664,211.2596586,8.099,False,0.0,0.0,0.0,0.0,0.0,447139.8
30,2010-08-27,C,42988,86.2,2.619,211.2241759,8.099,False,0.0,0.0,0.0,0.0,0.0,443810.77999999997
30,2010-09-03,C,42988,82.57,2.577,211.1886931,8.099,False,0.0,0.0,0.0,0.0,0.0,461548.98
30,2010-09-10,C,42988,79.3,2.565,211.1532104,8.099,True,0.0,0.0,0.0,0.0,0.0,455162.92
30,2010-09-17,C,42988,83.03,2.582,211.1806415,8.099,False,0.0,0.0,0.0,0.0,0.0,462058.19
30,2010-09-24,C,42988,80.79,2.624,211.2552578,8.099,False,0.0,0.0,0.0,0.0,0.0,448392.17
30,2010-10-01,C,42988,70.28,2.603,211.3298742,8.163,False,0.0,0.0,0.0,0.0,0.0,445475.3
30,2010-10-08,C,42988,65.76,2.633,211.4044906,8.163,False,0.0,0.0,0.0,0.0,0.0,462080.47000000003
30,2010-10-15,C,42988,68.61,2.72,211.4713286,8.163,False,0.0,0.0,0.0,0.0,0.0,453943.89
30,2010-10-22,C,42988,70.72,2.725,211.5187208,8.163,False,0.0,0.0,0.0,0.0,0.0,459631.74
30,2010-10-29,C,42988,67.51,2.716,211.5661131,8.163,False,0.0,0.0,0.0,0.0,0.0,438334.39
30,2010-11-05,C,42988,58.71,2.689,211.6135053,8.163,False,0.0,0.0,0.0,0.0,0.0,484661.87
30,2010-11-12,C,42988,60.95,2.728,211.6608975,8.163,False,0.0,0.0,0.0,0.0,0.0,431266.64
30,2010-11-19,C,42988,51.71,2.771,211.5470304,8.163,False,0.0,0.0,0.0,0.0,0.0,423707.69
30,2010-11-26,C,42988,62.96,2.735,211.4062867,8.163,True,0.0,0.0,0.0,0.0,0.0,462732.36
30,2010-12-03,C,42988,50.43,2.708,211.265543,8.163,False,0.0,0.0,0.0,0.0,0.0,407112.22000000003
30,2010-12-10,C,42988,46.35,2.843,211.1247993,8.163,False,0.0,0.0,0.0,0.0,0.0,428631.91
30,2010-12-17,C,42988,48.63,2.869,211.0645458,8.163,False,0.0,0.0,0.0,0.0,0.0,445332.27999999997
30,2010-12-24,C,42988,51.29,2.886,211.0646599,8.163,False,0.0,0.0,0.0,0.0,0.0,519354.88
30,2010-12-31,C,42988,47.19,2.943,211.064774,8.163,True,0.0,0.0,0.0,0.0,0.0,397631.02
30,2011-01-07,C,42988,44.24,2.976,211.0648881,8.028,False,0.0,0.0,0.0,0.0,0.0,451077.21
30,2011-01-14,C,42988,34.14,2.983,211.1176713,8.028,False,0.0,0.0,0.0,0.0,0.0,465408.72
30,2011-01-21,C,42988,42.72,3.016,211.4864691,8.028,False,0.0,0.0,0.0,0.0,0.0,439132.62
30,2011-01-28,C,42988,44.04,3.01,211.8552668,8.028,False,0.0,0.0,0.0,0.0,0.0,425989.04
30,2011-02-04,C,42988,36.33,2.989,212.2240646,8.028,False,0.0,0.0,0.0,0.0,0.0,490970.95
30,2011-02-11,C,42988,34.61,3.022,212.5928624,8.028,True,0.0,0.0,0.0,0.0,0.0,470921.24
30,2011-02-18,C,42988,59.87,3.045,212.9033115,8.028,False,0.0,0.0,0.0,0.0,0.0,417070.51
30,2011-02-25,C,42988,61.27,3.065,213.190421,8.028,False,0.0,0.0,0.0,0.0,0.0,432687.97000000003
30,2011-03-04,C,42988,59.52,3.288,213.4775305,8.028,False,0.0,0.0,0.0,0.0,0.0,443334.71
30,2011-03-11,C,42988,54.69,3.459,213.7646401,8.028,False,0.0,0.0,0.0,0.0,0.0,438529.81
30,2011-03-18,C,42988,63.26,3.488,214.0156238,8.028,False,0.0,0.0,0.0,0.0,0.0,425470.83999999997
30,2011-03-25,C,42988,70.33,3.473,214.2521573,8.028,False,0.0,0.0,0.0,0.0,0.0,431754.01
30,2011-04-01,C,42988,56.36,3.524,214.4886908,7.931,False,0.0,0.0,0.0,0.0,0.0,437926.79
30,2011-04-08,C,42988,68.62,3.622,214.7252242,7.931,False,0.0,0.0,0.0,0.0,0.0,443889.5
30,2011-04-15,C,42988,71.01,3.743,214.9420631,7.931,False,0.0,0.0,0.0,0.0,0.0,426666.92
30,2011-04-22,C,42988,70.79,3.807,215.1096657,7.931,False,0.0,0.0,0.0,0.0,0.0,445358.73
30,2011-04-29,C,42988,70.19,3.81,215.2772683,7.931,False,0.0,0.0,0.0,0.0,0.0,423687.2
30,2011-05-06,C,42988,61.87,3.906,215.4448709,7.931,False,0.0,0.0,0.0,0.0,0.0,438789.52
30,2011-05-13,C,42988,75.04,3.899,215.6124735,7.931,False,0.0,0.0,0.0,0.0,0.0,424614.59
30,2011-05-20,C,42988,68.36,3.907,215.3834778,7.931,False,0.0,0.0,0.0,0.0,0.0,435102.2
30,2011-05-27,C,42988,76.86,3.786,215.1544822,7.931,False,0.0,0.0,0.0,0.0,0.0,429305.82
30,2011-06-03,C,42988,83.82,3.699,214.9254865,7.931,False,0.0,0.0,0.0,0.0,0.0,432808.48
30,2011-06-10,C,42988,84.71,3.648,214.6964908,7.931,False,0.0,0.0,0.0,0.0,0.0,424697.05
30,2011-06-17,C,42988,87.54,3.637,214.6513538,7.931,False,0.0,0.0,0.0,0.0,0.0,435481.03
30,2011-06-24,C,42988,85.72,3.594,214.7441108,7.931,False,0.0,0.0,0.0,0.0,0.0,422715.74
30,2011-07-01,C,42988,87.57,3.524,214.8368678,7.852,False,0.0,0.0,0.0,0.0,0.0,428782.38
30,2011-07-08,C,42988,89.16,3.48,214.9296249,7.852,False,0.0,0.0,0.0,0.0,0.0,419764.37
30,2011-07-15,C,42988,91.05,3.575,215.0134426,7.852,False,0.0,0.0,0.0,0.0,0.0,420515.63
30,2011-07-22,C,42988,90.27,3.651,215.0749122,7.852,False,0.0,0.0,0.0,0.0,0.0,423441.76
30,2011-07-29,C,42988,91.56,3.682,215.1363819,7.852,False,0.0,0.0,0.0,0.0,0.0,414245.96
30,2011-08-05,C,42988,94.22,3.684,215.1978515,7.852,False,0.0,0.0,0.0,0.0,0.0,431798.64
30,2011-08-12,C,42988,92.32,3.638,215.2593211,7.852,False,0.0,0.0,0.0,0.0,0.0,412224.67
30,2011-08-19,C,42988,90.11,3.554,215.3229307,7.852,False,0.0,0.0,0.0,0.0,0.0,414450.61000000004
30,2011-08-26,C,42988,92.07,3.523,215.386897,7.852,False,0.0,0.0,0.0,0.0,0.0,387944.83
30,2011-09-02,C,42988,91.94,3.533,215.4508632,7.852,False,0.0,0.0,0.0,0.0,0.0,369722.32
30,2011-09-09,C,42988,78.87,3.546,215.5148295,7.852,True,0.0,0.0,0.0,0.0,0.0,370897.82
30,2011-09-16,C,42988,80.62,3.526,215.6944378,7.852,False,0.0,0.0,0.0,0.0,0.0,382914.66
30,2011-09-23,C,42988,75.68,3.467,216.0282356,7.852,False,0.0,0.0,0.0,0.0,0.0,391837.56
30,2011-09-30,C,42988,78.91,3.355,216.3620333,7.852,False,0.0,0.0,0.0,0.0,0.0,387001.13
30,2011-10-07,C,42988,71.64,3.285,216.6958311,7.441,False,0.0,0.0,0.0,0.0,0.0,417528.26
30,2011-10-14,C,42988,69.79,3.274,217.0048261,7.441,False,0.0,0.0,0.0,0.0,0.0,410711.99
30,2011-10-21,C,42988,65.16,3.353,217.1650042,7.441,False,0.0,0.0,0.0,0.0,0.0,428958.53
30,2011-10-28,C,42988,65.46,3.372,217.3251824,7.441,False,0.0,0.0,0.0,0.0,0.0,426151.88
30,2011-11-04,C,42988,56.01,3.332,217.4853605,7.441,False,0.0,0.0,0.0,0.0,0.0,432359.04000000004
30,2011-11-11,C,42988,59.8,3.297,217.6455387,7.441,False,42.28,276.94,14.54,0.0,3508.88,409686.63
30,2011-11-18,C,42988,61.9,3.308,217.8670218,7.441,False,679.88,97.38,0.0,38.35,1143.98,436462.63
30,2011-11-25,C,42988,56.43,3.236,218.1130269,7.441,True,19.97,0.0,0.0,0.0,477.74,452163.93
30,2011-12-02,C,42988,48.72,3.172,218.3590319,7.441,False,23.47,0.0,4.7,0.0,1257.19,412385.75
30,2011-12-09,C,42988,41.44,3.158,218.605037,7.441,False,1.5,0.0,3.41,0.0,1774.78,436741.02
30,2011-12-16,C,42988,50.56,3.159,218.8217928,7.441,False,0.0,0.0,11.1,0.0,602.44,441265.07999999996
30,2011-12-23,C,42988,46.54,3.112,218.9995495,7.441,False,245.83,0.0,12.5,2.52,2951.23,492022.68
30,2011-12-30,C,42988,45.16,3.129,219.1773063,7.441,True,782.67,2027.77,0.0,35.28,239.99,376777.45
30,2012-01-06,C,42988,48.1,3.157,219.355063,7.057,False,594.21,1905.66,91.16,4.92,855.1,457030.86
30,2012-01-13,C,42988,45.0,3.261,219.5328198,7.057,False,157.23,452.88,51.64,0.0,916.52,447023.91
30,2012-01-20,C,42988,52.21,3.268,219.6258417,7.057,False,1084.35,3.47,36.96,0.0,344.93,438760.62
30,2012-01-27,C,42988,50.79,3.29,219.7188636,7.057,False,246.62,0.0,49.06,42.84,421.39,433037.66000000003
30,2012-02-03,C,42988,55.83,3.36,219.8118854,7.057,False,843.22,2.82,64.81,192.66,2393.21,434080.74
30,2012-02-10,C,42988,46.52,3.409,219.9049073,7.057,True,2098.64,4.0,52.55,0.0,1923.82,451365.99
30,2012-02-17,C,42988,45.03,3.51,220.0651993,7.057,False,95.88,745.13,11.88,0.0,2043.43,435109.11
30,2012-02-24,C,42988,54.81,3.555,220.275944,7.057,False,1192.83,557.62,0.0,13.5,1342.2,425215.71
30,2012-03-02,C,42988,59.3,3.63,220.4866886,7.057,False,1080.76,0.02,1.39,63.5,1031.3,438640.61
30,2012-03-09,C,42988,57.16,3.669,220.6974332,7.057,False,639.83,0.0,0.49,144.18,3286.61,446617.89
30,2012-03-16,C,42988,63.39,3.734,220.8498468,7.057,False,301.14,0.0,0.0,0.0,2536.55,413617.45
30,2012-03-23,C,42988,62.96,3.787,220.9244858,7.057,False,349.9,0.5,0.34,0.0,2099.05,430222.97000000003
30,2012-03-30,C,42988,67.87,3.845,220.9991248,7.057,False,380.37,0.5,0.0,0.0,1080.75,449603.91
30,2012-04-06,C,42988,69.02,3.891,221.0737638,6.891,False,21.39,0.0,4.09,0.0,2364.16,461511.92
30,2012-04-13,C,42988,69.03,3.891,221.1484028,6.891,False,48.96,856.15,12.0,0.0,699.85,428784.7
30,2012-04-20,C,42988,66.97,3.877,221.2021074,6.891,False,72.85,692.6,0.7,0.0,369.74,462909.41
30,2012-04-27,C,42988,69.21,3.814,221.255812,6.891,False,60.07,0.0,3.21,0.0,1112.14,433744.83
30,2012-05-04,C,42988,77.53,3.749,221.3095166,6.891,False,1136.36,0.0,19.09,14.33,2003.64,454477.54
30,2012-05-11,C,42988,74.14,3.688,221.3632212,6.891,False,701.89,0.0,2.28,0.0,1487.23,436070.45
30,2012-05-18,C,42988,72.42,3.63,221.380331,6.891,False,57.13,0.0,0.0,0.0,857.91,460945.14
30,2012-05-25,C,42988,79.49,3.561,221.3828029,6.891,False,175.64,0.0,0.0,0.0,2534.54,449355.91
30,2012-06-01,C,42988,79.24,3.501,221.3852748,6.891,False,553.39,0.0,0.0,0.0,7048.24,427021.18
30,2012-06-08,C,42988,79.47,3.452,221.3877467,6.891,False,359.6,0.0,3.75,0.0,3721.71,437222.94
30,2012-06-15,C,42988,81.51,3.393,221.4009901,6.891,False,370.16,0.0,3.01,10.16,1042.83,438523.24
30,2012-06-22,C,42988,81.78,3.346,221.4411622,6.891,False,292.53,0.0,0.0,0.0,3749.16,428554.63
30,2012-06-29,C,42988,88.05,3.286,221.4813343,6.891,False,57.9,0.0,0.0,0.0,1773.54,423192.4
30,2012-07-06,C,42988,85.26,3.227,221.5215064,6.565,False,799.32,0.0,2.35,2.96,2510.56,440553.42
30,2012-07-13,C,42988,82.51,3.256,221.5616784,6.565,False,200.86,0.0,4.08,0.0,7547.27,417640.33999999997
30,2012-07-20,C,42988,84.25,3.311,221.5701123,6.565,False,164.49,0.0,2.82,0.0,2012.83,427491.04
30,2012-07-27,C,42988,88.09,3.407,221.5785461,6.565,False,92.13,0.0,0.24,0.0,3727.76,424581.17
30,2012-08-03,C,42988,91.57,3.417,221.5869799,6.565,False,283.01,0.0,2.46,1.88,2833.5,425136.55
30,2012-08-10,C,42988,89.57,3.494,221.5954138,6.565,False,971.97,0.0,1.03,52.96,2168.04,430878.27999999997
30,2012-08-17,C,42988,85.55,3.571,221.6751459,6.565,False,168.82,0.0,2.13,0.0,1321.3,423351.15
30,2012-08-24,C,42988,77.72,3.62,221.8083518,6.565,False,338.75,0.0,6.52,10.05,1731.98,425296.64999999997
30,2012-08-31,C,42988,83.58,3.638,221.9415576,6.565,False,394.74,0.0,4.9,134.07,1892.82,439132.5
30,2012-09-07,C,42988,88.4,3.73,222.0747635,6.565,True,223.74,0.0,124.14,33.14,1987.38,433565.77
30,2012-09-14,C,42988,76.1,3.717,222.2174395,6.565,False,1085.92,0.0,29.23,0.0,2115.61,437773.31
30,2012-09-21,C,42988,71.54,3.721,222.4169362,6.565,False,1046.34,0.0,0.0,69.2,1258.49,443891.64
30,2012-09-28,C,42988,80.38,3.666,222.6164329,6.565,False,212.08,0.0,0.0,0.0,1525.32,425410.04
30,2012-10-05,C,42988,70.28,3.617,222.8159296,6.17,False,0.0,0.0,3.02,0.0,755.8,446751.45
30,2012-10-12,C,42988,61.53,3.601,223.0154263,6.17,False,15.88,0.0,5.2,0.0,3374.4,434593.26
30,2012-10-19,C,42988,68.52,3.594,223.0598077,6.17,False,37.11,0.0,0.15,0.0,1030.33,437537.29
30,2012-10-26,C,42988,70.5,3.506,223.0783366,6.17,False,150.46,1.75,0.0,0.0,367.83,439424.5
31,2010-02-05,A,203750,39.05,2.572,210.7526053,8.324,False,0.0,0.0,0.0,0.0,0.0,1469252.05
31,2010-02-12,A,203750,37.77,2.548,210.8979935,8.324,True,0.0,0.0,0.0,0.0,0.0,1543947.23
31,2010-02-19,A,203750,39.75,2.514,210.9451605,8.324,False,0.0,0.0,0.0,0.0,0.0,1473386.75
31,2010-02-26,A,203750,45.31,2.561,210.9759573,8.324,False,0.0,0.0,0.0,0.0,0.0,1344354.41
31,2010-03-05,A,203750,48.61,2.625,211.0067542,8.324,False,0.0,0.0,0.0,0.0,0.0,1384870.51
31,2010-03-12,A,203750,57.1,2.667,211.037551,8.324,False,0.0,0.0,0.0,0.0,0.0,1366193.35
31,2010-03-19,A,203750,54.68,2.72,210.8733316,8.324,False,0.0,0.0,0.0,0.0,0.0,1332261.01
31,2010-03-26,A,203750,51.66,2.732,210.6766095,8.324,False,0.0,0.0,0.0,0.0,0.0,1229635.7
31,2010-04-02,A,203750,64.12,2.719,210.4798874,8.2,False,0.0,0.0,0.0,0.0,0.0,1357600.68
31,2010-04-09,A,203750,65.74,2.77,210.2831653,8.2,False,0.0,0.0,0.0,0.0,0.0,1395710.09
31,2010-04-16,A,203750,67.87,2.808,210.1495463,8.2,False,0.0,0.0,0.0,0.0,0.0,1367448.28
31,2010-04-23,A,203750,64.21,2.795,210.1000648,8.2,False,0.0,0.0,0.0,0.0,0.0,1280465.8
31,2010-04-30,A,203750,66.93,2.78,210.0505833,8.2,False,0.0,0.0,0.0,0.0,0.0,1243200.24
31,2010-05-07,A,203750,70.87,2.835,210.0011018,8.2,False,0.0,0.0,0.0,0.0,0.0,1381796.8
31,2010-05-14,A,203750,73.08,2.854,209.9984585,8.2,False,0.0,0.0,0.0,0.0,0.0,1287288.59
31,2010-05-21,A,203750,74.24,2.826,210.2768443,8.2,False,0.0,0.0,0.0,0.0,0.0,1337405.5999999999
31,2010-05-28,A,203750,80.94,2.759,210.5552301,8.2,False,0.0,0.0,0.0,0.0,0.0,1309437.17
31,2010-06-04,A,203750,82.68,2.705,210.833616,8.2,False,0.0,0.0,0.0,0.0,0.0,1427624.5
31,2010-06-11,A,203750,83.51,2.668,211.1120018,8.2,False,0.0,0.0,0.0,0.0,0.0,1377092.33
31,2010-06-18,A,203750,86.18,2.637,211.1096543,8.2,False,0.0,0.0,0.0,0.0,0.0,1368090.08
31,2010-06-25,A,203750,87.01,2.653,210.9950134,8.2,False,0.0,0.0,0.0,0.0,0.0,1303523.73
31,2010-07-02,A,203750,82.29,2.669,210.8803726,8.099,False,0.0,0.0,0.0,0.0,0.0,1311704.92
31,2010-07-09,A,203750,81.67,2.642,210.7657317,8.099,False,0.0,0.0,0.0,0.0,0.0,1315118.4
31,2010-07-16,A,203750,85.61,2.623,210.7577954,8.099,False,0.0,0.0,0.0,0.0,0.0,1335433.72
31,2010-07-23,A,203750,87.17,2.608,210.8921319,8.099,False,0.0,0.0,0.0,0.0,0.0,1276031.84
31,2010-07-30,A,203750,83.59,2.64,211.0264684,8.099,False,0.0,0.0,0.0,0.0,0.0,1231993.14
31,2010-08-06,A,203750,90.3,2.627,211.1608049,8.099,False,0.0,0.0,0.0,0.0,0.0,1352401.08
31,2010-08-13,A,203750,89.65,2.692,211.2951413,8.099,False,0.0,0.0,0.0,0.0,0.0,1327719.34
31,2010-08-20,A,203750,89.58,2.664,211.2596586,8.099,False,0.0,0.0,0.0,0.0,0.0,1376571.21
31,2010-08-27,A,203750,86.2,2.619,211.2241759,8.099,False,0.0,0.0,0.0,0.0,0.0,1326621.98
31,2010-09-03,A,203750,82.57,2.577,211.1886931,8.099,False,0.0,0.0,0.0,0.0,0.0,1302047.48
31,2010-09-10,A,203750,79.3,2.565,211.1532104,8.099,True,0.0,0.0,0.0,0.0,0.0,1308179.02
31,2010-09-17,A,203750,83.03,2.582,211.1806415,8.099,False,0.0,0.0,0.0,0.0,0.0,1294105.01
31,2010-09-24,A,203750,80.79,2.624,211.2552578,8.099,False,0.0,0.0,0.0,0.0,0.0,1230250.25
31,2010-10-01,A,203750,70.28,2.603,211.3298742,8.163,False,0.0,0.0,0.0,0.0,0.0,1213981.6400000001
31,2010-10-08,A,203750,65.76,2.633,211.4044906,8.163,False,0.0,0.0,0.0,0.0,0.0,1300131.68
31,2010-10-15,A,203750,68.61,2.72,211.4713286,8.163,False,0.0,0.0,0.0,0.0,0.0,1265852.43
31,2010-10-22,A,203750,70.72,2.725,211.5187208,8.163,False,0.0,0.0,0.0,0.0,0.0,1262289.29
31,2010-10-29,A,203750,67.51,2.716,211.5661131,8.163,False,0.0,0.0,0.0,0.0,0.0,1257921.28
31,2010-11-05,A,203750,58.71,2.689,211.6135053,8.163,False,0.0,0.0,0.0,0.0,0.0,1324455.72
31,2010-11-12,A,203750,60.95,2.728,211.6608975,8.163,False,0.0,0.0,0.0,0.0,0.0,1352780.76
31,2010-11-19,A,203750,51.71,2.771,211.5470304,8.163,False,0.0,0.0,0.0,0.0,0.0,1359158.57
31,2010-11-26,A,203750,62.96,2.735,211.4062867,8.163,True,0.0,0.0,0.0,0.0,0.0,1858856.06
31,2010-12-03,A,203750,50.43,2.708,211.265543,8.163,False,0.0,0.0,0.0,0.0,0.0,1338716.37
31,2010-12-10,A,203750,46.35,2.843,211.1247993,8.163,False,0.0,0.0,0.0,0.0,0.0,1475685.1
31,2010-12-17,A,203750,48.63,2.869,211.0645458,8.163,False,0.0,0.0,0.0,0.0,0.0,1714667.0
31,2010-12-24,A,203750,51.29,2.886,211.0646599,8.163,False,0.0,0.0,0.0,0.0,0.0,2068942.97
31,2010-12-31,A,203750,47.19,2.943,211.064774,8.163,True,0.0,0.0,0.0,0.0,0.0,1198071.6
31,2011-01-07,A,203750,44.24,2.976,211.0648881,8.028,False,0.0,0.0,0.0,0.0,0.0,1311986.87
31,2011-01-14,A,203750,34.14,2.983,211.1176713,8.028,False,0.0,0.0,0.0,0.0,0.0,1350730.31
31,2011-01-21,A,203750,42.72,3.016,211.4864691,8.028,False,0.0,0.0,0.0,0.0,0.0,1344167.13
31,2011-01-28,A,203750,44.04,3.01,211.8552668,8.028,False,0.0,0.0,0.0,0.0,0.0,1254955.68
31,2011-02-04,A,203750,36.33,2.989,212.2240646,8.028,False,0.0,0.0,0.0,0.0,0.0,1443206.46
31,2011-02-11,A,203750,34.61,3.022,212.5928624,8.028,True,0.0,0.0,0.0,0.0,0.0,1539230.32
31,2011-02-18,A,203750,59.87,3.045,212.9033115,8.028,False,0.0,0.0,0.0,0.0,0.0,1539063.91
31,2011-02-25,A,203750,61.27,3.065,213.190421,8.028,False,0.0,0.0,0.0,0.0,0.0,1365678.22
31,2011-03-04,A,203750,59.52,3.288,213.4775305,8.028,False,0.0,0.0,0.0,0.0,0.0,1412721.18
31,2011-03-11,A,203750,54.69,3.459,213.7646401,8.028,False,0.0,0.0,0.0,0.0,0.0,1405572.93
31,2011-03-18,A,203750,63.26,3.488,214.0156238,8.028,False,0.0,0.0,0.0,0.0,0.0,1425559.02
31,2011-03-25,A,203750,70.33,3.473,214.2521573,8.028,False,0.0,0.0,0.0,0.0,0.0,1357036.1
31,2011-04-01,A,203750,56.36,3.524,214.4886908,7.931,False,0.0,0.0,0.0,0.0,0.0,1344890.73
31,2011-04-08,A,203750,68.62,3.622,214.7252242,7.931,False,0.0,0.0,0.0,0.0,0.0,1416790.17
31,2011-04-15,A,203750,71.01,3.743,214.9420631,7.931,False,0.0,0.0,0.0,0.0,0.0,1408464.08
31,2011-04-22,A,203750,70.79,3.807,215.1096657,7.931,False,0.0,0.0,0.0,0.0,0.0,1461393.91
31,2011-04-29,A,203750,70.19,3.81,215.2772683,7.931,False,0.0,0.0,0.0,0.0,0.0,1331137.96
31,2011-05-06,A,203750,61.87,3.906,215.4448709,7.931,False,0.0,0.0,0.0,0.0,0.0,1388755.6099999999
31,2011-05-13,A,203750,75.04,3.899,215.6124735,7.931,False,0.0,0.0,0.0,0.0,0.0,1408118.22
31,2011-05-20,A,203750,68.36,3.907,215.3834778,7.931,False,0.0,0.0,0.0,0.0,0.0,1387365.19
31,2011-05-27,A,203750,76.86,3.786,215.1544822,7.931,False,0.0,0.0,0.0,0.0,0.0,1342273.64
31,2011-06-03,A,203750,83.82,3.699,214.9254865,7.931,False,0.0,0.0,0.0,0.0,0.0,1430348.1
31,2011-06-10,A,203750,84.71,3.648,214.6964908,7.931,False,0.0,0.0,0.0,0.0,0.0,1425299.37
31,2011-06-17,A,203750,87.54,3.637,214.6513538,7.931,False,0.0,0.0,0.0,0.0,0.0,1491039.14
31,2011-06-24,A,203750,85.72,3.594,214.7441108,7.931,False,0.0,0.0,0.0,0.0,0.0,1375962.46
31,2011-07-01,A,203750,87.57,3.524,214.8368678,7.852,False,0.0,0.0,0.0,0.0,0.0,1371889.27
31,2011-07-08,A,203750,89.16,3.48,214.9296249,7.852,False,0.0,0.0,0.0,0.0,0.0,1423144.47
31,2011-07-15,A,203750,91.05,3.575,215.0134426,7.852,False,0.0,0.0,0.0,0.0,0.0,1415473.91
31,2011-07-22,A,203750,90.27,3.651,215.0749122,7.852,False,0.0,0.0,0.0,0.0,0.0,1401944.8
31,2011-07-29,A,203750,91.56,3.682,215.1363819,7.852,False,0.0,0.0,0.0,0.0,0.0,1308122.15
31,2011-08-05,A,203750,94.22,3.684,215.1978515,7.852,False,0.0,0.0,0.0,0.0,0.0,1428993.33
31,2011-08-12,A,203750,92.32,3.638,215.2593211,7.852,False,0.0,0.0,0.0,0.0,0.0,1443311.49
31,2011-08-19,A,203750,90.11,3.554,215.3229307,7.852,False,0.0,0.0,0.0,0.0,0.0,1487542.53
31,2011-08-26,A,203750,92.07,3.523,215.386897,7.852,False,0.0,0.0,0.0,0.0,0.0,1417267.07
31,2011-09-02,A,203750,91.94,3.533,215.4508632,7.852,False,0.0,0.0,0.0,0.0,0.0,1385769.03
31,2011-09-09,A,203750,78.87,3.546,215.5148295,7.852,True,0.0,0.0,0.0,0.0,0.0,1376670.27
31,2011-09-16,A,203750,80.62,3.526,215.6944378,7.852,False,0.0,0.0,0.0,0.0,0.0,1363460.86
31,2011-09-23,A,203750,75.68,3.467,216.0282356,7.852,False,0.0,0.0,0.0,0.0,0.0,1347607.74
31,2011-09-30,A,203750,78.91,3.355,216.3620333,7.852,False,0.0,0.0,0.0,0.0,0.0,1285534.74
31,2011-10-07,A,203750,71.64,3.285,216.6958311,7.441,False,0.0,0.0,0.0,0.0,0.0,1427383.24
31,2011-10-14,A,203750,69.79,3.274,217.0048261,7.441,False,0.0,0.0,0.0,0.0,0.0,1378340.18
31,2011-10-21,A,203750,65.16,3.353,217.1650042,7.441,False,0.0,0.0,0.0,0.0,0.0,1409310.4
31,2011-10-28,A,203750,65.46,3.372,217.3251824,7.441,False,0.0,0.0,0.0,0.0,0.0,1346862.72
31,2011-11-04,A,203750,56.01,3.332,217.4853605,7.441,False,0.0,0.0,0.0,0.0,0.0,1426405.46
31,2011-11-11,A,203750,59.8,3.297,217.6455387,7.441,False,25879.08,8716.86,163.33,3983.24,7898.07,1444783.6400000001
31,2011-11-18,A,203750,61.9,3.308,217.8670218,7.441,False,6756.03,591.76,71.38,462.18,12533.58,1445174.79
31,2011-11-25,A,203750,56.43,3.236,218.1130269,7.441,True,403.7,92.35,40307.29,95.5,492.36,1934099.65
31,2011-12-02,A,203750,48.72,3.172,218.3590319,7.441,False,5425.3,96.94,1100.35,2779.95,24475.38,1388809.43
31,2011-12-09,A,203750,41.44,3.158,218.605037,7.441,False,2876.83,11.87,471.16,1915.49,11604.37,1556798.94
31,2011-12-16,A,203750,50.56,3.159,218.8217928,7.441,False,1263.97,47.0,477.99,566.44,5199.2,1611196.61
31,2011-12-23,A,203750,46.54,3.112,218.9995495,7.441,False,2240.27,18.26,974.28,86.0,6207.39,2026176.14
31,2011-12-30,A,203750,45.16,3.129,219.1773063,7.441,True,6123.19,24716.69,114.74,845.42,3413.9,1355405.95
31,2012-01-06,A,203750,48.1,3.157,219.355063,7.057,False,6105.78,25953.41,91.69,1254.6,6256.02,1401232.52
31,2012-01-13,A,203750,45.0,3.261,219.5328198,7.057,False,4371.53,14136.14,54.52,719.85,3942.03,1377485.12
31,2012-01-20,A,203750,52.21,3.268,219.6258417,7.057,False,3918.1,2626.22,74.41,167.56,3302.94,1372504.9
31,2012-01-27,A,203750,50.79,3.29,219.7188636,7.057,False,2391.52,1189.61,50.82,313.76,4791.34,1259941.48
31,2012-02-03,A,203750,55.83,3.36,219.8118854,7.057,False,60394.73,2578.65,128.54,33529.14,7737.46,1391479.9100000001
31,2012-02-10,A,203750,46.52,3.409,219.9049073,7.057,True,16946.96,3789.56,83.24,11187.79,8316.25,1527688.58
31,2012-02-17,A,203750,45.03,3.51,220.0651993,7.057,False,13158.2,6689.78,10.34,6529.43,7435.73,1570813.52
31,2012-02-24,A,203750,54.81,3.555,220.275944,7.057,False,12329.67,4657.57,5.3,1538.63,5781.58,1392543.37
31,2012-03-02,A,203750,59.3,3.63,220.4866886,7.057,False,21236.34,1039.56,26.38,11668.85,7948.31,1427881.22
31,2012-03-09,A,203750,57.16,3.669,220.6974332,7.057,False,6284.13,768.91,2.69,1051.13,8527.38,1439034.86
31,2012-03-16,A,203750,63.39,3.734,220.8498468,7.057,False,6738.65,801.74,8.13,2047.38,7905.67,1481728.1300000001
31,2012-03-23,A,203750,62.96,3.787,220.9244858,7.057,False,4783.0,70.51,2.38,837.58,6900.79,1365824.97
31,2012-03-30,A,203750,67.87,3.845,220.9991248,7.057,False,9546.49,584.62,-1.0,1334.23,3691.1,1318854.22
31,2012-04-06,A,203750,69.02,3.891,221.0737638,6.891,False,12625.17,399.0,21.86,3623.01,16629.1,1496169.81
31,2012-04-13,A,203750,69.03,3.891,221.1484028,6.891,False,6352.11,4720.65,13.89,1482.03,3076.8,1407842.91
31,2012-04-20,A,203750,66.97,3.877,221.2021074,6.891,False,8373.31,645.86,16.05,311.94,7709.86,1407036.59
31,2012-04-27,A,203750,69.21,3.814,221.255812,6.891,False,2973.44,-0.91,10.16,542.5,9196.82,1311352.25
31,2012-05-04,A,203750,77.53,3.749,221.3095166,6.891,False,13819.53,0.0,116.3,4932.07,4528.81,1391257.28
31,2012-05-11,A,203750,74.14,3.688,221.3632212,6.891,False,13797.91,0.0,8.64,2960.85,3794.93,1392938.06
31,2012-05-18,A,203750,72.42,3.63,221.380331,6.891,False,8569.82,0.0,47.39,719.88,17903.64,1441473.82
31,2012-05-25,A,203750,79.49,3.561,221.3828029,6.891,False,12146.84,0.0,488.13,2066.74,5802.72,1397094.26
31,2012-06-01,A,203750,79.24,3.501,221.3852748,6.891,False,10969.38,0.0,378.31,2706.46,3236.46,1404516.29
31,2012-06-08,A,203750,79.47,3.452,221.3877467,6.891,False,6401.42,0.0,1.01,744.86,7363.36,1443285.79
31,2012-06-15,A,203750,81.51,3.393,221.4009901,6.891,False,7348.68,0.0,2.85,2541.21,5428.08,1431003.43
31,2012-06-22,A,203750,81.78,3.346,221.4411622,6.891,False,6139.82,26.0,4.33,3613.14,8954.0,1394065.76
31,2012-06-29,A,203750,88.05,3.286,221.4813343,6.891,False,5659.29,7.6,0.0,408.59,6001.91,1349202.25
31,2012-07-06,A,203750,85.26,3.227,221.5215064,6.565,False,6801.13,1.95,36.15,3120.41,3975.98,1458059.42
31,2012-07-13,A,203750,82.51,3.256,221.5616784,6.565,False,7013.13,2.1,29.35,3542.2,10462.74,1374301.34
31,2012-07-20,A,203750,84.25,3.311,221.5701123,6.565,False,2331.17,10.59,13.74,2475.94,5588.47,1392395.2
31,2012-07-27,A,203750,88.09,3.407,221.5785461,6.565,False,6694.25,35.94,7.2,8201.22,11721.11,1303732.36
31,2012-08-03,A,203750,91.57,3.417,221.5869799,6.565,False,22694.34,15.96,76.19,14090.47,8759.63,1390174.63
31,2012-08-10,A,203750,89.57,3.494,221.5954138,6.565,False,15098.61,18.96,57.04,4709.17,6169.55,1386472.59
31,2012-08-17,A,203750,85.55,3.571,221.6751459,6.565,False,2920.56,40.96,0.01,3529.36,4049.09,1410181.7
31,2012-08-24,A,203750,77.72,3.62,221.8083518,6.565,False,6690.73,25.88,0.01,4768.97,7329.68,1379783.21
31,2012-08-31,A,203750,83.58,3.638,221.9415576,6.565,False,20970.7,27.94,79.4,8977.02,17926.84,1373651.49
31,2012-09-07,A,203750,88.4,3.73,222.0747635,6.565,True,13401.91,61.94,511.63,2215.91,3508.73,1358111.62
31,2012-09-14,A,203750,76.1,3.717,222.2174395,6.565,False,11871.81,11.76,112.13,1166.35,6254.74,1327705.44
31,2012-09-21,A,203750,71.54,3.721,222.4169362,6.565,False,9618.53,65.82,21.48,1203.78,13987.79,1373064.87
31,2012-09-28,A,203750,80.38,3.666,222.6164329,6.565,False,6570.37,16.73,0.15,354.35,7577.57,1279080.58
31,2012-10-05,A,203750,70.28,3.617,222.8159296,6.17,False,3155.26,0.0,25.01,4822.44,7109.64,1363365.05
31,2012-10-12,A,203750,61.53,3.601,223.0154263,6.17,False,7504.95,0.0,9.89,273.21,9095.96,1401113.42
31,2012-10-19,A,203750,68.52,3.594,223.0598077,6.17,False,2432.45,0.0,14.89,1202.44,9394.54,1378730.45
31,2012-10-26,A,203750,70.5,3.506,223.0783366,6.17,False,10768.84,50.54,104.5,345.37,6629.51,1340232.55
32,2010-02-05,A,203007,34.43,2.58,189.3816974,9.014,False,0.0,0.0,0.0,0.0,0.0,1087616.19
32,2010-02-12,A,203007,28.09,2.572,189.4642725,9.014,True,0.0,0.0,0.0,0.0,0.0,1123566.1199999999
32,2010-02-19,A,203007,29.16,2.55,189.5340998,9.014,False,0.0,0.0,0.0,0.0,0.0,1082559.06
32,2010-02-26,A,203007,26.64,2.586,189.6018023,9.014,False,0.0,0.0,0.0,0.0,0.0,1053247.1
32,2010-03-05,A,203007,37.72,2.62,189.6695049,9.014,False,0.0,0.0,0.0,0.0,0.0,1066566.74
32,2010-03-12,A,203007,39.88,2.684,189.7372075,9.014,False,0.0,0.0,0.0,0.0,0.0,1093319.3699999999
32,2010-03-19,A,203007,42.43,2.692,189.734262,9.014,False,0.0,0.0,0.0,0.0,0.0,1059781.78
32,2010-03-26,A,203007,36.59,2.717,189.7195417,9.014,False,0.0,0.0,0.0,0.0,0.0,1076021.58
32,2010-04-02,A,203007,48.28,2.725,189.7048215,8.963,False,0.0,0.0,0.0,0.0,0.0,1131732.94
32,2010-04-09,A,203007,44.88,2.75,189.6901012,8.963,False,0.0,0.0,0.0,0.0,0.0,1095889.22
32,2010-04-16,A,203007,53.49,2.765,189.6628845,8.963,False,0.0,0.0,0.0,0.0,0.0,1082763.27
32,2010-04-23,A,203007,50.06,2.776,189.6190057,8.963,False,0.0,0.0,0.0,0.0,0.0,1072474.8
32,2010-04-30,A,203007,47.51,2.766,189.575127,8.963,False,0.0,0.0,0.0,0.0,0.0,1066792.63
32,2010-05-07,A,203007,48.94,2.771,189.5312483,8.963,False,0.0,0.0,0.0,0.0,0.0,1133657.58
32,2010-05-14,A,203007,46.42,2.788,189.4904116,8.963,False,0.0,0.0,0.0,0.0,0.0,1079314.52
32,2010-05-21,A,203007,55.89,2.776,189.467827,8.963,False,0.0,0.0,0.0,0.0,0.0,1143819.35
32,2010-05-28,A,203007,64.69,2.737,189.4452425,8.963,False,0.0,0.0,0.0,0.0,0.0,1205662.85
32,2010-06-04,A,203007,66.69,2.7,189.422658,8.963,False,0.0,0.0,0.0,0.0,0.0,1149234.96
32,2010-06-11,A,203007,70.86,2.684,189.4000734,8.963,False,0.0,0.0,0.0,0.0,0.0,1192074.09
32,2010-06-18,A,203007,60.94,2.674,189.4185259,8.963,False,0.0,0.0,0.0,0.0,0.0,1150191.72
32,2010-06-25,A,203007,72.42,2.715,189.4533931,8.963,False,0.0,0.0,0.0,0.0,0.0,1124763.74
32,2010-07-02,A,203007,74.74,2.728,189.4882603,9.017,False,0.0,0.0,0.0,0.0,0.0,1187988.64
32,2010-07-09,A,203007,67.55,2.711,189.5231276,9.017,False,0.0,0.0,0.0,0.0,0.0,1077253.67
32,2010-07-16,A,203007,76.2,2.699,189.6125456,9.017,False,0.0,0.0,0.0,0.0,0.0,1120172.24
32,2010-07-23,A,203007,75.69,2.691,189.774698,9.017,False,0.0,0.0,0.0,0.0,0.0,1109574.11
32,2010-07-30,A,203007,75.62,2.69,189.9368504,9.017,False,0.0,0.0,0.0,0.0,0.0,1065350.56
32,2010-08-06,A,203007,72.95,2.69,190.0990028,9.017,False,0.0,0.0,0.0,0.0,0.0,1144552.09
32,2010-08-13,A,203007,74.97,2.723,190.2611552,9.017,False,0.0,0.0,0.0,0.0,0.0,1157975.68
32,2010-08-20,A,203007,71.46,2.732,190.2948237,9.017,False,0.0,0.0,0.0,0.0,0.0,1189887.8599999999
32,2010-08-27,A,203007,74.95,2.731,190.3284922,9.017,False,0.0,0.0,0.0,0.0,0.0,1140501.03
32,2010-09-03,A,203007,70.2,2.773,190.3621607,9.017,False,0.0,0.0,0.0,0.0,0.0,1095932.51
32,2010-09-10,A,203007,68.44,2.78,190.3958293,9.017,True,0.0,0.0,0.0,0.0,0.0,1028635.39
32,2010-09-17,A,203007,67.17,2.8,190.4688287,9.017,False,0.0,0.0,0.0,0.0,0.0,1043962.36
32,2010-09-24,A,203007,64.19,2.793,190.5713264,9.017,False,0.0,0.0,0.0,0.0,0.0,1067432.1
32,2010-10-01,A,203007,66.14,2.759,190.6738241,9.137,False,0.0,0.0,0.0,0.0,0.0,1061089.56
32,2010-10-08,A,203007,61.81,2.745,190.7763218,9.137,False,0.0,0.0,0.0,0.0,0.0,1085483.44
32,2010-10-15,A,203007,52.96,2.762,190.8623087,9.137,False,0.0,0.0,0.0,0.0,0.0,1096692.88
32,2010-10-22,A,203007,52.3,2.762,190.9070184,9.137,False,0.0,0.0,0.0,0.0,0.0,1102185.0
32,2010-10-29,A,203007,45.45,2.748,190.951728,9.137,False,0.0,0.0,0.0,0.0,0.0,1115138.51
32,2010-11-05,A,203007,49.2,2.729,190.9964377,9.137,False,0.0,0.0,0.0,0.0,0.0,1063056.21
32,2010-11-12,A,203007,42.3,2.737,191.0411474,9.137,False,0.0,0.0,0.0,0.0,0.0,1141019.1099999999
32,2010-11-19,A,203007,36.24,2.758,191.0312172,9.137,False,0.0,0.0,0.0,0.0,0.0,1150729.89
32,2010-11-26,A,203007,29.97,2.742,191.0121805,9.137,True,0.0,0.0,0.0,0.0,0.0,1634635.8599999999
32,2010-12-03,A,203007,35.18,2.712,190.9931437,9.137,False,0.0,0.0,0.0,0.0,0.0,1200892.56
32,2010-12-10,A,203007,36.62,2.728,190.9741069,9.137,False,0.0,0.0,0.0,0.0,0.0,1377322.73
32,2010-12-17,A,203007,36.07,2.778,191.0303376,9.137,False,0.0,0.0,0.0,0.0,0.0,1557776.1
32,2010-12-24,A,203007,30.72,2.781,191.1430189,9.137,False,0.0,0.0,0.0,0.0,0.0,1949183.14
32,2010-12-31,A,203007,27.7,2.829,191.2557002,9.137,True,0.0,0.0,0.0,0.0,0.0,955463.84
32,2011-01-07,A,203007,23.78,2.882,191.3683815,8.818,False,0.0,0.0,0.0,0.0,0.0,1046416.17
32,2011-01-14,A,203007,21.69,2.911,191.4784939,8.818,False,0.0,0.0,0.0,0.0,0.0,1028206.51
32,2011-01-21,A,203007,34.54,2.973,191.5731924,8.818,False,0.0,0.0,0.0,0.0,0.0,1078348.91
32,2011-01-28,A,203007,34.86,3.008,191.667891,8.818,False,0.0,0.0,0.0,0.0,0.0,1006814.85
32,2011-02-04,A,203007,15.47,3.011,191.7625895,8.818,False,0.0,0.0,0.0,0.0,0.0,1070457.8
32,2011-02-11,A,203007,18.51,3.037,191.8572881,8.818,True,0.0,0.0,0.0,0.0,0.0,1124357.2
32,2011-02-18,A,203007,42.09,3.051,191.9178331,8.818,False,0.0,0.0,0.0,0.0,0.0,1183528.58
32,2011-02-25,A,203007,33.0,3.101,191.9647167,8.818,False,0.0,0.0,0.0,0.0,0.0,1054754.67
32,2011-03-04,A,203007,39.17,3.232,192.0116004,8.818,False,0.0,0.0,0.0,0.0,0.0,1106847.62
32,2011-03-11,A,203007,36.51,3.372,192.058484,8.818,False,0.0,0.0,0.0,0.0,0.0,1101458.21
32,2011-03-18,A,203007,45.25,3.406,192.1237981,8.818,False,0.0,0.0,0.0,0.0,0.0,1100765.5
32,2011-03-25,A,203007,46.7,3.414,192.1964844,8.818,False,0.0,0.0,0.0,0.0,0.0,1068719.22
32,2011-04-01,A,203007,44.83,3.461,192.2691707,8.595,False,0.0,0.0,0.0,0.0,0.0,1051121.02
32,2011-04-08,A,203007,48.81,3.532,192.3418571,8.595,False,0.0,0.0,0.0,0.0,0.0,1102975.59
32,2011-04-15,A,203007,45.97,3.611,192.4225954,8.595,False,0.0,0.0,0.0,0.0,0.0,1120508.1400000001
32,2011-04-22,A,203007,48.69,3.636,192.5234638,8.595,False,0.0,0.0,0.0,0.0,0.0,1210602.91
32,2011-04-29,A,203007,44.86,3.663,192.6243322,8.595,False,0.0,0.0,0.0,0.0,0.0,1107494.55
32,2011-05-06,A,203007,46.65,3.735,192.7252006,8.595,False,0.0,0.0,0.0,0.0,0.0,1181793.55
32,2011-05-13,A,203007,56.09,3.767,192.826069,8.595,False,0.0,0.0,0.0,0.0,0.0,1138162.76
32,2011-05-20,A,203007,45.71,3.828,192.831317,8.595,False,0.0,0.0,0.0,0.0,0.0,1145084.76
32,2011-05-27,A,203007,55.13,3.795,192.8365651,8.595,False,0.0,0.0,0.0,0.0,0.0,1175447.49
32,2011-06-03,A,203007,61.25,3.763,192.8418131,8.595,False,0.0,0.0,0.0,0.0,0.0,1167757.0
32,2011-06-10,A,203007,65.49,3.735,192.8470612,8.595,False,0.0,0.0,0.0,0.0,0.0,1239741.34
32,2011-06-17,A,203007,67.38,3.697,192.9034759,8.595,False,0.0,0.0,0.0,0.0,0.0,1192031.38
32,2011-06-24,A,203007,65.06,3.661,192.9982655,8.595,False,0.0,0.0,0.0,0.0,0.0,1163869.52
32,2011-07-01,A,203007,72.86,3.597,193.0930552,8.622,False,0.0,0.0,0.0,0.0,0.0,1199845.29
32,2011-07-08,A,203007,72.56,3.54,193.1878448,8.622,False,0.0,0.0,0.0,0.0,0.0,1110244.52
32,2011-07-15,A,203007,70.55,3.532,193.3125484,8.622,False,0.0,0.0,0.0,0.0,0.0,1144254.26
32,2011-07-22,A,203007,76.0,3.545,193.5120367,8.622,False,0.0,0.0,0.0,0.0,0.0,1185674.48
32,2011-07-29,A,203007,75.91,3.547,193.711525,8.622,False,0.0,0.0,0.0,0.0,0.0,1169988.62
32,2011-08-05,A,203007,74.83,3.554,193.9110133,8.622,False,0.0,0.0,0.0,0.0,0.0,1201694.1400000001
32,2011-08-12,A,203007,74.2,3.542,194.1105017,8.622,False,0.0,0.0,0.0,0.0,0.0,1206795.74
32,2011-08-19,A,203007,73.72,3.499,194.2500634,8.622,False,0.0,0.0,0.0,0.0,0.0,1221318.17
32,2011-08-26,A,203007,75.64,3.485,194.3796374,8.622,False,0.0,0.0,0.0,0.0,0.0,1183740.91
32,2011-09-02,A,203007,74.6,3.511,194.5092113,8.622,False,0.0,0.0,0.0,0.0,0.0,1152117.5
32,2011-09-09,A,203007,61.24,3.566,194.6387853,8.622,True,0.0,0.0,0.0,0.0,0.0,1128237.3
32,2011-09-16,A,203007,60.88,3.596,194.7419707,8.622,False,0.0,0.0,0.0,0.0,0.0,1142499.25
32,2011-09-23,A,203007,58.66,3.581,194.8099713,8.622,False,0.0,0.0,0.0,0.0,0.0,1116140.29
32,2011-09-30,A,203007,65.04,3.538,194.8779718,8.622,False,0.0,0.0,0.0,0.0,0.0,1088943.98
32,2011-10-07,A,203007,62.62,3.498,194.9459724,8.513,False,0.0,0.0,0.0,0.0,0.0,1149448.02
32,2011-10-14,A,203007,50.15,3.491,195.0261012,8.513,False,0.0,0.0,0.0,0.0,0.0,1175420.26
32,2011-10-21,A,203007,48.87,3.548,195.1789994,8.513,False,0.0,0.0,0.0,0.0,0.0,1151258.74
32,2011-10-28,A,203007,42.76,3.55,195.3318977,8.513,False,0.0,0.0,0.0,0.0,0.0,1185391.96
32,2011-11-04,A,203007,37.95,3.527,195.4847959,8.513,False,0.0,0.0,0.0,0.0,0.0,1204628.28
32,2011-11-11,A,203007,38.1,3.505,195.6376941,8.513,False,21104.84,7842.47,47.56,3908.03,4246.86,1182733.0
32,2011-11-18,A,203007,42.61,3.479,195.7184713,8.513,False,4971.23,662.96,48.08,556.43,6452.61,1181651.55
32,2011-11-25,A,203007,40.22,3.424,195.7704,8.513,True,292.46,443.76,71845.76,9.0,1787.07,1684468.66
32,2011-12-02,A,203007,33.8,3.378,195.8223287,8.513,False,5261.51,65.0,1075.86,4742.55,25961.21,1179773.88
32,2011-12-09,A,203007,17.94,3.331,195.8742575,8.513,False,6397.72,63.0,303.02,2813.68,9856.66,1415746.91
32,2011-12-16,A,203007,26.23,3.266,195.9841685,8.513,False,5519.01,79.0,572.44,493.58,4074.52,1556017.91
32,2011-12-23,A,203007,25.97,3.173,196.1713893,8.513,False,1211.62,10.3,1255.26,33.0,4932.34,1959526.96
32,2011-12-30,A,203007,32.99,3.119,196.3586101,8.513,True,5886.08,51732.49,211.5,1183.24,3017.63,1102367.65
32,2012-01-06,A,203007,36.75,3.095,196.5458309,8.256,False,4323.27,33209.84,208.29,1848.9,6197.53,1099937.25
32,2012-01-13,A,203007,28.99,3.077,196.7330517,8.256,False,2682.32,14928.54,211.06,1049.44,3137.59,1071598.36
32,2012-01-20,A,203007,36.86,3.055,196.7796652,8.256,False,1856.91,6229.68,214.77,887.78,5684.68,1080012.04
32,2012-01-27,A,203007,36.67,3.038,196.8262786,8.256,False,1212.68,2986.04,177.27,69.87,2324.48,1051864.6
32,2012-02-03,A,203007,35.89,3.031,196.8728921,8.256,False,31506.24,4740.74,306.03,42702.46,7920.93,1156826.31
32,2012-02-10,A,203007,23.34,3.103,196.9195056,8.256,True,19784.57,9309.88,225.85,29483.81,5473.82,1129422.86
32,2012-02-17,A,203007,24.26,3.113,196.9432711,8.256,False,9434.94,12371.88,39.2,5880.54,7373.13,1243812.59
32,2012-02-24,A,203007,33.41,3.129,196.9499007,8.256,False,18765.64,7738.97,7.6,8914.56,6028.36,1091822.72
32,2012-03-02,A,203007,33.4,3.191,196.9565303,8.256,False,11929.81,4330.7,10.1,14296.7,2785.63,1153332.89
32,2012-03-09,A,203007,39.9,3.286,196.9631599,8.256,False,16322.3,1206.5,4.97,17697.9,4305.36,1124537.97
32,2012-03-16,A,203007,51.51,3.486,197.0457208,8.256,False,4050.92,207.8,1.19,72.65,1741.07,1138101.18
32,2012-03-23,A,203007,47.64,3.664,197.2295234,8.256,False,6403.49,147.83,4.54,3324.67,3312.99,1146632.46
32,2012-03-30,A,203007,56.09,3.75,197.4133259,8.256,False,10428.62,144.83,7.84,1505.63,3306.98,1108686.87
32,2012-04-06,A,203007,51.49,3.854,197.5971285,8.09,False,9335.48,0.0,33.85,2211.09,4133.57,1270577.01
32,2012-04-13,A,203007,52.1,3.901,197.780931,8.09,False,5599.64,5969.12,25.75,1440.58,4523.31,1171834.47
32,2012-04-20,A,203007,49.15,3.936,197.7227385,8.09,False,7666.76,2726.52,30.46,1330.36,2578.3,1121405.91
32,2012-04-27,A,203007,61.76,3.927,197.664546,8.09,False,4162.67,126.71,45.62,382.41,2146.94,1126962.44
32,2012-05-04,A,203007,58.29,3.903,197.6063534,8.09,False,11832.54,0.0,117.43,1881.84,4729.13,1187384.53
32,2012-05-11,A,203007,55.4,3.87,197.5481609,8.09,False,17977.87,0.0,26.79,4338.3,3488.39,1187051.07
32,2012-05-18,A,203007,57.46,3.837,197.5553137,8.09,False,8887.75,0.0,226.17,1135.59,2831.5,1177539.71
32,2012-05-25,A,203007,59.74,3.804,197.5886046,8.09,False,7581.03,0.0,216.17,748.97,3014.25,1232784.22
32,2012-06-01,A,203007,62.84,3.764,197.6218954,8.09,False,8570.33,55.0,181.13,669.55,2634.77,1157557.79
32,2012-06-08,A,203007,71.14,3.741,197.6551863,8.09,False,8483.84,361.8,77.99,1640.0,6841.59,1246322.44
32,2012-06-15,A,203007,70.91,3.723,197.692292,8.09,False,4642.56,414.3,0.01,989.08,4381.8,1234759.54
32,2012-06-22,A,203007,74.85,3.735,197.7389345,8.09,False,7803.3,609.25,3.05,4800.5,15323.92,1196880.11
32,2012-06-29,A,203007,81.95,3.693,197.785577,8.09,False,3333.19,599.5,0.0,798.18,2945.01,1178211.81
32,2012-07-06,A,203007,78.68,3.646,197.8322195,7.872,False,6157.85,472.3,28.64,3908.86,6007.28,1214183.97
32,2012-07-13,A,203007,71.57,3.613,197.8788621,7.872,False,7111.33,508.95,1.05,1494.84,8154.1,1141184.66
32,2012-07-20,A,203007,77.76,3.585,197.9290378,7.872,False,3551.31,567.16,18.05,2117.84,9786.36,1167829.33
32,2012-07-27,A,203007,77.56,3.57,197.9792136,7.872,False,6076.83,298.78,2.16,1981.66,3861.65,1144901.52
32,2012-08-03,A,203007,75.09,3.528,198.0293893,7.872,False,35187.83,150.85,13.81,7768.33,4009.95,1183571.3499999999
32,2012-08-10,A,203007,75.93,3.509,198.0795651,7.872,False,9862.83,573.37,61.32,7871.42,4298.69,1227469.2
32,2012-08-17,A,203007,70.75,3.545,198.1001057,7.872,False,7157.73,186.89,3.84,6006.91,1590.2,1261306.3699999999
32,2012-08-24,A,203007,70.12,3.558,198.0984199,7.872,False,5446.99,147.41,127.58,3394.31,5920.55,1272809.11
32,2012-08-31,A,203007,76.12,3.556,198.0967341,7.872,False,26651.19,227.72,31.33,6843.52,2907.74,1183979.27
32,2012-09-07,A,203007,72.56,3.596,198.0950484,7.872,True,7271.43,172.04,233.55,916.85,3089.99,1126685.95
32,2012-09-14,A,203007,64.05,3.659,198.1267184,7.872,False,6238.21,77.77,23.41,1404.74,8346.74,1156377.47
32,2012-09-21,A,203007,63.49,3.765,198.358523,7.872,False,7161.18,88.82,3.0,1011.45,5347.22,1159119.6
32,2012-09-28,A,203007,60.62,3.789,198.5903276,7.872,False,5399.48,16.73,0.22,1432.28,5673.51,1157111.15
32,2012-10-05,A,203007,55.34,3.779,198.8221322,7.557,False,4879.58,0.0,27.93,2641.24,5393.9,1202775.24
32,2012-10-12,A,203007,43.49,3.76,199.0539368,7.557,False,2776.24,0.0,17.72,456.08,5687.22,1176681.31
32,2012-10-19,A,203007,53.57,3.75,199.1481963,7.557,False,3331.15,0.0,3.96,120.51,3218.33,1199292.06
32,2012-10-26,A,203007,47.22,3.686,199.2195317,7.557,False,8968.72,104.91,200.0,534.86,1821.85,1219979.29
33,2010-02-05,A,39690,58.4,2.962,126.4420645,10.115,False,0.0,0.0,0.0,0.0,0.0,274593.43
33,2010-02-12,A,39690,55.47,2.828,126.4962581,10.115,True,0.0,0.0,0.0,0.0,0.0,294882.83
33,2010-02-19,A,39690,62.16,2.915,126.5262857,10.115,False,0.0,0.0,0.0,0.0,0.0,296850.83
33,2010-02-26,A,39690,56.5,2.825,126.5522857,10.115,False,0.0,0.0,0.0,0.0,0.0,284052.77
33,2010-03-05,A,39690,59.17,2.877,126.5782857,10.115,False,0.0,0.0,0.0,0.0,0.0,291484.89
33,2010-03-12,A,39690,55.61,3.034,126.6042857,10.115,False,0.0,0.0,0.0,0.0,0.0,312161.0
33,2010-03-19,A,39690,64.6,3.054,126.6066452,10.115,False,0.0,0.0,0.0,0.0,0.0,282235.73
33,2010-03-26,A,39690,64.09,2.98,126.6050645,10.115,False,0.0,0.0,0.0,0.0,0.0,262893.76
33,2010-04-02,A,39690,66.79,3.086,126.6034839,9.849,False,0.0,0.0,0.0,0.0,0.0,274634.52
33,2010-04-09,A,39690,68.43,3.004,126.6019032,9.849,False,0.0,0.0,0.0,0.0,0.0,325201.05
33,2010-04-16,A,39690,72.44,3.109,126.5621,9.849,False,0.0,0.0,0.0,0.0,0.0,307779.64
33,2010-04-23,A,39690,71.59,3.05,126.4713333,9.849,False,0.0,0.0,0.0,0.0,0.0,263263.02
33,2010-04-30,A,39690,73.29,3.105,126.3805667,9.849,False,0.0,0.0,0.0,0.0,0.0,275883.23
33,2010-05-07,A,39690,75.4,3.127,126.2898,9.849,False,0.0,0.0,0.0,0.0,0.0,326870.13
33,2010-05-14,A,39690,76.8,3.145,126.2085484,9.849,False,0.0,0.0,0.0,0.0,0.0,331173.51
33,2010-05-21,A,39690,82.8,3.12,126.1843871,9.849,False,0.0,0.0,0.0,0.0,0.0,294264.2
33,2010-05-28,A,39690,78.47,3.058,126.1602258,9.849,False,0.0,0.0,0.0,0.0,0.0,279246.33
33,2010-06-04,A,39690,86.06,2.941,126.1360645,9.849,False,0.0,0.0,0.0,0.0,0.0,285100.0
33,2010-06-11,A,39690,93.52,3.057,126.1119032,9.849,False,0.0,0.0,0.0,0.0,0.0,310800.79
33,2010-06-18,A,39690,87.69,2.935,126.114,9.849,False,0.0,0.0,0.0,0.0,0.0,272399.08
33,2010-06-25,A,39690,93.66,3.084,126.1266,9.849,False,0.0,0.0,0.0,0.0,0.0,259419.91
33,2010-07-02,A,39690,97.66,2.978,126.1392,9.495,False,0.0,0.0,0.0,0.0,0.0,267495.76
33,2010-07-09,A,39690,95.88,3.1,126.1518,9.495,False,0.0,0.0,0.0,0.0,0.0,302423.93
33,2010-07-16,A,39690,100.14,2.971,126.1498065,9.495,False,0.0,0.0,0.0,0.0,0.0,280937.84
33,2010-07-23,A,39690,97.04,3.112,126.1283548,9.495,False,0.0,0.0,0.0,0.0,0.0,252734.31
33,2010-07-30,A,39690,92.71,3.017,126.1069032,9.495,False,0.0,0.0,0.0,0.0,0.0,242047.03
33,2010-08-06,A,39690,92.51,3.123,126.0854516,9.495,False,0.0,0.0,0.0,0.0,0.0,262789.95
33,2010-08-13,A,39690,95.57,3.049,126.064,9.495,False,0.0,0.0,0.0,0.0,0.0,265367.51
33,2010-08-20,A,39690,96.46,3.041,126.0766452,9.495,False,0.0,0.0,0.0,0.0,0.0,230519.49
33,2010-08-27,A,39690,94.0,3.022,126.0892903,9.495,False,0.0,0.0,0.0,0.0,0.0,224031.19
33,2010-09-03,A,39690,90.82,3.087,126.1019355,9.495,False,0.0,0.0,0.0,0.0,0.0,237405.82
33,2010-09-10,A,39690,91.77,2.961,126.1145806,9.495,True,0.0,0.0,0.0,0.0,0.0,272834.88
33,2010-09-17,A,39690,89.43,3.028,126.1454667,9.495,False,0.0,0.0,0.0,0.0,0.0,246277.18
33,2010-09-24,A,39690,91.18,2.939,126.1900333,9.495,False,0.0,0.0,0.0,0.0,0.0,231976.84
33,2010-10-01,A,39690,91.45,3.001,126.2346,9.265,False,0.0,0.0,0.0,0.0,0.0,224294.39
33,2010-10-08,A,39690,79.02,2.924,126.2791667,9.265,False,0.0,0.0,0.0,0.0,0.0,266484.19
33,2010-10-15,A,39690,80.49,3.08,126.3266774,9.265,False,0.0,0.0,0.0,0.0,0.0,251732.91999999998
33,2010-10-22,A,39690,74.2,3.014,126.3815484,9.265,False,0.0,0.0,0.0,0.0,0.0,234175.92
33,2010-10-29,A,39690,71.34,3.13,126.4364194,9.265,False,0.0,0.0,0.0,0.0,0.0,213538.32
33,2010-11-05,A,39690,74.23,3.009,126.4912903,9.265,False,0.0,0.0,0.0,0.0,0.0,246124.61
33,2010-11-12,A,39690,65.21,3.13,126.5461613,9.265,False,0.0,0.0,0.0,0.0,0.0,272803.94
33,2010-11-19,A,39690,61.95,3.047,126.6072,9.265,False,0.0,0.0,0.0,0.0,0.0,224639.76
33,2010-11-26,A,39690,56.87,3.162,126.6692667,9.265,True,0.0,0.0,0.0,0.0,0.0,240044.57
33,2010-12-03,A,39690,52.82,3.041,126.7313333,9.265,False,0.0,0.0,0.0,0.0,0.0,209986.25
33,2010-12-10,A,39690,60.72,3.091,126.7934,9.265,False,0.0,0.0,0.0,0.0,0.0,253050.1
33,2010-12-17,A,39690,61.12,3.125,126.8794839,9.265,False,0.0,0.0,0.0,0.0,0.0,238875.26
33,2010-12-24,A,39690,60.43,3.236,126.9835806,9.265,False,0.0,0.0,0.0,0.0,0.0,249246.8
33,2010-12-31,A,39690,52.91,3.148,127.0876774,9.265,True,0.0,0.0,0.0,0.0,0.0,219804.85
33,2011-01-07,A,39690,46.25,3.287,127.1917742,8.951,False,0.0,0.0,0.0,0.0,0.0,243948.82
33,2011-01-14,A,39690,53.63,3.312,127.3009355,8.951,False,0.0,0.0,0.0,0.0,0.0,259527.75
33,2011-01-21,A,39690,59.46,3.336,127.4404839,8.951,False,0.0,0.0,0.0,0.0,0.0,244856.44
33,2011-01-28,A,39690,56.62,3.231,127.5800323,8.951,False,0.0,0.0,0.0,0.0,0.0,231155.9
33,2011-02-04,A,39690,49.26,3.348,127.7195806,8.951,False,0.0,0.0,0.0,0.0,0.0,234218.03
33,2011-02-11,A,39690,53.35,3.381,127.859129,8.951,True,0.0,0.0,0.0,0.0,0.0,276198.74
33,2011-02-18,A,39690,62.03,3.43,127.99525,8.951,False,0.0,0.0,0.0,0.0,0.0,252349.6
33,2011-02-25,A,39690,54.89,3.398,128.13,8.951,False,0.0,0.0,0.0,0.0,0.0,242901.21
33,2011-03-04,A,39690,59.51,3.674,128.26475,8.951,False,0.0,0.0,0.0,0.0,0.0,245435.80000000002
33,2011-03-11,A,39690,66.51,3.63,128.3995,8.951,False,0.0,0.0,0.0,0.0,0.0,270921.44
33,2011-03-18,A,39690,72.72,3.892,128.5121935,8.951,False,0.0,0.0,0.0,0.0,0.0,247234.47
33,2011-03-25,A,39690,63.34,3.716,128.6160645,8.951,False,0.0,0.0,0.0,0.0,0.0,238084.08
33,2011-04-01,A,39690,71.41,3.772,128.7199355,8.687,False,0.0,0.0,0.0,0.0,0.0,232769.09
33,2011-04-08,A,39690,75.11,3.818,128.8238065,8.687,False,0.0,0.0,0.0,0.0,0.0,271924.73
33,2011-04-15,A,39690,64.64,4.089,128.9107333,8.687,False,0.0,0.0,0.0,0.0,0.0,275749.56
33,2011-04-22,A,39690,79.46,3.917,128.9553,8.687,False,0.0,0.0,0.0,0.0,0.0,248603.3
33,2011-04-29,A,39690,77.44,4.151,128.9998667,8.687,False,0.0,0.0,0.0,0.0,0.0,248561.86
33,2011-05-06,A,39690,77.92,4.193,129.0444333,8.687,False,0.0,0.0,0.0,0.0,0.0,257031.19
33,2011-05-13,A,39690,78.24,4.202,129.089,8.687,False,0.0,0.0,0.0,0.0,0.0,279466.87
33,2011-05-20,A,39690,76.07,3.99,129.0756774,8.687,False,0.0,0.0,0.0,0.0,0.0,239206.26
33,2011-05-27,A,39690,82.32,3.933,129.0623548,8.687,False,0.0,0.0,0.0,0.0,0.0,239431.85
33,2011-06-03,A,39690,82.93,3.893,129.0490323,8.687,False,0.0,0.0,0.0,0.0,0.0,243477.03
33,2011-06-10,A,39690,87.02,3.981,129.0357097,8.687,False,0.0,0.0,0.0,0.0,0.0,258427.38999999998
33,2011-06-17,A,39690,91.11,3.935,129.0432,8.687,False,0.0,0.0,0.0,0.0,0.0,238172.66
33,2011-06-24,A,39690,94.11,3.807,129.0663,8.687,False,0.0,0.0,0.0,0.0,0.0,238433.53
33,2011-07-01,A,39690,98.43,3.842,129.0894,8.442,False,0.0,0.0,0.0,0.0,0.0,226702.36000000002
33,2011-07-08,A,39690,96.44,3.793,129.1125,8.442,False,0.0,0.0,0.0,0.0,0.0,262717.71
33,2011-07-15,A,39690,92.83,3.779,129.1338387,8.442,False,0.0,0.0,0.0,0.0,0.0,265003.47
33,2011-07-22,A,39690,97.17,3.697,129.1507742,8.442,False,0.0,0.0,0.0,0.0,0.0,238915.05000000002
33,2011-07-29,A,39690,95.28,3.694,129.1677097,8.442,False,0.0,0.0,0.0,0.0,0.0,224806.96
33,2011-08-05,A,39690,96.93,3.803,129.1846452,8.442,False,0.0,0.0,0.0,0.0,0.0,242456.39
33,2011-08-12,A,39690,96.0,3.794,129.2015806,8.442,False,0.0,0.0,0.0,0.0,0.0,274721.85
33,2011-08-19,A,39690,95.89,3.743,129.2405806,8.442,False,0.0,0.0,0.0,0.0,0.0,242771.37
33,2011-08-26,A,39690,99.66,3.663,129.2832581,8.442,False,0.0,0.0,0.0,0.0,0.0,237095.82
33,2011-09-02,A,39690,99.2,3.798,129.3259355,8.442,False,0.0,0.0,0.0,0.0,0.0,239198.36
33,2011-09-09,A,39690,96.22,3.771,129.3686129,8.442,True,0.0,0.0,0.0,0.0,0.0,281842.27999999997
33,2011-09-16,A,39690,85.79,3.784,129.4306,8.442,False,0.0,0.0,0.0,0.0,0.0,262407.57
33,2011-09-23,A,39690,88.93,3.789,129.5183333,8.442,False,0.0,0.0,0.0,0.0,0.0,234793.12
33,2011-09-30,A,39690,89.1,3.877,129.6060667,8.442,False,0.0,0.0,0.0,0.0,0.0,229731.98
33,2011-10-07,A,39690,81.16,3.827,129.6938,8.01,False,0.0,0.0,0.0,0.0,0.0,262159.13
33,2011-10-14,A,39690,76.49,3.698,129.7706452,8.01,False,0.0,0.0,0.0,0.0,0.0,272487.33
33,2011-10-21,A,39690,81.74,3.842,129.7821613,8.01,False,0.0,0.0,0.0,0.0,0.0,233543.08000000002
33,2011-10-28,A,39690,76.73,3.843,129.7936774,8.01,False,0.0,0.0,0.0,0.0,0.0,231319.96
33,2011-11-04,A,39690,71.91,3.828,129.8051935,8.01,False,0.0,0.0,0.0,0.0,0.0,236157.12
33,2011-11-11,A,39690,58.75,3.677,129.8167097,8.01,False,105.63,126.28,5.06,0.0,27754.23,271961.04
33,2011-11-18,A,39690,63.35,3.669,129.8268333,8.01,False,86.59,6.0,0.0,0.0,3220.86,251294.5
33,2011-11-25,A,39690,62.35,3.76,129.8364,8.01,True,11.94,6.0,0.0,0.0,1641.91,255996.47
33,2011-12-02,A,39690,59.12,3.701,129.8459667,8.01,False,0.5,0.0,4.0,0.0,1280.77,220060.35
33,2011-12-09,A,39690,47.7,3.644,129.8555333,8.01,False,9.88,0.0,6.93,0.0,1580.88,270373.05
33,2011-12-16,A,39690,53.18,3.489,129.8980645,8.01,False,258.31,0.0,3.67,0.0,1065.06,259638.35
33,2011-12-23,A,39690,53.39,3.541,129.9845484,8.01,False,123.82,0.0,2.78,0.0,950.77,256235.19
33,2011-12-30,A,39690,51.6,3.428,130.0710323,8.01,True,384.37,1919.79,4.95,25.2,556.38,215359.21
33,2012-01-06,A,39690,60.92,3.443,130.1575161,7.603,False,42.92,1279.42,2.55,0.0,246.46,267058.08
33,2012-01-13,A,39690,54.61,3.477,130.244,7.603,False,370.06,70.73,7.02,0.0,671.89,279447.22000000003
33,2012-01-20,A,39690,55.99,3.66,130.2792258,7.603,False,234.48,61.51,3.64,0.0,317.59,244899.19999999998
33,2012-01-27,A,39690,56.33,3.675,130.3144516,7.603,False,12.6,12.47,3.38,0.0,375.54,236920.49
33,2012-02-03,A,39690,59.53,3.543,130.3496774,7.603,False,653.33,7.4,3.38,0.0,773.27,256091.32
33,2012-02-10,A,39690,59.94,3.722,130.3849032,7.603,True,1437.28,1.5,4.94,0.0,1244.96,282552.58
33,2012-02-17,A,39690,57.8,3.781,130.4546207,7.603,False,99.4,262.95,3.9,0.46,1005.65,266300.98
33,2012-02-24,A,39690,59.41,3.95,130.5502069,7.603,False,577.17,268.61,0.0,2.61,1653.57,242526.7
33,2012-03-02,A,39690,60.91,3.882,130.6457931,7.603,False,460.73,24.96,0.0,0.0,2045.14,248051.53
33,2012-03-09,A,39690,62.2,3.963,130.7413793,7.603,False,128.45,3.68,0.99,0.0,1640.64,287346.29
33,2012-03-16,A,39690,65.99,4.273,130.8261935,7.603,False,128.46,3.0,0.0,0.0,538.44,278067.73
33,2012-03-23,A,39690,60.82,4.288,130.8966452,7.603,False,0.0,3.68,0.34,0.0,227.12,246970.97
33,2012-03-30,A,39690,71.34,4.294,130.9670968,7.603,False,215.97,0.0,0.0,0.0,923.99,251327.67
33,2012-04-06,A,39690,70.75,4.282,131.0375484,7.396,False,228.1,0.0,0.0,0.0,321.7,275911.97000000003
33,2012-04-13,A,39690,73.17,4.254,131.108,7.396,False,492.15,335.84,0.0,0.0,1369.05,312698.67
33,2012-04-20,A,39690,72.94,4.111,131.1173333,7.396,False,470.51,119.92,0.0,128.87,284.28,261837.2
33,2012-04-27,A,39690,83.07,4.088,131.1266667,7.396,False,476.96,8.97,0.0,0.87,537.58,249798.75
33,2012-05-04,A,39690,82.43,4.058,131.136,7.396,False,69.59,0.0,0.0,0.0,709.35,270497.51
33,2012-05-11,A,39690,81.02,4.186,131.1453333,7.396,False,758.77,0.0,0.0,0.0,2001.77,295841.84
33,2012-05-18,A,39690,89.81,4.308,131.0983226,7.396,False,103.81,0.0,0.0,0.0,2161.91,276899.95
33,2012-05-25,A,39690,88.89,4.127,131.0287742,7.396,False,320.93,0.0,0.0,0.0,4038.58,261851.74000000002
33,2012-06-01,A,39690,83.57,4.277,130.9592258,7.396,False,1603.57,0.0,0.0,0.0,867.15,261131.09
33,2012-06-08,A,39690,90.94,4.103,130.8896774,7.396,False,499.25,0.0,0.0,0.0,959.13,286082.76
33,2012-06-15,A,39690,92.44,4.144,130.8295333,7.396,False,1655.11,0.0,0.0,0.0,1079.36,290444.31
33,2012-06-22,A,39690,95.75,4.014,130.7929,7.396,False,213.64,0.0,0.0,0.0,2346.53,261666.29
33,2012-06-29,A,39690,98.15,3.875,130.7562667,7.396,False,0.0,0.0,0.0,0.0,807.21,244338.31
33,2012-07-06,A,39690,93.21,3.666,130.7196333,7.147,False,297.52,0.0,3.44,0.0,1107.31,273690.37
33,2012-07-13,A,39690,97.6,3.723,130.683,7.147,False,221.83,0.0,0.6,0.0,2405.4,287033.64
33,2012-07-20,A,39690,91.49,3.589,130.7012903,7.147,False,648.02,0.0,0.0,0.0,959.57,253205.88999999998
33,2012-07-27,A,39690,93.95,3.769,130.7195806,7.147,False,24.71,0.0,0.0,0.0,1205.27,249134.32
33,2012-08-03,A,39690,92.13,3.595,130.737871,7.147,False,238.26,0.0,2.88,44.29,767.86,258533.12
33,2012-08-10,A,39690,100.07,3.811,130.7561613,7.147,False,90.89,0.0,0.0,0.0,278.04,297753.49
33,2012-08-17,A,39690,96.79,4.002,130.7909677,7.147,False,382.03,0.0,0.96,0.0,1698.55,270097.76
33,2012-08-24,A,39690,89.62,4.055,130.8381613,7.147,False,35.76,0.0,1.44,0.0,1381.43,247672.56
33,2012-08-31,A,39690,94.55,3.886,130.8853548,7.147,False,119.39,0.0,0.0,9.7,1547.92,237129.81
33,2012-09-07,A,39690,92.02,4.124,130.9325484,7.147,True,175.64,0.0,0.0,0.0,841.9,286428.78
33,2012-09-14,A,39690,83.4,3.966,130.9776667,7.147,False,1105.36,0.0,0.0,0.0,495.17,277417.53
33,2012-09-21,A,39690,86.53,4.125,131.0103333,7.147,False,427.64,0.0,0.0,0.0,392.74,252709.58000000002
33,2012-09-28,A,39690,86.42,3.966,131.043,7.147,False,167.65,0.0,0.0,0.0,1569.73,242813.51
33,2012-10-05,A,39690,85.18,4.132,131.0756667,6.895,False,433.79,0.0,0.0,0.0,1160.27,265444.9
33,2012-10-12,A,39690,79.64,4.468,131.1083333,6.895,False,33.23,0.0,0.0,0.0,590.43,291781.14999999997
33,2012-10-19,A,39690,75.55,4.449,131.1499677,6.895,False,18.0,0.0,0.0,0.0,649.05,254412.34
33,2012-10-26,A,39690,73.7,4.301,131.1930968,6.895,False,122.41,13.71,0.0,0.0,965.49,253731.13
34,2010-02-05,A,158114,35.44,2.598,126.4420645,9.521,False,0.0,0.0,0.0,0.0,0.0,956228.96
34,2010-02-12,A,158114,36.13,2.573,126.4962581,9.521,True,0.0,0.0,0.0,0.0,0.0,994610.99
34,2010-02-19,A,158114,38.36,2.54,126.5262857,9.521,False,0.0,0.0,0.0,0.0,0.0,983963.07
34,2010-02-26,A,158114,37.28,2.59,126.5522857,9.521,False,0.0,0.0,0.0,0.0,0.0,905756.13
34,2010-03-05,A,158114,42.65,2.654,126.5782857,9.521,False,0.0,0.0,0.0,0.0,0.0,918295.79
34,2010-03-12,A,158114,42.26,2.704,126.6042857,9.521,False,0.0,0.0,0.0,0.0,0.0,921247.88
34,2010-03-19,A,158114,45.86,2.743,126.6066452,9.521,False,0.0,0.0,0.0,0.0,0.0,892070.82
34,2010-03-26,A,158114,42.91,2.752,126.6050645,9.521,False,0.0,0.0,0.0,0.0,0.0,880742.35
34,2010-04-02,A,158114,50.07,2.74,126.6034839,9.593,False,0.0,0.0,0.0,0.0,0.0,979428.66
34,2010-04-09,A,158114,51.26,2.773,126.6019032,9.593,False,0.0,0.0,0.0,0.0,0.0,950684.2
34,2010-04-16,A,158114,59.18,2.81,126.5621,9.593,False,0.0,0.0,0.0,0.0,0.0,923344.54
34,2010-04-23,A,158114,55.04,2.805,126.4713333,9.593,False,0.0,0.0,0.0,0.0,0.0,910240.68
34,2010-04-30,A,158114,56.58,2.787,126.3805667,9.593,False,0.0,0.0,0.0,0.0,0.0,859922.19
34,2010-05-07,A,158114,57.39,2.836,126.2898,9.593,False,0.0,0.0,0.0,0.0,0.0,953495.48
34,2010-05-14,A,158114,60.74,2.845,126.2085484,9.593,False,0.0,0.0,0.0,0.0,0.0,933924.4400000001
34,2010-05-21,A,158114,63.99,2.82,126.1843871,9.593,False,0.0,0.0,0.0,0.0,0.0,913616.3200000001
34,2010-05-28,A,158114,68.68,2.756,126.1602258,9.593,False,0.0,0.0,0.0,0.0,0.0,942868.38
34,2010-06-04,A,158114,72.17,2.701,126.1360645,9.593,False,0.0,0.0,0.0,0.0,0.0,966187.51
34,2010-06-11,A,158114,80.84,2.668,126.1119032,9.593,False,0.0,0.0,0.0,0.0,0.0,954681.56
34,2010-06-18,A,158114,73.48,2.635,126.114,9.593,False,0.0,0.0,0.0,0.0,0.0,941612.04
34,2010-06-25,A,158114,78.47,2.654,126.1266,9.593,False,0.0,0.0,0.0,0.0,0.0,895800.0700000001
34,2010-07-02,A,158114,73.66,2.668,126.1392,9.816,False,0.0,0.0,0.0,0.0,0.0,919229.36
34,2010-07-09,A,158114,75.0,2.637,126.1518,9.816,False,0.0,0.0,0.0,0.0,0.0,911210.81
34,2010-07-16,A,158114,78.53,2.621,126.1498065,9.816,False,0.0,0.0,0.0,0.0,0.0,930269.79
34,2010-07-23,A,158114,79.58,2.612,126.1283548,9.816,False,0.0,0.0,0.0,0.0,0.0,902050.9500000001
34,2010-07-30,A,158114,72.26,2.65,126.1069032,9.816,False,0.0,0.0,0.0,0.0,0.0,875976.83
34,2010-08-06,A,158114,73.8,2.64,126.0854516,9.816,False,0.0,0.0,0.0,0.0,0.0,987435.35
34,2010-08-13,A,158114,76.72,2.698,126.064,9.816,False,0.0,0.0,0.0,0.0,0.0,951208.65
34,2010-08-20,A,158114,76.45,2.671,126.0766452,9.816,False,0.0,0.0,0.0,0.0,0.0,985152.9400000001
34,2010-08-27,A,158114,72.87,2.621,126.0892903,9.816,False,0.0,0.0,0.0,0.0,0.0,855421.39
34,2010-09-03,A,158114,72.59,2.584,126.1019355,9.816,False,0.0,0.0,0.0,0.0,0.0,964356.74
34,2010-09-10,A,158114,72.61,2.574,126.1145806,9.816,True,0.0,0.0,0.0,0.0,0.0,932240.96
34,2010-09-17,A,158114,70.71,2.594,126.1454667,9.816,False,0.0,0.0,0.0,0.0,0.0,885445.47
34,2010-09-24,A,158114,69.78,2.642,126.1900333,9.816,False,0.0,0.0,0.0,0.0,0.0,867539.07
34,2010-10-01,A,158114,70.13,2.619,126.2346,10.21,False,0.0,0.0,0.0,0.0,0.0,865709.11
34,2010-10-08,A,158114,65.21,2.645,126.2791667,10.21,False,0.0,0.0,0.0,0.0,0.0,931710.67
34,2010-10-15,A,158114,59.57,2.732,126.3266774,10.21,False,0.0,0.0,0.0,0.0,0.0,888703.62
34,2010-10-22,A,158114,58.11,2.736,126.3815484,10.21,False,0.0,0.0,0.0,0.0,0.0,936293.6
34,2010-10-29,A,158114,50.78,2.718,126.4364194,10.21,False,0.0,0.0,0.0,0.0,0.0,926294.02
34,2010-11-05,A,158114,52.43,2.699,126.4912903,10.21,False,0.0,0.0,0.0,0.0,0.0,972292.3099999999
34,2010-11-12,A,158114,47.2,2.741,126.5461613,10.21,False,0.0,0.0,0.0,0.0,0.0,979730.78
34,2010-11-19,A,158114,40.93,2.78,126.6072,10.21,False,0.0,0.0,0.0,0.0,0.0,955766.33
34,2010-11-26,A,158114,41.13,2.752,126.6692667,10.21,True,0.0,0.0,0.0,0.0,0.0,1309476.68
34,2010-12-03,A,158114,34.7,2.727,126.7313333,10.21,False,0.0,0.0,0.0,0.0,0.0,1001512.21
34,2010-12-10,A,158114,41.93,2.86,126.7934,10.21,False,0.0,0.0,0.0,0.0,0.0,1086661.02
34,2010-12-17,A,158114,42.64,2.884,126.8794839,10.21,False,0.0,0.0,0.0,0.0,0.0,1227148.13
34,2010-12-24,A,158114,42.74,2.887,126.9835806,10.21,False,0.0,0.0,0.0,0.0,0.0,1620748.25
34,2010-12-31,A,158114,34.11,2.955,127.0876774,10.21,True,0.0,0.0,0.0,0.0,0.0,902109.69
34,2011-01-07,A,158114,24.5,2.98,127.1917742,10.398,False,0.0,0.0,0.0,0.0,0.0,900646.9400000001
34,2011-01-14,A,158114,30.75,2.992,127.3009355,10.398,False,0.0,0.0,0.0,0.0,0.0,898610.33
34,2011-01-21,A,158114,39.57,3.017,127.4404839,10.398,False,0.0,0.0,0.0,0.0,0.0,891025.39
34,2011-01-28,A,158114,34.68,3.022,127.5800323,10.398,False,0.0,0.0,0.0,0.0,0.0,836717.75
34,2011-02-04,A,158114,23.82,2.996,127.7195806,10.398,False,0.0,0.0,0.0,0.0,0.0,971932.87
34,2011-02-11,A,158114,28.66,3.033,127.859129,10.398,True,0.0,0.0,0.0,0.0,0.0,1015654.6
34,2011-02-18,A,158114,45.12,3.058,127.99525,10.398,False,0.0,0.0,0.0,0.0,0.0,1062629.3
34,2011-02-25,A,158114,44.57,3.087,128.13,10.398,False,0.0,0.0,0.0,0.0,0.0,953331.45
34,2011-03-04,A,158114,46.21,3.305,128.26475,10.398,False,0.0,0.0,0.0,0.0,0.0,963910.8099999999
34,2011-03-11,A,158114,45.87,3.461,128.3995,10.398,False,0.0,0.0,0.0,0.0,0.0,943951.67
34,2011-03-18,A,158114,55.58,3.495,128.5121935,10.398,False,0.0,0.0,0.0,0.0,0.0,1014218.8
34,2011-03-25,A,158114,53.11,3.48,128.6160645,10.398,False,0.0,0.0,0.0,0.0,0.0,922898.38
34,2011-04-01,A,158114,55.46,3.521,128.7199355,10.581,False,0.0,0.0,0.0,0.0,0.0,884233.67
34,2011-04-08,A,158114,58.59,3.605,128.8238065,10.581,False,0.0,0.0,0.0,0.0,0.0,975479.83
34,2011-04-15,A,158114,53.3,3.724,128.9107333,10.581,False,0.0,0.0,0.0,0.0,0.0,941829.0
34,2011-04-22,A,158114,63.83,3.781,128.9553,10.581,False,0.0,0.0,0.0,0.0,0.0,1051518.45
34,2011-04-29,A,158114,57.73,3.781,128.9998667,10.581,False,0.0,0.0,0.0,0.0,0.0,895973.02
34,2011-05-06,A,158114,54.4,3.866,129.0444333,10.581,False,0.0,0.0,0.0,0.0,0.0,965853.58
34,2011-05-13,A,158114,63.05,3.872,129.089,10.581,False,0.0,0.0,0.0,0.0,0.0,966232.6900000001
34,2011-05-20,A,158114,61.47,3.881,129.0756774,10.581,False,0.0,0.0,0.0,0.0,0.0,945018.83
34,2011-05-27,A,158114,65.99,3.771,129.0623548,10.581,False,0.0,0.0,0.0,0.0,0.0,941311.83
34,2011-06-03,A,158114,74.64,3.683,129.0490323,10.581,False,0.0,0.0,0.0,0.0,0.0,947229.24
34,2011-06-10,A,158114,74.57,3.64,129.0357097,10.581,False,0.0,0.0,0.0,0.0,0.0,943912.77
34,2011-06-17,A,158114,76.58,3.618,129.0432,10.581,False,0.0,0.0,0.0,0.0,0.0,968258.0900000001
34,2011-06-24,A,158114,77.16,3.57,129.0663,10.581,False,0.0,0.0,0.0,0.0,0.0,923795.04
34,2011-07-01,A,158114,81.96,3.504,129.0894,10.641,False,0.0,0.0,0.0,0.0,0.0,911106.22
34,2011-07-08,A,158114,80.84,3.469,129.1125,10.641,False,0.0,0.0,0.0,0.0,0.0,926934.5700000001
34,2011-07-15,A,158114,78.09,3.563,129.1338387,10.641,False,0.0,0.0,0.0,0.0,0.0,903882.96
34,2011-07-22,A,158114,80.75,3.627,129.1507742,10.641,False,0.0,0.0,0.0,0.0,0.0,913236.62
34,2011-07-29,A,158114,78.04,3.659,129.1677097,10.641,False,0.0,0.0,0.0,0.0,0.0,851461.9
34,2011-08-05,A,158114,76.71,3.662,129.1846452,10.641,False,0.0,0.0,0.0,0.0,0.0,942236.45
34,2011-08-12,A,158114,80.23,3.617,129.2015806,10.641,False,0.0,0.0,0.0,0.0,0.0,956251.18
34,2011-08-19,A,158114,77.08,3.55,129.2405806,10.641,False,0.0,0.0,0.0,0.0,0.0,960418.54
34,2011-08-26,A,158114,77.27,3.523,129.2832581,10.641,False,0.0,0.0,0.0,0.0,0.0,871404.6
34,2011-09-02,A,158114,78.24,3.533,129.3259355,10.641,False,0.0,0.0,0.0,0.0,0.0,926455.64
34,2011-09-09,A,158114,70.05,3.554,129.3686129,10.641,True,0.0,0.0,0.0,0.0,0.0,930506.14
34,2011-09-16,A,158114,64.94,3.532,129.4306,10.641,False,0.0,0.0,0.0,0.0,0.0,927249.61
34,2011-09-23,A,158114,66.23,3.473,129.5183333,10.641,False,0.0,0.0,0.0,0.0,0.0,902852.73
34,2011-09-30,A,158114,69.44,3.371,129.6060667,10.641,False,0.0,0.0,0.0,0.0,0.0,871847.85
34,2011-10-07,A,158114,60.42,3.299,129.6938,10.148,False,0.0,0.0,0.0,0.0,0.0,954069.45
34,2011-10-14,A,158114,54.72,3.283,129.7706452,10.148,False,0.0,0.0,0.0,0.0,0.0,911788.79
34,2011-10-21,A,158114,58.93,3.361,129.7821613,10.148,False,0.0,0.0,0.0,0.0,0.0,953693.23
34,2011-10-28,A,158114,54.56,3.362,129.7936774,10.148,False,0.0,0.0,0.0,0.0,0.0,958063.87
34,2011-11-04,A,158114,48.04,3.322,129.8051935,10.148,False,0.0,0.0,0.0,0.0,0.0,992621.9299999999
34,2011-11-11,A,158114,41.04,3.286,129.8167097,10.148,False,10860.98,6524.97,65.95,4082.99,4814.43,991570.02
34,2011-11-18,A,158114,46.0,3.294,129.8268333,10.148,False,4673.94,1014.27,132.18,799.24,5734.11,947552.4400000001
34,2011-11-25,A,158114,45.99,3.225,129.8364,10.148,True,32.5,317.08,42455.51,6.0,1438.09,1345595.82
34,2011-12-02,A,158114,39.75,3.176,129.8459667,10.148,False,4611.57,70.94,1109.59,1307.67,17316.01,988742.08
34,2011-12-09,A,158114,24.69,3.153,129.8555333,10.148,False,3131.47,3.0,127.58,479.79,4102.57,1084243.91
34,2011-12-16,A,158114,32.31,3.149,129.8980645,10.148,False,824.88,300.0,226.35,573.1,2966.73,1151052.86
34,2011-12-23,A,158114,32.45,3.103,129.9845484,10.148,False,1200.1,0.18,1108.23,37.22,2109.3,1593655.96
34,2011-12-30,A,158114,28.84,3.119,130.0710323,10.148,True,3312.59,21909.93,210.22,146.1,3299.3,965512.36
34,2012-01-06,A,158114,36.39,3.158,130.1575161,9.653,False,5998.79,18094.69,104.92,351.55,2890.32,953844.85
34,2012-01-13,A,158114,33.99,3.263,130.244,9.653,False,2514.23,8431.82,48.38,186.59,4699.39,913755.12
34,2012-01-20,A,158114,39.28,3.273,130.2792258,9.653,False,1358.95,3015.89,27.49,255.88,2402.57,910899.05
34,2012-01-27,A,158114,39.81,3.29,130.3144516,9.653,False,387.48,1594.36,18.98,13.35,769.52,872450.37
34,2012-02-03,A,158114,38.64,3.354,130.3496774,9.653,False,24118.77,1767.26,91.24,14240.58,3833.23,939367.14
34,2012-02-10,A,158114,36.7,3.411,130.3849032,9.653,True,16191.24,4394.52,58.87,11972.11,6375.39,1047658.0900000001
34,2012-02-17,A,158114,37.25,3.493,130.4546207,9.653,False,8386.11,4644.97,16.48,2748.66,6015.47,1123446.51
34,2012-02-24,A,158114,39.89,3.541,130.5502069,9.653,False,5674.77,3367.59,2.6,1389.89,3919.46,950154.24
34,2012-03-02,A,158114,42.74,3.619,130.6457931,9.653,False,9511.41,469.84,2.8,6593.25,4281.12,990263.7
34,2012-03-09,A,158114,42.7,3.667,130.7413793,9.653,False,6150.33,209.07,0.0,124.83,4638.14,976393.43
34,2012-03-16,A,158114,48.09,3.707,130.8261935,9.653,False,6104.24,94.31,2.7,479.7,1656.98,999298.43
34,2012-03-23,A,158114,47.93,3.759,130.8966452,9.653,False,3662.39,107.42,0.59,941.47,1934.93,945143.33
34,2012-03-30,A,158114,59.29,3.82,130.9670968,9.653,False,7866.57,104.84,5.59,28.76,1979.96,938861.77
34,2012-04-06,A,158114,54.42,3.864,131.0375484,9.575,False,6570.6,0.0,37.31,2558.69,5479.81,1091020.3699999999
34,2012-04-13,A,158114,59.12,3.881,131.108,9.575,False,5146.78,3729.58,14.82,799.06,1563.6,987353.65
34,2012-04-20,A,158114,55.34,3.864,131.1173333,9.575,False,1397.43,2573.19,18.46,70.76,2761.17,977628.78
34,2012-04-27,A,158114,66.49,3.81,131.1266667,9.575,False,5573.52,886.23,8.87,338.1,2014.84,940299.87
34,2012-05-04,A,158114,65.04,3.747,131.136,9.575,False,6219.31,0.0,69.88,2597.74,3522.31,991104.4
34,2012-05-11,A,158114,61.92,3.685,131.1453333,9.575,False,11342.48,0.0,29.11,1214.28,1983.03,949625.52
34,2012-05-18,A,158114,64.97,3.62,131.0983226,9.575,False,2328.53,0.0,2.43,1042.41,2111.41,998672.85
34,2012-05-25,A,158114,72.42,3.551,131.0287742,9.575,False,4031.31,43.0,146.38,1114.59,2174.14,1015737.61
34,2012-06-01,A,158114,70.41,3.483,130.9592258,9.575,False,10054.19,0.0,128.85,87.9,5049.13,977062.44
34,2012-06-08,A,158114,75.35,3.433,130.8896774,9.575,False,6967.19,85.4,0.37,1251.49,10377.32,999511.29
34,2012-06-15,A,158114,76.48,3.372,130.8295333,9.575,False,5809.23,32.4,400.09,924.94,3054.63,982345.51
34,2012-06-22,A,158114,78.85,3.329,130.7929,9.575,False,4673.0,169.0,0.0,1561.36,4524.99,1000285.1
34,2012-06-29,A,158114,81.91,3.257,130.7562667,9.575,False,3725.46,52.2,0.0,343.56,3814.45,942970.63
34,2012-07-06,A,158114,77.95,3.187,130.7196333,9.285,False,6438.2,174.8,103.13,2529.03,3839.19,1007867.6799999999
34,2012-07-13,A,158114,74.02,3.224,130.683,9.285,False,2691.41,20.2,16.91,806.44,3029.0,954677.75
34,2012-07-20,A,158114,77.7,3.263,130.7012903,9.285,False,2732.08,98.0,5.98,743.47,2456.79,950929.59
34,2012-07-27,A,158114,77.3,3.356,130.7195806,9.285,False,3124.08,92.22,0.36,1720.84,3878.36,917883.79
34,2012-08-03,A,158114,78.93,3.374,130.737871,9.285,False,9386.73,45.0,37.88,4384.73,4169.76,973250.41
34,2012-08-10,A,158114,78.26,3.476,130.7561613,9.285,False,9297.06,12.0,8.3,4250.64,2103.48,1004523.59
34,2012-08-17,A,158114,77.78,3.552,130.7909677,9.285,False,5553.04,32.6,6.13,1315.08,5733.84,1013820.86
34,2012-08-24,A,158114,72.44,3.61,130.8381613,9.285,False,1899.97,83.8,9.16,609.67,3844.82,926250.21
34,2012-08-31,A,158114,75.89,3.646,130.8853548,9.285,False,12815.65,64.2,18.56,2171.06,4926.61,933487.71
34,2012-09-07,A,158114,78.26,3.709,130.9325484,9.285,True,8791.04,-5.98,25.77,3473.34,1789.37,976415.56
34,2012-09-14,A,158114,64.28,3.706,130.9776667,9.285,False,4855.31,0.0,11.31,832.14,5118.55,955211.7000000001
34,2012-09-21,A,158114,66.08,3.721,131.0103333,9.285,False,4857.37,5.73,0.85,221.84,7308.76,943047.78
34,2012-09-28,A,158114,67.06,3.666,131.043,9.285,False,2282.47,3.82,0.22,198.21,2618.07,928629.31
34,2012-10-05,A,158114,65.41,3.62,131.0756667,8.839,False,2716.1,0.0,6.03,1648.8,3539.71,968896.6799999999
34,2012-10-12,A,158114,59.94,3.603,131.1083333,8.839,False,2254.65,0.0,29.82,524.12,7604.92,948613.39
34,2012-10-19,A,158114,58.47,3.61,131.1499677,8.839,False,725.01,0.0,9.18,370.91,2907.57,963516.28
34,2012-10-26,A,158114,57.95,3.514,131.1930968,8.839,False,1151.88,68.01,3.0,392.12,1468.81,956987.8099999999
35,2010-02-05,B,103681,27.19,2.784,135.3524608,9.262,False,0.0,0.0,0.0,0.0,0.0,1230613.5
35,2010-02-12,B,103681,29.81,2.773,135.4113076,9.262,True,0.0,0.0,0.0,0.0,0.0,1168815.31
35,2010-02-19,B,103681,32.44,2.745,135.4657781,9.262,False,0.0,0.0,0.0,0.0,0.0,1270658.64
35,2010-02-26,B,103681,36.0,2.754,135.5195191,9.262,False,0.0,0.0,0.0,0.0,0.0,1020651.74
35,2010-03-05,B,103681,38.07,2.777,135.5732602,9.262,False,0.0,0.0,0.0,0.0,0.0,1162610.27
35,2010-03-12,B,103681,45.98,2.818,135.6270013,9.262,False,0.0,0.0,0.0,0.0,0.0,1150344.39
35,2010-03-19,B,103681,49.04,2.844,135.6682247,9.262,False,0.0,0.0,0.0,0.0,0.0,1117536.09
35,2010-03-26,B,103681,52.34,2.854,135.7073618,9.262,False,0.0,0.0,0.0,0.0,0.0,1078900.44
35,2010-04-02,B,103681,46.9,2.85,135.7464988,9.051,False,0.0,0.0,0.0,0.0,0.0,1189556.47
35,2010-04-09,B,103681,62.62,2.869,135.7856359,9.051,False,0.0,0.0,0.0,0.0,0.0,1198014.97
35,2010-04-16,B,103681,54.95,2.899,135.82725,9.051,False,0.0,0.0,0.0,0.0,0.0,1084487.55
35,2010-04-23,B,103681,53.91,2.902,135.8721667,9.051,False,0.0,0.0,0.0,0.0,0.0,1110827.48
35,2010-04-30,B,103681,53.55,2.921,135.9170833,9.051,False,0.0,0.0,0.0,0.0,0.0,1096930.65
35,2010-05-07,B,103681,69.02,2.966,135.962,9.051,False,0.0,0.0,0.0,0.0,0.0,1182099.88
35,2010-05-14,B,103681,53.82,2.982,136.010394,9.051,False,0.0,0.0,0.0,0.0,0.0,1104277.57
35,2010-05-21,B,103681,63.31,2.958,136.0796521,9.051,False,0.0,0.0,0.0,0.0,0.0,1078182.18
35,2010-05-28,B,103681,67.88,2.899,136.1489101,9.051,False,0.0,0.0,0.0,0.0,0.0,1223777.48
35,2010-06-04,B,103681,74.29,2.847,136.2181682,9.051,False,0.0,0.0,0.0,0.0,0.0,1282378.71
35,2010-06-11,B,103681,68.9,2.809,136.2874263,9.051,False,0.0,0.0,0.0,0.0,0.0,1160412.71
35,2010-06-18,B,103681,70.0,2.78,136.3243393,9.051,False,0.0,0.0,0.0,0.0,0.0,1198025.76
35,2010-06-25,B,103681,78.02,2.808,136.3483143,9.051,False,0.0,0.0,0.0,0.0,0.0,1230245.74
35,2010-07-02,B,103681,76.25,2.815,136.3722893,8.861,False,0.0,0.0,0.0,0.0,0.0,1245827.08
35,2010-07-09,B,103681,82.69,2.793,136.3962643,8.861,False,0.0,0.0,0.0,0.0,0.0,1268766.76
35,2010-07-16,B,103681,78.26,2.783,136.4179827,8.861,False,0.0,0.0,0.0,0.0,0.0,1124414.8699999999
35,2010-07-23,B,103681,81.56,2.771,136.4366924,8.861,False,0.0,0.0,0.0,0.0,0.0,1121756.43
35,2010-07-30,B,103681,79.78,2.781,136.4554021,8.861,False,0.0,0.0,0.0,0.0,0.0,1139131.78
35,2010-08-06,B,103681,77.45,2.784,136.4741118,8.861,False,0.0,0.0,0.0,0.0,0.0,1180183.39
35,2010-08-13,B,103681,77.36,2.805,136.4928214,8.861,False,0.0,0.0,0.0,0.0,0.0,1090587.5
35,2010-08-20,B,103681,75.16,2.779,136.5249182,8.861,False,0.0,0.0,0.0,0.0,0.0,1033719.5
35,2010-08-27,B,103681,70.31,2.755,136.557015,8.861,False,0.0,0.0,0.0,0.0,0.0,917693.06
35,2010-09-03,B,103681,78.52,2.715,136.5891118,8.861,False,0.0,0.0,0.0,0.0,0.0,948660.79
35,2010-09-10,B,103681,70.38,2.699,136.6212085,8.861,True,0.0,0.0,0.0,0.0,0.0,961685.98
35,2010-09-17,B,103681,64.5,2.706,136.6338071,8.861,False,0.0,0.0,0.0,0.0,0.0,831443.61
35,2010-09-24,B,103681,67.08,2.713,136.6317821,8.861,False,0.0,0.0,0.0,0.0,0.0,758069.78
35,2010-10-01,B,103681,70.19,2.707,136.6297571,8.763,False,0.0,0.0,0.0,0.0,0.0,771065.21
35,2010-10-08,B,103681,57.78,2.764,136.6277321,8.763,False,0.0,0.0,0.0,0.0,0.0,874615.32
35,2010-10-15,B,103681,58.38,2.868,136.6401935,8.763,False,0.0,0.0,0.0,0.0,0.0,798376.99
35,2010-10-22,B,103681,52.82,2.917,136.688871,8.763,False,0.0,0.0,0.0,0.0,0.0,827705.82
35,2010-10-29,B,103681,61.02,2.921,136.7375484,8.763,False,0.0,0.0,0.0,0.0,0.0,857797.33
35,2010-11-05,B,103681,45.91,2.917,136.7862258,8.763,False,0.0,0.0,0.0,0.0,0.0,843755.12
35,2010-11-12,B,103681,45.9,2.931,136.8349032,8.763,False,0.0,0.0,0.0,0.0,0.0,870914.69
35,2010-11-19,B,103681,50.81,3.0,136.7715714,8.763,False,0.0,0.0,0.0,0.0,0.0,846850.35
35,2010-11-26,B,103681,46.67,3.039,136.6895714,8.763,True,0.0,0.0,0.0,0.0,0.0,1781866.98
35,2010-12-03,B,103681,41.81,3.046,136.6075714,8.763,False,0.0,0.0,0.0,0.0,0.0,982598.88
35,2010-12-10,B,103681,30.83,3.109,136.5255714,8.763,False,0.0,0.0,0.0,0.0,0.0,1108580.19
35,2010-12-17,B,103681,31.62,3.14,136.5292811,8.763,False,0.0,0.0,0.0,0.0,0.0,1314987.4
35,2010-12-24,B,103681,31.34,3.141,136.597273,8.763,False,0.0,0.0,0.0,0.0,0.0,1779236.54
35,2010-12-31,B,103681,29.59,3.179,136.665265,8.763,True,0.0,0.0,0.0,0.0,0.0,576332.05
35,2011-01-07,B,103681,34.42,3.193,136.7332569,8.549,False,0.0,0.0,0.0,0.0,0.0,649289.75
35,2011-01-14,B,103681,25.7,3.205,136.803477,8.549,False,0.0,0.0,0.0,0.0,0.0,687670.78
35,2011-01-21,B,103681,30.13,3.229,136.8870657,8.549,False,0.0,0.0,0.0,0.0,0.0,659902.07
35,2011-01-28,B,103681,23.64,3.237,136.9706544,8.549,False,0.0,0.0,0.0,0.0,0.0,633289.78
35,2011-02-04,B,103681,28.7,3.231,137.0542431,8.549,False,0.0,0.0,0.0,0.0,0.0,747577.0499999999
35,2011-02-11,B,103681,30.45,3.239,137.1378318,8.549,True,0.0,0.0,0.0,0.0,0.0,859258.17
35,2011-02-18,B,103681,39.32,3.245,137.2511849,8.549,False,0.0,0.0,0.0,0.0,0.0,865305.88
35,2011-02-25,B,103681,33.05,3.274,137.3764439,8.549,False,0.0,0.0,0.0,0.0,0.0,841129.26
35,2011-03-04,B,103681,36.99,3.433,137.5017028,8.549,False,0.0,0.0,0.0,0.0,0.0,850448.54
35,2011-03-11,B,103681,43.64,3.582,137.6269617,8.549,False,0.0,0.0,0.0,0.0,0.0,830601.39
35,2011-03-18,B,103681,46.65,3.631,137.7398929,8.549,False,0.0,0.0,0.0,0.0,0.0,800662.82
35,2011-03-25,B,103681,40.11,3.625,137.8478929,8.549,False,0.0,0.0,0.0,0.0,0.0,762184.1
35,2011-04-01,B,103681,37.27,3.638,137.9558929,8.512,False,0.0,0.0,0.0,0.0,0.0,762620.9400000001
35,2011-04-08,B,103681,46.87,3.72,138.0638929,8.512,False,0.0,0.0,0.0,0.0,0.0,813352.41
35,2011-04-15,B,103681,52.24,3.821,138.1646952,8.512,False,0.0,0.0,0.0,0.0,0.0,795157.2
35,2011-04-22,B,103681,50.02,3.892,138.2475036,8.512,False,0.0,0.0,0.0,0.0,0.0,841778.34
35,2011-04-29,B,103681,61.71,3.962,138.3303119,8.512,False,0.0,0.0,0.0,0.0,0.0,811824.06
35,2011-05-06,B,103681,56.48,4.046,138.4131202,8.512,False,0.0,0.0,0.0,0.0,0.0,835181.18
35,2011-05-13,B,103681,60.07,4.066,138.4959286,8.512,False,0.0,0.0,0.0,0.0,0.0,826155.95
35,2011-05-20,B,103681,60.22,4.062,138.587106,8.512,False,0.0,0.0,0.0,0.0,0.0,776838.56
35,2011-05-27,B,103681,66.43,3.985,138.6782834,8.512,False,0.0,0.0,0.0,0.0,0.0,850708.6
35,2011-06-03,B,103681,74.17,3.922,138.7694608,8.512,False,0.0,0.0,0.0,0.0,0.0,955466.84
35,2011-06-10,B,103681,73.26,3.881,138.8606382,8.512,False,0.0,0.0,0.0,0.0,0.0,855130.21
35,2011-06-17,B,103681,67.03,3.842,139.0028333,8.512,False,0.0,0.0,0.0,0.0,0.0,828594.86
35,2011-06-24,B,103681,72.02,3.804,139.1832917,8.512,False,0.0,0.0,0.0,0.0,0.0,849397.5700000001
35,2011-07-01,B,103681,73.76,3.748,139.36375,8.684,False,0.0,0.0,0.0,0.0,0.0,874453.88
35,2011-07-08,B,103681,76.87,3.711,139.5442083,8.684,False,0.0,0.0,0.0,0.0,0.0,827717.85
35,2011-07-15,B,103681,77.83,3.76,139.7006325,8.684,False,0.0,0.0,0.0,0.0,0.0,813845.5
35,2011-07-22,B,103681,82.28,3.811,139.7969712,8.684,False,0.0,0.0,0.0,0.0,0.0,820188.42
35,2011-07-29,B,103681,79.41,3.829,139.8933099,8.684,False,0.0,0.0,0.0,0.0,0.0,770820.27
35,2011-08-05,B,103681,78.14,3.842,139.9896486,8.684,False,0.0,0.0,0.0,0.0,0.0,826820.71
35,2011-08-12,B,103681,76.67,3.812,140.0859873,8.684,False,0.0,0.0,0.0,0.0,0.0,819911.89
35,2011-08-19,B,103681,72.97,3.747,140.1289205,8.684,False,0.0,0.0,0.0,0.0,0.0,820288.35
35,2011-08-26,B,103681,72.88,3.704,140.1629528,8.684,False,0.0,0.0,0.0,0.0,0.0,897037.25
35,2011-09-02,B,103681,71.44,3.703,140.196985,8.684,False,0.0,0.0,0.0,0.0,0.0,813486.55
35,2011-09-09,B,103681,70.93,3.738,140.2310173,8.684,True,0.0,0.0,0.0,0.0,0.0,922440.64
35,2011-09-16,B,103681,69.65,3.742,140.2735,8.684,False,0.0,0.0,0.0,0.0,0.0,738792.11
35,2011-09-23,B,103681,63.61,3.711,140.32725,8.684,False,0.0,0.0,0.0,0.0,0.0,705802.45
35,2011-09-30,B,103681,70.92,3.645,140.381,8.684,False,0.0,0.0,0.0,0.0,0.0,749676.95
35,2011-10-07,B,103681,56.91,3.583,140.43475,8.745,False,0.0,0.0,0.0,0.0,0.0,791637.53
35,2011-10-14,B,103681,64.78,3.541,140.4784194,8.745,False,0.0,0.0,0.0,0.0,0.0,772859.25
35,2011-10-21,B,103681,59.62,3.57,140.4616048,8.745,False,0.0,0.0,0.0,0.0,0.0,811328.4
35,2011-10-28,B,103681,51.81,3.569,140.4447903,8.745,False,0.0,0.0,0.0,0.0,0.0,808821.5
35,2011-11-04,B,103681,44.46,3.551,140.4279758,8.745,False,0.0,0.0,0.0,0.0,0.0,653468.75
35,2011-11-11,B,103681,49.69,3.53,140.4111613,8.745,False,22242.79,13392.67,1134.49,2951.74,5421.27,880576.33
35,2011-11-18,B,103681,51.42,3.53,140.4127857,8.745,False,23654.62,110.12,103.34,951.51,1618.6,820964.1
35,2011-11-25,B,103681,47.88,3.492,140.4217857,8.745,True,1333.24,0.0,58563.24,20.97,6386.86,1733822.4000000001
35,2011-12-02,B,103681,50.55,3.452,140.4307857,8.745,False,5051.87,0.0,3150.68,3945.27,26649.46,903606.03
35,2011-12-09,B,103681,46.28,3.415,140.4397857,8.745,False,1386.01,0.0,529.1,955.48,9427.75,948964.99
35,2011-12-16,B,103681,40.68,3.413,140.4700795,8.745,False,5115.93,0.27,10748.31,601.89,14608.23,1115255.65
35,2011-12-23,B,103681,41.59,3.389,140.528765,8.745,False,318.61,22.4,1429.48,20.98,4140.36,1550214.02
35,2011-12-30,B,103681,37.85,3.389,140.5874505,8.745,True,6742.63,34766.99,163.27,961.0,2074.13,904650.55
35,2012-01-06,B,103681,35.8,3.422,140.6461359,8.744,False,5956.88,13987.28,24.73,1685.24,6269.59,671708.09
35,2012-01-13,B,103681,41.3,3.513,140.7048214,8.744,False,2428.51,7532.95,2.28,413.26,3750.02,625135.11
35,2012-01-20,B,103681,30.35,3.533,140.8086118,8.744,False,2498.37,4413.52,5.46,618.55,2393.77,669850.04
35,2012-01-27,B,103681,36.96,3.567,140.9124021,8.744,False,2798.44,2928.52,1.46,446.0,9008.25,588722.99
35,2012-02-03,B,103681,42.52,3.617,141.0161924,8.744,False,62567.6,3718.52,41.68,40201.38,4130.12,746901.03
35,2012-02-10,B,103681,37.86,3.64,141.1199827,8.744,True,11865.12,4373.03,23.69,11941.36,8357.61,849779.14
35,2012-02-17,B,103681,37.24,3.695,141.2140357,8.744,False,20207.59,7982.96,2.64,9522.98,10733.96,824568.39
35,2012-02-24,B,103681,41.74,3.739,141.3007857,8.744,False,10463.9,6749.11,0.0,5146.87,4553.22,805028.74
35,2012-03-02,B,103681,40.07,3.816,141.3875357,8.744,False,31880.88,1775.2,84.02,26264.78,1609.25,766571.1
35,2012-03-09,B,103681,44.32,3.848,141.4742857,8.744,False,16514.65,344.55,68.3,2596.73,2245.26,796351.35
35,2012-03-16,B,103681,49.6,3.862,141.55478,8.744,False,6972.24,222.12,1.2,1587.92,2214.43,793045.82
35,2012-03-23,B,103681,57.3,3.9,141.6269332,8.744,False,25204.95,107.69,0.25,8359.06,5252.73,760671.1
35,2012-03-30,B,103681,49.4,3.953,141.6990864,8.744,False,19560.85,77.41,7.4,4081.77,3629.96,744525.69
35,2012-04-06,B,103681,48.73,3.996,141.7712396,8.876,False,9093.04,0.0,10.27,2383.68,4858.77,860293.46
35,2012-04-13,B,103681,52.22,4.044,141.8433929,8.876,False,4697.48,4222.33,10.5,1903.35,1156.1,788633.42
35,2012-04-20,B,103681,62.62,4.027,141.9015262,8.876,False,2095.31,4447.75,6.05,149.91,2504.7,794660.24
35,2012-04-27,B,103681,52.33,4.004,141.9596595,8.876,False,6477.02,1050.49,7.43,1123.9,1681.46,721212.45
35,2012-05-04,B,103681,53.68,3.951,142.0177929,8.876,False,13647.64,0.0,9.87,6114.76,4853.52,772036.6
35,2012-05-11,B,103681,58.97,3.889,142.0759262,8.876,False,12297.04,0.0,10.76,1040.0,2355.67,802383.63
35,2012-05-18,B,103681,65.15,3.848,142.0970115,8.876,False,8475.44,0.0,2.87,2133.81,2904.46,819196.68
35,2012-05-25,B,103681,64.77,3.798,142.1032776,8.876,False,8708.2,0.0,296.24,1676.8,2399.15,822167.17
35,2012-06-01,B,103681,73.4,3.742,142.1095438,8.876,False,12469.08,0.0,9.66,3040.28,5859.48,932195.52
35,2012-06-08,B,103681,64.05,3.689,142.1158099,8.876,False,6984.56,44.0,287.97,851.39,5482.29,873415.01
35,2012-06-15,B,103681,69.52,3.62,142.1292548,8.876,False,4983.83,6.8,1.04,2545.67,1991.41,848289.41
35,2012-06-22,B,103681,73.23,3.564,142.1606464,8.876,False,5984.0,32.8,0.57,528.54,2636.77,911696.0
35,2012-06-29,B,103681,73.94,3.506,142.1920381,8.876,False,11690.61,-7.6,0.0,3457.25,5129.74,892133.41
35,2012-07-06,B,103681,82.08,3.475,142.2234298,8.839,False,7808.9,7.0,47.5,6948.28,6443.45,985479.64
35,2012-07-13,B,103681,78.95,3.523,142.2548214,8.839,False,3516.15,0.0,0.15,1749.8,1430.23,825763.48
35,2012-07-20,B,103681,78.64,3.567,142.2337569,8.839,False,3934.52,0.0,25.9,934.49,3512.52,841224.74
35,2012-07-27,B,103681,76.01,3.647,142.2126924,8.839,False,5446.22,0.0,10.88,6221.18,2764.62,808030.15
35,2012-08-03,B,103681,75.22,3.654,142.1916279,8.839,False,35956.75,0.0,11.63,21249.14,2079.74,866216.36
35,2012-08-10,B,103681,78.44,3.722,142.1705634,8.839,False,9664.78,0.0,63.72,2523.61,2076.6,888368.8
35,2012-08-17,B,103681,76.51,3.807,142.2157385,8.839,False,3038.67,0.0,0.0,1401.93,2672.55,887979.47
35,2012-08-24,B,103681,72.93,3.834,142.3105933,8.839,False,5726.77,0.0,57.08,5332.71,4133.91,895274.72
35,2012-08-31,B,103681,75.0,3.867,142.4054482,8.839,False,17617.15,0.0,94.08,6324.67,3173.73,931278.97
35,2012-09-07,B,103681,76.0,3.911,142.500303,8.839,True,11678.32,0.0,53.35,1976.76,8415.89,984833.35
35,2012-09-14,B,103681,68.72,3.948,142.5938833,8.839,False,8915.4,0.0,16.27,1564.94,7400.92,821568.64
35,2012-09-21,B,103681,66.1,4.038,142.6798167,8.839,False,6982.1,87.37,6.0,2085.94,9129.21,772302.94
35,2012-09-28,B,103681,64.92,3.997,142.76575,8.839,False,20867.96,42.64,3.22,5895.05,3810.27,814099.86
35,2012-10-05,B,103681,64.5,3.985,142.8516833,8.665,False,6855.08,0.0,3.66,2468.47,2737.33,866064.4
35,2012-10-12,B,103681,55.4,4.0,142.9376167,8.665,False,1524.37,0.0,5.33,558.26,6097.45,873643.14
35,2012-10-19,B,103681,56.53,3.969,142.8633629,8.665,False,2694.71,0.0,4.98,526.09,2051.88,829284.67
35,2012-10-26,B,103681,58.99,3.882,142.7624113,8.665,False,6221.06,42.48,103.0,273.9,996.79,865137.6
36,2010-02-05,A,39910,45.97,2.545,209.8529663,8.554,False,0.0,0.0,0.0,0.0,0.0,467546.74
36,2010-02-12,A,39910,46.11,2.539,209.9970208,8.554,True,0.0,0.0,0.0,0.0,0.0,469563.7
36,2010-02-19,A,39910,45.66,2.472,210.0451024,8.554,False,0.0,0.0,0.0,0.0,0.0,470281.03
36,2010-02-26,A,39910,50.87,2.52,210.0771885,8.554,False,0.0,0.0,0.0,0.0,0.0,447519.44
36,2010-03-05,A,39910,51.33,2.574,210.1092746,8.554,False,0.0,0.0,0.0,0.0,0.0,480203.43
36,2010-03-12,A,39910,61.96,2.619,210.1413607,8.554,False,0.0,0.0,0.0,0.0,0.0,441434.2
36,2010-03-19,A,39910,59.56,2.701,209.9803208,8.554,False,0.0,0.0,0.0,0.0,0.0,428851.99
36,2010-03-26,A,39910,55.76,2.711,209.7870932,8.554,False,0.0,0.0,0.0,0.0,0.0,404438.51
36,2010-04-02,A,39910,63.43,2.708,209.5938656,8.464,False,0.0,0.0,0.0,0.0,0.0,435972.82
36,2010-04-09,A,39910,68.54,2.743,209.400638,8.464,False,0.0,0.0,0.0,0.0,0.0,453016.91
36,2010-04-16,A,39910,66.74,2.769,209.2691428,8.464,False,0.0,0.0,0.0,0.0,0.0,483699.56
36,2010-04-23,A,39910,68.03,2.762,209.2199574,8.464,False,0.0,0.0,0.0,0.0,0.0,434116.8
36,2010-04-30,A,39910,70.9,2.725,209.170772,8.464,False,0.0,0.0,0.0,0.0,0.0,457899.64
36,2010-05-07,A,39910,75.56,2.786,209.1215867,8.464,False,0.0,0.0,0.0,0.0,0.0,489372.02
36,2010-05-14,A,39910,77.53,2.805,209.118536,8.464,False,0.0,0.0,0.0,0.0,0.0,476733.74
36,2010-05-21,A,39910,77.34,2.767,209.3922937,8.464,False,0.0,0.0,0.0,0.0,0.0,474917.98
36,2010-05-28,A,39910,80.87,2.716,209.6660514,8.464,False,0.0,0.0,0.0,0.0,0.0,447050.42
36,2010-06-04,A,39910,79.93,2.664,209.9398091,8.464,False,0.0,0.0,0.0,0.0,0.0,471088.88
36,2010-06-11,A,39910,82.3,2.615,210.2135668,8.464,False,0.0,0.0,0.0,0.0,0.0,467711.18
36,2010-06-18,A,39910,84.37,2.572,210.2108417,8.464,False,0.0,0.0,0.0,0.0,0.0,485694.72000000003
36,2010-06-25,A,39910,84.14,2.601,210.0975233,8.464,False,0.0,0.0,0.0,0.0,0.0,434879.87
36,2010-07-02,A,39910,81.85,2.606,209.984205,8.36,False,0.0,0.0,0.0,0.0,0.0,434252.14999999997
36,2010-07-09,A,39910,81.74,2.596,209.8708867,8.36,False,0.0,0.0,0.0,0.0,0.0,471713.59
36,2010-07-16,A,39910,84.43,2.561,209.8630532,8.36,False,0.0,0.0,0.0,0.0,0.0,466962.04
36,2010-07-23,A,39910,82.6,2.542,209.9958663,8.36,False,0.0,0.0,0.0,0.0,0.0,452021.2
36,2010-07-30,A,39910,81.88,2.602,210.1286794,8.36,False,0.0,0.0,0.0,0.0,0.0,432451.91
36,2010-08-06,A,39910,85.49,2.573,210.2614925,8.36,False,0.0,0.0,0.0,0.0,0.0,467442.94
36,2010-08-13,A,39910,86.06,2.644,210.3943056,8.36,False,0.0,0.0,0.0,0.0,0.0,470436.8
36,2010-08-20,A,39910,85.54,2.604,210.3617581,8.36,False,0.0,0.0,0.0,0.0,0.0,437949.9
36,2010-08-27,A,39910,84.62,2.562,210.3292106,8.36,False,0.0,0.0,0.0,0.0,0.0,412050.73000000004
36,2010-09-03,A,39910,82.29,2.533,210.2966631,8.36,False,0.0,0.0,0.0,0.0,0.0,431294.45
36,2010-09-10,A,39910,80.58,2.513,210.2641156,8.36,True,0.0,0.0,0.0,0.0,0.0,434471.38
36,2010-09-17,A,39910,82.1,2.55,210.2924504,8.36,False,0.0,0.0,0.0,0.0,0.0,454694.21
36,2010-09-24,A,39910,79.17,2.578,210.3664469,8.36,False,0.0,0.0,0.0,0.0,0.0,419348.58999999997
36,2010-10-01,A,39910,74.66,2.567,210.4404433,8.476,False,0.0,0.0,0.0,0.0,0.0,422169.47
36,2010-10-08,A,39910,66.34,2.595,210.5144398,8.476,False,0.0,0.0,0.0,0.0,0.0,444351.61
36,2010-10-15,A,39910,71.57,2.705,210.5805944,8.476,False,0.0,0.0,0.0,0.0,0.0,453308.15
36,2010-10-22,A,39910,72.24,2.698,210.6271444,8.476,False,0.0,0.0,0.0,0.0,0.0,424956.3
36,2010-10-29,A,39910,76.22,2.68,210.6736944,8.476,False,0.0,0.0,0.0,0.0,0.0,392654.26
36,2010-11-05,A,39910,62.72,2.655,210.7202444,8.476,False,0.0,0.0,0.0,0.0,0.0,405860.37
36,2010-11-12,A,39910,61.97,2.705,210.7667944,8.476,False,0.0,0.0,0.0,0.0,0.0,425804.8
36,2010-11-19,A,39910,56.73,2.741,210.65429,8.476,False,0.0,0.0,0.0,0.0,0.0,411615.71
36,2010-11-26,A,39910,67.73,2.725,210.5152765,8.476,True,0.0,0.0,0.0,0.0,0.0,408891.49
36,2010-12-03,A,39910,54.44,2.694,210.376263,8.476,False,0.0,0.0,0.0,0.0,0.0,360266.09
36,2010-12-10,A,39910,51.83,2.813,210.2372494,8.476,False,0.0,0.0,0.0,0.0,0.0,404545.03
36,2010-12-17,A,39910,56.73,2.852,210.1787224,8.476,False,0.0,0.0,0.0,0.0,0.0,410214.7
36,2010-12-24,A,39910,59.1,2.863,210.1805602,8.476,False,0.0,0.0,0.0,0.0,0.0,422093.59
36,2010-12-31,A,39910,52.88,2.949,210.182398,8.476,True,0.0,0.0,0.0,0.0,0.0,359310.65
36,2011-01-07,A,39910,54.11,2.942,210.1842358,8.395,False,0.0,0.0,0.0,0.0,0.0,384659.85
36,2011-01-14,A,39910,42.87,2.971,210.2379731,8.395,False,0.0,0.0,0.0,0.0,0.0,410497.73
36,2011-01-21,A,39910,51.18,2.98,210.6031072,8.395,False,0.0,0.0,0.0,0.0,0.0,399191.05
36,2011-01-28,A,39910,48.74,2.995,210.9682412,8.395,False,0.0,0.0,0.0,0.0,0.0,372174.12
36,2011-02-04,A,39910,46.68,2.98,211.3333753,8.395,False,0.0,0.0,0.0,0.0,0.0,417521.7
36,2011-02-11,A,39910,41.16,3.009,211.6985093,8.395,True,0.0,0.0,0.0,0.0,0.0,401501.2
36,2011-02-18,A,39910,57.48,3.017,212.0063522,8.395,False,0.0,0.0,0.0,0.0,0.0,427175.03
36,2011-02-25,A,39910,67.73,3.053,212.2912786,8.395,False,0.0,0.0,0.0,0.0,0.0,380279.44
36,2011-03-04,A,39910,64.55,3.282,212.576205,8.395,False,0.0,0.0,0.0,0.0,0.0,402579.84
36,2011-03-11,A,39910,59.15,3.448,212.8611313,8.395,False,0.0,0.0,0.0,0.0,0.0,407506.77999999997
36,2011-03-18,A,39910,64.9,3.487,213.1096787,8.395,False,0.0,0.0,0.0,0.0,0.0,431412.22000000003
36,2011-03-25,A,39910,71.07,3.488,213.3436744,8.395,False,0.0,0.0,0.0,0.0,0.0,390732.02
36,2011-04-01,A,39910,67.31,3.529,213.5776701,8.3,False,0.0,0.0,0.0,0.0,0.0,385672.11
36,2011-04-08,A,39910,69.39,3.645,213.8116658,8.3,False,0.0,0.0,0.0,0.0,0.0,428727.61
36,2011-04-15,A,39910,73.25,3.763,214.026217,8.3,False,0.0,0.0,0.0,0.0,0.0,414986.54
36,2011-04-22,A,39910,74.57,3.805,214.1921572,8.3,False,0.0,0.0,0.0,0.0,0.0,374574.72000000003
36,2011-04-29,A,39910,76.1,3.837,214.3580974,8.3,False,0.0,0.0,0.0,0.0,0.0,340708.78
36,2011-05-06,A,39910,69.56,3.917,214.5240376,8.3,False,0.0,0.0,0.0,0.0,0.0,393401.4
36,2011-05-13,A,39910,76.73,3.92,214.6899778,8.3,False,0.0,0.0,0.0,0.0,0.0,395316.65
36,2011-05-20,A,39910,73.02,3.925,214.465412,8.3,False,0.0,0.0,0.0,0.0,0.0,376183.44
36,2011-05-27,A,39910,81.28,3.786,214.2408462,8.3,False,0.0,0.0,0.0,0.0,0.0,348655.2
36,2011-06-03,A,39910,82.96,3.69,214.0162805,8.3,False,0.0,0.0,0.0,0.0,0.0,373703.95
36,2011-06-10,A,39910,82.41,3.633,213.7917147,8.3,False,0.0,0.0,0.0,0.0,0.0,374182.04
36,2011-06-17,A,39910,84.43,3.599,213.7481256,8.3,False,0.0,0.0,0.0,0.0,0.0,394645.25
36,2011-06-24,A,39910,83.95,3.569,213.8402689,8.3,False,0.0,0.0,0.0,0.0,0.0,360009.94
36,2011-07-01,A,39910,85.33,3.502,213.9324122,8.177,False,0.0,0.0,0.0,0.0,0.0,354270.77
36,2011-07-08,A,39910,84.71,3.44,214.0245556,8.177,False,0.0,0.0,0.0,0.0,0.0,377464.62
36,2011-07-15,A,39910,85.63,3.55,214.1083654,8.177,False,0.0,0.0,0.0,0.0,0.0,385631.48
36,2011-07-22,A,39910,83.31,3.637,214.1713416,8.177,False,0.0,0.0,0.0,0.0,0.0,361311.41000000003
36,2011-07-29,A,39910,84.99,3.66,214.2343177,8.177,False,0.0,0.0,0.0,0.0,0.0,354361.08
36,2011-08-05,A,39910,86.71,3.652,214.2972939,8.177,False,0.0,0.0,0.0,0.0,0.0,381017.75
36,2011-08-12,A,39910,87.64,3.608,214.3602701,8.177,False,0.0,0.0,0.0,0.0,0.0,380188.69
36,2011-08-19,A,39910,87.24,3.534,214.4239935,8.177,False,0.0,0.0,0.0,0.0,0.0,373267.57999999996
36,2011-08-26,A,39910,86.02,3.501,214.4878416,8.177,False,0.0,0.0,0.0,0.0,0.0,344964.2
36,2011-09-02,A,39910,87.5,3.481,214.5516896,8.177,False,0.0,0.0,0.0,0.0,0.0,350276.29
36,2011-09-09,A,39910,77.94,3.499,214.6155376,8.177,True,0.0,0.0,0.0,0.0,0.0,352960.64
36,2011-09-16,A,39910,82.06,3.473,214.7934111,8.177,False,0.0,0.0,0.0,0.0,0.0,343108.12
36,2011-09-23,A,39910,78.35,3.441,215.1233185,8.177,False,0.0,0.0,0.0,0.0,0.0,322405.13
36,2011-09-30,A,39910,81.52,3.328,215.4532259,8.177,False,0.0,0.0,0.0,0.0,0.0,314910.37
36,2011-10-07,A,39910,71.2,3.262,215.7831333,7.716,False,0.0,0.0,0.0,0.0,0.0,346137.87
36,2011-10-14,A,39910,74.16,3.234,216.0885258,7.716,False,0.0,0.0,0.0,0.0,0.0,342076.99
36,2011-10-21,A,39910,67.89,3.308,216.2468287,7.716,False,0.0,0.0,0.0,0.0,0.0,328633.33999999997
36,2011-10-28,A,39910,71.31,3.306,216.4051315,7.716,False,0.0,0.0,0.0,0.0,0.0,306193.81
36,2011-11-04,A,39910,58.97,3.287,216.5634344,7.716,False,0.0,0.0,0.0,0.0,0.0,313387.11
36,2011-11-11,A,39910,63.5,3.254,216.7217373,7.716,False,65.32,519.25,0.0,0.0,1334.56,328498.92
36,2011-11-18,A,39910,66.28,3.26,216.9395861,7.716,False,5.64,19.82,0.0,0.0,578.02,332901.94
36,2011-11-25,A,39910,66.41,3.181,217.1812533,7.716,True,7.09,0.0,0.0,0.0,780.75,332811.55
36,2011-12-02,A,39910,53.57,3.164,217.4229206,7.716,False,0.0,0.0,10.0,0.0,624.31,293350.51
36,2011-12-09,A,39910,50.64,3.147,217.6645878,7.716,False,0.0,0.0,-0.87,0.0,1129.02,312298.37
36,2011-12-16,A,39910,58.31,3.133,217.8781339,7.716,False,11.64,0.0,1.14,0.0,3752.18,341503.92000000004
36,2011-12-23,A,39910,55.41,3.098,218.0541851,7.716,False,17.01,0.0,0.76,0.0,2264.75,325262.45999999996
36,2011-12-30,A,39910,48.26,3.132,218.2302364,7.716,True,548.91,1288.61,0.0,50.4,412.21,287425.22
36,2012-01-06,A,39910,57.18,3.129,218.4062876,7.244,False,5.92,2257.39,2.86,0.0,1024.9,329467.82
36,2012-01-13,A,39910,56.28,3.254,218.5823389,7.244,False,15.85,1402.86,7.04,0.0,858.31,325976.34
36,2012-01-20,A,39910,58.9,3.275,218.6755292,7.244,False,318.15,294.59,1.98,0.0,589.99,330927.21
36,2012-01-27,A,39910,62.73,3.313,218.7687195,7.244,False,35.96,17.03,0.44,0.0,381.04,301444.94
36,2012-02-03,A,39910,61.33,3.421,218.8619099,7.244,False,1786.27,1.5,2.62,2.5,1373.38,310982.87
36,2012-02-10,A,39910,54.49,3.462,218.9551002,7.244,True,810.75,5.5,3.82,0.0,699.9,335741.9
36,2012-02-17,A,39910,54.38,3.503,219.1148297,7.244,False,377.29,417.07,0.44,0.0,537.36,326316.73
36,2012-02-24,A,39910,62.21,3.55,219.3244636,7.244,False,90.73,171.14,0.0,0.0,872.76,313270.45
36,2012-03-02,A,39910,64.54,3.619,219.5340975,7.244,False,512.15,0.02,0.0,0.0,2359.78,315396.72000000003
36,2012-03-09,A,39910,63.19,3.647,219.7437314,7.244,False,258.89,1.5,0.99,0.0,1835.63,318674.93
36,2012-03-16,A,39910,67.48,3.779,219.8956335,7.244,False,93.51,1.5,0.34,0.0,612.83,335345.82
36,2012-03-23,A,39910,69.18,3.845,219.9705599,7.244,False,98.84,0.0,1.7,0.0,1382.01,317872.51
36,2012-03-30,A,39910,70.48,3.891,220.0454862,7.244,False,40.28,0.5,0.0,0.0,440.54,304144.9
36,2012-04-06,A,39910,73.95,3.934,220.1204125,6.989,False,375.2,0.0,0.0,12.41,1398.67,331026.11
36,2012-04-13,A,39910,72.54,3.919,220.1953389,6.989,False,85.47,651.77,0.0,0.0,487.07,339407.94
36,2012-04-20,A,39910,70.87,3.918,220.2483937,6.989,False,177.77,317.91,0.0,231.31,1473.96,323915.32
36,2012-04-27,A,39910,70.06,3.888,220.3014485,6.989,False,252.98,36.03,0.0,0.0,6621.24,308389.82
36,2012-05-04,A,39910,77.17,3.835,220.3545033,6.989,False,621.82,0.0,0.0,18.38,1191.47,312467.52
36,2012-05-11,A,39910,76.55,3.764,220.4075581,6.989,False,475.61,0.0,0.0,0.0,818.06,330518.33999999997
36,2012-05-18,A,39910,73.7,3.713,220.4252149,6.989,False,367.23,0.0,0.0,0.0,1704.18,324801.13
36,2012-05-25,A,39910,78.94,3.636,220.4287124,6.989,False,517.28,0.0,0.0,0.92,1767.58,306098.17
36,2012-06-01,A,39910,80.74,3.567,220.4322099,6.989,False,187.88,0.0,0.0,4.02,1674.5,306005.52999999997
36,2012-06-08,A,39910,81.5,3.513,220.4357073,6.989,False,226.87,0.0,0.0,5.0,597.68,338273.38
36,2012-06-15,A,39910,82.15,3.407,220.4494148,6.989,False,945.96,0.0,0.0,0.0,2709.66,333146.88
36,2012-06-22,A,39910,80.4,3.358,220.4886472,6.989,False,318.51,0.0,0.0,0.0,1805.33,306411.01
36,2012-06-29,A,39910,86.68,3.273,220.5278796,6.989,False,1169.41,0.0,0.0,0.0,2549.31,291530.43
36,2012-07-06,A,39910,81.52,3.232,220.567112,6.623,False,249.73,0.0,0.04,0.0,659.16,306578.89
36,2012-07-13,A,39910,78.15,3.245,220.6063444,6.623,False,769.5,0.0,0.01,0.0,1530.69,298337.41
36,2012-07-20,A,39910,81.76,3.301,220.6148749,6.623,False,38.04,0.0,0.0,0.0,886.99,303289.55
36,2012-07-27,A,39910,84.0,3.392,220.6234054,6.623,False,144.59,0.0,0.0,0.0,1545.26,279643.43
36,2012-08-03,A,39910,85.56,3.404,220.6319358,6.623,False,243.47,0.0,2.4,64.47,1077.74,304989.97000000003
36,2012-08-10,A,39910,84.41,3.49,220.6404663,6.623,False,25.14,0.0,0.0,1.98,1638.93,298947.51
36,2012-08-17,A,39910,85.89,3.571,220.7199609,6.623,False,442.05,0.0,0.0,0.0,1381.39,314607.22000000003
36,2012-08-24,A,39910,81.26,3.574,220.8526787,6.623,False,196.4,0.0,0.0,0.0,1012.91,282545.55
36,2012-08-31,A,39910,84.79,3.608,220.9853964,6.623,False,156.18,0.0,0.0,0.0,329.61,282647.48
36,2012-09-07,A,39910,84.19,3.697,221.1181142,6.623,True,463.27,0.0,1.75,0.0,2480.2,293728.57
36,2012-09-14,A,39910,78.16,3.692,221.2601207,6.623,False,788.5,0.0,1.05,3.44,1591.72,301893.63
36,2012-09-21,A,39910,75.98,3.709,221.4578604,6.623,False,53.1,0.0,0.0,0.0,1532.27,293804.45
36,2012-09-28,A,39910,79.49,3.66,221.6556,6.623,False,205.0,0.0,0.0,0.0,1939.92,270677.98
36,2012-10-05,A,39910,73.57,3.611,221.8533396,6.228,False,211.09,0.0,0.0,0.0,1007.44,277137.86
36,2012-10-12,A,39910,71.28,3.576,222.0510793,6.228,False,32.28,0.0,0.0,0.0,1312.73,300236.85000000003
36,2012-10-19,A,39910,74.06,3.57,222.0951719,6.228,False,29.01,0.0,0.0,0.0,632.1,287360.05
36,2012-10-26,A,39910,74.39,3.494,222.1136566,6.228,False,463.05,1.74,0.0,0.0,795.76,272489.41
37,2010-02-05,C,39910,45.97,2.572,209.8529663,8.554,False,0.0,0.0,0.0,0.0,0.0,536006.73
37,2010-02-12,C,39910,46.11,2.548,209.9970208,8.554,True,0.0,0.0,0.0,0.0,0.0,529852.7
37,2010-02-19,C,39910,45.66,2.514,210.0451024,8.554,False,0.0,0.0,0.0,0.0,0.0,510382.5
37,2010-02-26,C,39910,50.87,2.561,210.0771885,8.554,False,0.0,0.0,0.0,0.0,0.0,513615.82
37,2010-03-05,C,39910,51.33,2.625,210.1092746,8.554,False,0.0,0.0,0.0,0.0,0.0,519255.68
37,2010-03-12,C,39910,61.96,2.667,210.1413607,8.554,False,0.0,0.0,0.0,0.0,0.0,513015.35
37,2010-03-19,C,39910,59.56,2.72,209.9803208,8.554,False,0.0,0.0,0.0,0.0,0.0,460020.74
37,2010-03-26,C,39910,55.76,2.732,209.7870932,8.554,False,0.0,0.0,0.0,0.0,0.0,515777.97
37,2010-04-02,C,39910,63.43,2.719,209.5938656,8.464,False,0.0,0.0,0.0,0.0,0.0,540189.7
37,2010-04-09,C,39910,68.54,2.77,209.400638,8.464,False,0.0,0.0,0.0,0.0,0.0,513327.55
37,2010-04-16,C,39910,66.74,2.808,209.2691428,8.464,False,0.0,0.0,0.0,0.0,0.0,524544.83
37,2010-04-23,C,39910,68.03,2.795,209.2199574,8.464,False,0.0,0.0,0.0,0.0,0.0,527019.78
37,2010-04-30,C,39910,70.9,2.78,209.170772,8.464,False,0.0,0.0,0.0,0.0,0.0,517850.82999999996
37,2010-05-07,C,39910,75.56,2.835,209.1215867,8.464,False,0.0,0.0,0.0,0.0,0.0,543234.77
37,2010-05-14,C,39910,77.53,2.854,209.118536,8.464,False,0.0,0.0,0.0,0.0,0.0,505196.08
37,2010-05-21,C,39910,77.34,2.826,209.3922937,8.464,False,0.0,0.0,0.0,0.0,0.0,510494.7
37,2010-05-28,C,39910,80.87,2.759,209.6660514,8.464,False,0.0,0.0,0.0,0.0,0.0,532241.22
37,2010-06-04,C,39910,79.93,2.705,209.9398091,8.464,False,0.0,0.0,0.0,0.0,0.0,479195.02
37,2010-06-11,C,39910,82.3,2.668,210.2135668,8.464,False,0.0,0.0,0.0,0.0,0.0,481915.11
37,2010-06-18,C,39910,84.37,2.637,210.2108417,8.464,False,0.0,0.0,0.0,0.0,0.0,505761.62
37,2010-06-25,C,39910,84.14,2.653,210.0975233,8.464,False,0.0,0.0,0.0,0.0,0.0,485419.39
37,2010-07-02,C,39910,81.85,2.669,209.984205,8.36,False,0.0,0.0,0.0,0.0,0.0,498292.52999999997
37,2010-07-09,C,39910,81.74,2.642,209.8708867,8.36,False,0.0,0.0,0.0,0.0,0.0,502456.04
37,2010-07-16,C,39910,84.43,2.623,209.8630532,8.36,False,0.0,0.0,0.0,0.0,0.0,485150.01
37,2010-07-23,C,39910,82.6,2.608,209.9958663,8.36,False,0.0,0.0,0.0,0.0,0.0,491998.12
37,2010-07-30,C,39910,81.88,2.64,210.1286794,8.36,False,0.0,0.0,0.0,0.0,0.0,487912.95
37,2010-08-06,C,39910,85.49,2.627,210.2614925,8.36,False,0.0,0.0,0.0,0.0,0.0,508576.62
37,2010-08-13,C,39910,86.06,2.692,210.3943056,8.36,False,0.0,0.0,0.0,0.0,0.0,491815.83
37,2010-08-20,C,39910,85.54,2.664,210.3617581,8.36,False,0.0,0.0,0.0,0.0,0.0,486930.72
37,2010-08-27,C,39910,84.62,2.619,210.3292106,8.36,False,0.0,0.0,0.0,0.0,0.0,512157.25
37,2010-09-03,C,39910,82.29,2.577,210.2966631,8.36,False,0.0,0.0,0.0,0.0,0.0,510427.53
37,2010-09-10,C,39910,80.58,2.565,210.2641156,8.36,True,0.0,0.0,0.0,0.0,0.0,510296.07
37,2010-09-17,C,39910,82.1,2.582,210.2924504,8.36,False,0.0,0.0,0.0,0.0,0.0,501251.39999999997
37,2010-09-24,C,39910,79.17,2.624,210.3664469,8.36,False,0.0,0.0,0.0,0.0,0.0,494265.48
37,2010-10-01,C,39910,74.66,2.603,210.4404433,8.476,False,0.0,0.0,0.0,0.0,0.0,529877.9299999999
37,2010-10-08,C,39910,66.34,2.633,210.5144398,8.476,False,0.0,0.0,0.0,0.0,0.0,524483.65
37,2010-10-15,C,39910,71.57,2.72,210.5805944,8.476,False,0.0,0.0,0.0,0.0,0.0,498925.86
37,2010-10-22,C,39910,72.24,2.725,210.6271444,8.476,False,0.0,0.0,0.0,0.0,0.0,510425.4
37,2010-10-29,C,39910,76.22,2.716,210.6736944,8.476,False,0.0,0.0,0.0,0.0,0.0,514485.9
37,2010-11-05,C,39910,62.72,2.689,210.7202444,8.476,False,0.0,0.0,0.0,0.0,0.0,539683.42
37,2010-11-12,C,39910,61.97,2.728,210.7667944,8.476,False,0.0,0.0,0.0,0.0,0.0,517546.69
37,2010-11-19,C,39910,56.73,2.771,210.65429,8.476,False,0.0,0.0,0.0,0.0,0.0,518124.16
37,2010-11-26,C,39910,67.73,2.735,210.5152765,8.476,True,0.0,0.0,0.0,0.0,0.0,518220.72
37,2010-12-03,C,39910,54.44,2.708,210.376263,8.476,False,0.0,0.0,0.0,0.0,0.0,508213.14
37,2010-12-10,C,39910,51.83,2.843,210.2372494,8.476,False,0.0,0.0,0.0,0.0,0.0,511207.51999999996
37,2010-12-17,C,39910,56.73,2.869,210.1787224,8.476,False,0.0,0.0,0.0,0.0,0.0,534285.21
37,2010-12-24,C,39910,59.1,2.886,210.1805602,8.476,False,0.0,0.0,0.0,0.0,0.0,576809.92
37,2010-12-31,C,39910,52.88,2.943,210.182398,8.476,True,0.0,0.0,0.0,0.0,0.0,460331.7
37,2011-01-07,C,39910,54.11,2.976,210.1842358,8.395,False,0.0,0.0,0.0,0.0,0.0,542464.02
37,2011-01-14,C,39910,42.87,2.983,210.2379731,8.395,False,0.0,0.0,0.0,0.0,0.0,525616.9
37,2011-01-21,C,39910,51.18,3.016,210.6031072,8.395,False,0.0,0.0,0.0,0.0,0.0,526486.82
37,2011-01-28,C,39910,48.74,3.01,210.9682412,8.395,False,0.0,0.0,0.0,0.0,0.0,513672.36
37,2011-02-04,C,39910,46.68,2.989,211.3333753,8.395,False,0.0,0.0,0.0,0.0,0.0,583835.1799999999
37,2011-02-11,C,39910,41.16,3.022,211.6985093,8.395,True,0.0,0.0,0.0,0.0,0.0,522514.32
37,2011-02-18,C,39910,57.48,3.045,212.0063522,8.395,False,0.0,0.0,0.0,0.0,0.0,536840.6900000001
37,2011-02-25,C,39910,67.73,3.065,212.2912786,8.395,False,0.0,0.0,0.0,0.0,0.0,514758.19
37,2011-03-04,C,39910,64.55,3.288,212.576205,8.395,False,0.0,0.0,0.0,0.0,0.0,527572.25
37,2011-03-11,C,39910,59.15,3.459,212.8611313,8.395,False,0.0,0.0,0.0,0.0,0.0,505610.39999999997
37,2011-03-18,C,39910,64.9,3.488,213.1096787,8.395,False,0.0,0.0,0.0,0.0,0.0,478503.06
37,2011-03-25,C,39910,71.07,3.473,213.3436744,8.395,False,0.0,0.0,0.0,0.0,0.0,522105.93
37,2011-04-01,C,39910,67.31,3.524,213.5776701,8.3,False,0.0,0.0,0.0,0.0,0.0,534578.78
37,2011-04-08,C,39910,69.39,3.622,213.8116658,8.3,False,0.0,0.0,0.0,0.0,0.0,543703.16
37,2011-04-15,C,39910,73.25,3.743,214.026217,8.3,False,0.0,0.0,0.0,0.0,0.0,543775.87
37,2011-04-22,C,39910,74.57,3.807,214.1921572,8.3,False,0.0,0.0,0.0,0.0,0.0,526434.37
37,2011-04-29,C,39910,76.1,3.81,214.3580974,8.3,False,0.0,0.0,0.0,0.0,0.0,502918.18
37,2011-05-06,C,39910,69.56,3.906,214.5240376,8.3,False,0.0,0.0,0.0,0.0,0.0,547513.3
37,2011-05-13,C,39910,76.73,3.899,214.6899778,8.3,False,0.0,0.0,0.0,0.0,0.0,511871.63
37,2011-05-20,C,39910,73.02,3.907,214.465412,8.3,False,0.0,0.0,0.0,0.0,0.0,533564.42
37,2011-05-27,C,39910,81.28,3.786,214.2408462,8.3,False,0.0,0.0,0.0,0.0,0.0,507086.75
37,2011-06-03,C,39910,82.96,3.699,214.0162805,8.3,False,0.0,0.0,0.0,0.0,0.0,500381.23
37,2011-06-10,C,39910,82.41,3.648,213.7917147,8.3,False,0.0,0.0,0.0,0.0,0.0,509647.25
37,2011-06-17,C,39910,84.43,3.637,213.7481256,8.3,False,0.0,0.0,0.0,0.0,0.0,525132.36
37,2011-06-24,C,39910,83.95,3.594,213.8402689,8.3,False,0.0,0.0,0.0,0.0,0.0,509276.22
37,2011-07-01,C,39910,85.33,3.524,213.9324122,8.177,False,0.0,0.0,0.0,0.0,0.0,517021.3
37,2011-07-08,C,39910,84.71,3.48,214.0245556,8.177,False,0.0,0.0,0.0,0.0,0.0,489059.93
37,2011-07-15,C,39910,85.63,3.575,214.1083654,8.177,False,0.0,0.0,0.0,0.0,0.0,498749.62
37,2011-07-22,C,39910,83.31,3.651,214.1713416,8.177,False,0.0,0.0,0.0,0.0,0.0,505543.53
37,2011-07-29,C,39910,84.99,3.682,214.2343177,8.177,False,0.0,0.0,0.0,0.0,0.0,504974.95
37,2011-08-05,C,39910,86.71,3.684,214.2972939,8.177,False,0.0,0.0,0.0,0.0,0.0,510787.46
37,2011-08-12,C,39910,87.64,3.638,214.3602701,8.177,False,0.0,0.0,0.0,0.0,0.0,502504.39
37,2011-08-19,C,39910,87.24,3.554,214.4239935,8.177,False,0.0,0.0,0.0,0.0,0.0,506897.98
37,2011-08-26,C,39910,86.02,3.523,214.4878416,8.177,False,0.0,0.0,0.0,0.0,0.0,527947.21
37,2011-09-02,C,39910,87.5,3.533,214.5516896,8.177,False,0.0,0.0,0.0,0.0,0.0,530367.8300000001
37,2011-09-09,C,39910,77.94,3.546,214.6155376,8.177,True,0.0,0.0,0.0,0.0,0.0,506273.74
37,2011-09-16,C,39910,82.06,3.526,214.7934111,8.177,False,0.0,0.0,0.0,0.0,0.0,513341.94
37,2011-09-23,C,39910,78.35,3.467,215.1233185,8.177,False,0.0,0.0,0.0,0.0,0.0,516556.94
37,2011-09-30,C,39910,81.52,3.355,215.4532259,8.177,False,0.0,0.0,0.0,0.0,0.0,516402.10000000003
37,2011-10-07,C,39910,71.2,3.285,215.7831333,7.716,False,0.0,0.0,0.0,0.0,0.0,522816.85
37,2011-10-14,C,39910,74.16,3.274,216.0885258,7.716,False,0.0,0.0,0.0,0.0,0.0,513636.01
37,2011-10-21,C,39910,67.89,3.353,216.2468287,7.716,False,0.0,0.0,0.0,0.0,0.0,522784.33
37,2011-10-28,C,39910,71.31,3.372,216.4051315,7.716,False,0.0,0.0,0.0,0.0,0.0,517355.44
37,2011-11-04,C,39910,58.97,3.332,216.5634344,7.716,False,0.0,0.0,0.0,0.0,0.0,555925.6
37,2011-11-11,C,39910,63.5,3.297,216.7217373,7.716,False,8.62,56.53,117.92,0.0,796.28,501268.78
37,2011-11-18,C,39910,66.28,3.308,216.9395861,7.716,False,32.17,5.51,0.0,0.0,1502.49,527495.09
37,2011-11-25,C,39910,66.41,3.236,217.1812533,7.716,True,2.8,0.0,0.0,0.0,308.82,522554.04
37,2011-12-02,C,39910,53.57,3.172,217.4229206,7.716,False,1.5,0.0,6.03,0.0,1180.32,527117.81
37,2011-12-09,C,39910,50.64,3.158,217.6645878,7.716,False,0.0,0.0,16.62,0.0,1319.82,537224.52
37,2011-12-16,C,39910,58.31,3.159,217.8781339,7.716,False,13.38,0.0,9.18,0.0,868.78,533905.67
37,2011-12-23,C,39910,55.41,3.112,218.0541851,7.716,False,158.11,0.0,7.5,0.0,1316.88,605791.46
37,2011-12-30,C,39910,48.26,3.129,218.2302364,7.716,True,373.92,1057.77,1.5,10.08,741.34,451327.61
37,2012-01-06,C,39910,57.18,3.157,218.4062876,7.244,False,250.83,1348.24,48.05,0.0,1151.33,558343.57
37,2012-01-13,C,39910,56.28,3.261,218.5823389,7.244,False,1534.85,581.46,31.07,0.0,820.26,546221.4
37,2012-01-20,C,39910,58.9,3.268,218.6755292,7.244,False,366.42,313.91,27.94,0.0,344.84,543894.07
37,2012-01-27,C,39910,62.73,3.29,218.7687195,7.244,False,186.28,27.75,33.0,0.0,323.83,514116.58
37,2012-02-03,C,39910,61.33,3.36,218.8619099,7.244,False,1416.62,11.62,93.34,132.22,1757.37,555424.24
37,2012-02-10,C,39910,54.49,3.409,218.9551002,7.244,True,264.34,3.0,40.01,0.0,2147.95,527041.46
37,2012-02-17,C,39910,54.38,3.51,219.1148297,7.244,False,1173.99,593.1,2.86,0.0,1372.2,541071.29
37,2012-02-24,C,39910,62.21,3.555,219.3244636,7.244,False,141.18,282.22,0.0,0.0,739.65,518696.89
37,2012-03-02,C,39910,64.54,3.63,219.5340975,7.244,False,892.47,18.92,2.9,0.0,3369.86,525559.17
37,2012-03-09,C,39910,63.19,3.669,219.7437314,7.244,False,1024.83,2.0,10.7,0.0,2304.93,535937.25
37,2012-03-16,C,39910,67.48,3.734,219.8956335,7.244,False,109.13,4.5,2.38,0.0,563.61,484588.34
37,2012-03-23,C,39910,69.18,3.787,219.9705599,7.244,False,460.73,0.0,0.68,0.0,1560.28,520887.23
37,2012-03-30,C,39910,70.48,3.845,220.0454862,7.244,False,41.95,0.5,0.0,0.0,619.87,533734.9400000001
37,2012-04-06,C,39910,73.95,3.891,220.1204125,6.989,False,16.33,0.0,24.05,0.0,2119.5,564848.78
37,2012-04-13,C,39910,72.54,3.891,220.1953389,6.989,False,303.63,621.72,1.9,0.0,2429.1,506973.17
37,2012-04-20,C,39910,70.87,3.877,220.2483937,6.989,False,125.0,32.57,6.3,0.0,3201.88,523483.19
37,2012-04-27,C,39910,70.06,3.814,220.3014485,6.989,False,259.23,0.0,7.58,0.0,861.14,528807.45
37,2012-05-04,C,39910,77.17,3.749,220.3545033,6.989,False,276.27,0.0,14.9,0.0,671.64,535311.64
37,2012-05-11,C,39910,76.55,3.688,220.4075581,6.989,False,333.98,0.0,0.7,0.0,1500.11,527983.04
37,2012-05-18,C,39910,73.7,3.63,220.4252149,6.989,False,391.4,0.0,0.0,0.0,1697.98,534847.96
37,2012-05-25,C,39910,78.94,3.561,220.4287124,6.989,False,0.0,0.0,0.0,0.0,706.18,540625.79
37,2012-06-01,C,39910,80.74,3.501,220.4322099,6.989,False,57.81,0.0,0.0,0.0,1268.73,531811.85
37,2012-06-08,C,39910,81.5,3.452,220.4357073,6.989,False,349.22,0.0,14.4,0.0,769.34,528940.78
37,2012-06-15,C,39910,82.15,3.393,220.4494148,6.989,False,255.38,0.0,4.51,0.0,3027.4,508573.16000000003
37,2012-06-22,C,39910,80.4,3.346,220.4886472,6.989,False,277.33,0.0,0.0,0.0,1269.26,484032.75
37,2012-06-29,C,39910,86.68,3.286,220.5278796,6.989,False,165.32,0.0,0.0,0.0,1989.84,508309.81
37,2012-07-06,C,39910,81.52,3.227,220.567112,6.623,False,259.87,0.0,9.27,0.0,1155.93,519498.32
37,2012-07-13,C,39910,78.15,3.256,220.6063444,6.623,False,170.2,0.0,1.23,0.0,1270.54,506005.47000000003
37,2012-07-20,C,39910,81.76,3.311,220.6148749,6.623,False,67.7,0.0,3.97,0.0,1634.33,503744.56
37,2012-07-27,C,39910,84.0,3.407,220.6234054,6.623,False,22.21,0.0,0.93,0.0,705.33,514489.17
37,2012-08-03,C,39910,85.56,3.417,220.6319358,6.623,False,0.0,0.0,17.58,0.0,683.58,521959.28
37,2012-08-10,C,39910,84.41,3.494,220.6404663,6.623,False,509.88,0.0,23.22,25.74,3183.91,500964.59
37,2012-08-17,C,39910,85.89,3.571,220.7199609,6.623,False,170.08,0.0,13.16,0.0,792.21,509633.71
37,2012-08-24,C,39910,81.26,3.62,220.8526787,6.623,False,247.17,0.0,23.9,0.0,2285.83,522665.04
37,2012-08-31,C,39910,84.79,3.638,220.9853964,6.623,False,0.0,0.0,12.12,0.0,540.98,538344.1
37,2012-09-07,C,39910,84.19,3.73,221.1181142,6.623,True,319.93,0.0,251.31,354.73,2145.98,526838.14
37,2012-09-14,C,39910,78.16,3.717,221.2601207,6.623,False,740.77,0.0,32.02,123.04,1617.03,514651.74
37,2012-09-21,C,39910,75.98,3.721,221.4578604,6.623,False,241.47,0.0,0.0,0.0,2143.91,521320.98
37,2012-09-28,C,39910,79.49,3.666,221.6556,6.623,False,59.61,0.0,0.0,0.0,722.92,527953.14
37,2012-10-05,C,39910,73.57,3.617,221.8533396,6.228,False,126.94,0.0,2.02,0.0,1451.99,546122.37
37,2012-10-12,C,39910,71.28,3.601,222.0510793,6.228,False,32.97,0.0,4.92,0.0,2083.7,521810.75
37,2012-10-19,C,39910,74.06,3.594,222.0951719,6.228,False,121.25,0.0,6.6,0.0,888.9,551969.1
37,2012-10-26,C,39910,74.39,3.506,222.1136566,6.228,False,19.54,5.22,1.55,0.0,1891.77,534738.43
38,2010-02-05,C,39690,49.47,2.962,126.4420645,13.975,False,0.0,0.0,0.0,0.0,0.0,358496.14
38,2010-02-12,C,39690,47.87,2.946,126.4962581,13.975,True,0.0,0.0,0.0,0.0,0.0,342214.9
38,2010-02-19,C,39690,54.83,2.915,126.5262857,13.975,False,0.0,0.0,0.0,0.0,0.0,327237.92
38,2010-02-26,C,39690,50.23,2.825,126.5522857,13.975,False,0.0,0.0,0.0,0.0,0.0,334222.73
38,2010-03-05,C,39690,53.77,2.987,126.5782857,13.975,False,0.0,0.0,0.0,0.0,0.0,372239.89
38,2010-03-12,C,39690,50.11,2.925,126.6042857,13.975,False,0.0,0.0,0.0,0.0,0.0,342023.92
38,2010-03-19,C,39690,59.57,3.054,126.6066452,13.975,False,0.0,0.0,0.0,0.0,0.0,333025.47
38,2010-03-26,C,39690,60.06,3.083,126.6050645,13.975,False,0.0,0.0,0.0,0.0,0.0,335858.11
38,2010-04-02,C,39690,59.84,3.086,126.6034839,14.099,False,0.0,0.0,0.0,0.0,0.0,368929.55
38,2010-04-09,C,39690,59.25,3.09,126.6019032,14.099,False,0.0,0.0,0.0,0.0,0.0,341630.46
38,2010-04-16,C,39690,64.95,3.109,126.5621,14.099,False,0.0,0.0,0.0,0.0,0.0,337723.49
38,2010-04-23,C,39690,64.55,3.05,126.4713333,14.099,False,0.0,0.0,0.0,0.0,0.0,335121.82
38,2010-04-30,C,39690,67.38,3.105,126.3805667,14.099,False,0.0,0.0,0.0,0.0,0.0,337979.65
38,2010-05-07,C,39690,70.15,3.127,126.2898,14.099,False,0.0,0.0,0.0,0.0,0.0,383657.44
38,2010-05-14,C,39690,68.44,3.145,126.2085484,14.099,False,0.0,0.0,0.0,0.0,0.0,346174.3
38,2010-05-21,C,39690,76.2,3.12,126.1843871,14.099,False,0.0,0.0,0.0,0.0,0.0,340497.08
38,2010-05-28,C,39690,67.84,3.058,126.1602258,14.099,False,0.0,0.0,0.0,0.0,0.0,326469.43
38,2010-06-04,C,39690,81.39,2.941,126.1360645,14.099,False,0.0,0.0,0.0,0.0,0.0,376184.88
38,2010-06-11,C,39690,90.84,2.949,126.1119032,14.099,False,0.0,0.0,0.0,0.0,0.0,354828.65
38,2010-06-18,C,39690,81.06,3.043,126.114,14.099,False,0.0,0.0,0.0,0.0,0.0,335691.85000000003
38,2010-06-25,C,39690,87.27,3.084,126.1266,14.099,False,0.0,0.0,0.0,0.0,0.0,322046.76
38,2010-07-02,C,39690,91.98,3.105,126.1392,14.18,False,0.0,0.0,0.0,0.0,0.0,361181.48
38,2010-07-09,C,39690,90.37,3.1,126.1518,14.18,False,0.0,0.0,0.0,0.0,0.0,343850.34
38,2010-07-16,C,39690,97.18,3.094,126.1498065,14.18,False,0.0,0.0,0.0,0.0,0.0,338277.71
38,2010-07-23,C,39690,99.22,3.112,126.1283548,14.18,False,0.0,0.0,0.0,0.0,0.0,328336.85
38,2010-07-30,C,39690,96.31,3.017,126.1069032,14.18,False,0.0,0.0,0.0,0.0,0.0,336378.38
38,2010-08-06,C,39690,92.95,3.123,126.0854516,14.18,False,0.0,0.0,0.0,0.0,0.0,378574.44
38,2010-08-13,C,39690,87.01,3.159,126.064,14.18,False,0.0,0.0,0.0,0.0,0.0,341400.72000000003
38,2010-08-20,C,39690,92.81,3.041,126.0766452,14.18,False,0.0,0.0,0.0,0.0,0.0,329139.73
38,2010-08-27,C,39690,93.19,3.129,126.0892903,14.18,False,0.0,0.0,0.0,0.0,0.0,322868.56
38,2010-09-03,C,39690,83.12,3.087,126.1019355,14.18,False,0.0,0.0,0.0,0.0,0.0,377096.55
38,2010-09-10,C,39690,83.63,3.044,126.1145806,14.18,True,0.0,0.0,0.0,0.0,0.0,336227.69
38,2010-09-17,C,39690,82.45,3.028,126.1454667,14.18,False,0.0,0.0,0.0,0.0,0.0,336253.19
38,2010-09-24,C,39690,81.77,2.939,126.1900333,14.18,False,0.0,0.0,0.0,0.0,0.0,330604.89999999997
38,2010-10-01,C,39690,85.2,3.001,126.2346,14.313,False,0.0,0.0,0.0,0.0,0.0,360256.58
38,2010-10-08,C,39690,71.82,3.013,126.2791667,14.313,False,0.0,0.0,0.0,0.0,0.0,351271.36
38,2010-10-15,C,39690,75.0,2.976,126.3266774,14.313,False,0.0,0.0,0.0,0.0,0.0,337743.26
38,2010-10-22,C,39690,68.85,3.014,126.3815484,14.313,False,0.0,0.0,0.0,0.0,0.0,339042.18
38,2010-10-29,C,39690,61.09,3.016,126.4364194,14.313,False,0.0,0.0,0.0,0.0,0.0,341219.63
38,2010-11-05,C,39690,65.49,3.129,126.4912903,14.313,False,0.0,0.0,0.0,0.0,0.0,380870.09
38,2010-11-12,C,39690,57.79,3.13,126.5461613,14.313,False,0.0,0.0,0.0,0.0,0.0,340147.2
38,2010-11-19,C,39690,58.18,3.161,126.6072,14.313,False,0.0,0.0,0.0,0.0,0.0,348593.99
38,2010-11-26,C,39690,47.66,3.162,126.6692667,14.313,True,0.0,0.0,0.0,0.0,0.0,360857.98
38,2010-12-03,C,39690,43.33,3.041,126.7313333,14.313,False,0.0,0.0,0.0,0.0,0.0,351925.36
38,2010-12-10,C,39690,50.01,3.203,126.7934,14.313,False,0.0,0.0,0.0,0.0,0.0,355965.23
38,2010-12-17,C,39690,52.77,3.236,126.8794839,14.313,False,0.0,0.0,0.0,0.0,0.0,334441.15
38,2010-12-24,C,39690,52.02,3.236,126.9835806,14.313,False,0.0,0.0,0.0,0.0,0.0,369106.72
38,2010-12-31,C,39690,45.64,3.148,127.0876774,14.313,True,0.0,0.0,0.0,0.0,0.0,303908.81
38,2011-01-07,C,39690,37.64,3.287,127.1917742,14.021,False,0.0,0.0,0.0,0.0,0.0,386344.54
38,2011-01-14,C,39690,43.15,3.312,127.3009355,14.021,False,0.0,0.0,0.0,0.0,0.0,356138.79
38,2011-01-21,C,39690,53.53,3.223,127.4404839,14.021,False,0.0,0.0,0.0,0.0,0.0,341098.08
38,2011-01-28,C,39690,50.74,3.342,127.5800323,14.021,False,0.0,0.0,0.0,0.0,0.0,357557.16
38,2011-02-04,C,39690,45.14,3.348,127.7195806,14.021,False,0.0,0.0,0.0,0.0,0.0,402341.76
38,2011-02-11,C,39690,51.3,3.381,127.859129,14.021,True,0.0,0.0,0.0,0.0,0.0,377672.46
38,2011-02-18,C,39690,53.35,3.43,127.99525,14.021,False,0.0,0.0,0.0,0.0,0.0,364606.7
38,2011-02-25,C,39690,48.45,3.53,128.13,14.021,False,0.0,0.0,0.0,0.0,0.0,354232.34
38,2011-03-04,C,39690,51.72,3.674,128.26475,14.021,False,0.0,0.0,0.0,0.0,0.0,405429.43
38,2011-03-11,C,39690,57.75,3.818,128.3995,14.021,False,0.0,0.0,0.0,0.0,0.0,357897.18
38,2011-03-18,C,39690,64.21,3.692,128.5121935,14.021,False,0.0,0.0,0.0,0.0,0.0,349459.95
38,2011-03-25,C,39690,54.4,3.909,128.6160645,14.021,False,0.0,0.0,0.0,0.0,0.0,351541.62
38,2011-04-01,C,39690,63.63,3.772,128.7199355,13.736,False,0.0,0.0,0.0,0.0,0.0,382098.13
38,2011-04-08,C,39690,64.47,4.003,128.8238065,13.736,False,0.0,0.0,0.0,0.0,0.0,392152.3
38,2011-04-15,C,39690,57.63,3.868,128.9107333,13.736,False,0.0,0.0,0.0,0.0,0.0,362758.94
38,2011-04-22,C,39690,72.12,4.134,128.9553,13.736,False,0.0,0.0,0.0,0.0,0.0,362952.34
38,2011-04-29,C,39690,68.27,4.151,128.9998667,13.736,False,0.0,0.0,0.0,0.0,0.0,344225.99
38,2011-05-06,C,39690,68.4,4.193,129.0444333,13.736,False,0.0,0.0,0.0,0.0,0.0,422186.65
38,2011-05-13,C,39690,70.93,4.202,129.089,13.736,False,0.0,0.0,0.0,0.0,0.0,366977.79
38,2011-05-20,C,39690,66.59,4.169,129.0756774,13.736,False,0.0,0.0,0.0,0.0,0.0,365730.76
38,2011-05-27,C,39690,76.67,4.087,129.0623548,13.736,False,0.0,0.0,0.0,0.0,0.0,356886.1
38,2011-06-03,C,39690,71.81,4.031,129.0490323,13.736,False,0.0,0.0,0.0,0.0,0.0,396826.06
38,2011-06-10,C,39690,78.72,3.981,129.0357097,13.736,False,0.0,0.0,0.0,0.0,0.0,381763.02
38,2011-06-17,C,39690,86.84,3.935,129.0432,13.736,False,0.0,0.0,0.0,0.0,0.0,356797.0
38,2011-06-24,C,39690,88.95,3.898,129.0663,13.736,False,0.0,0.0,0.0,0.0,0.0,354078.95
38,2011-07-01,C,39690,89.85,3.842,129.0894,13.503,False,0.0,0.0,0.0,0.0,0.0,387334.04
38,2011-07-08,C,39690,89.9,3.705,129.1125,13.503,False,0.0,0.0,0.0,0.0,0.0,399699.17
38,2011-07-15,C,39690,88.1,3.692,129.1338387,13.503,False,0.0,0.0,0.0,0.0,0.0,367181.71
38,2011-07-22,C,39690,91.17,3.794,129.1507742,13.503,False,0.0,0.0,0.0,0.0,0.0,365562.67
38,2011-07-29,C,39690,93.29,3.805,129.1677097,13.503,False,0.0,0.0,0.0,0.0,0.0,355131.33
38,2011-08-05,C,39690,90.61,3.803,129.1846452,13.503,False,0.0,0.0,0.0,0.0,0.0,437631.44
38,2011-08-12,C,39690,91.04,3.701,129.2015806,13.503,False,0.0,0.0,0.0,0.0,0.0,387844.05
38,2011-08-19,C,39690,91.74,3.743,129.2405806,13.503,False,0.0,0.0,0.0,0.0,0.0,362224.7
38,2011-08-26,C,39690,94.61,3.74,129.2832581,13.503,False,0.0,0.0,0.0,0.0,0.0,365672.55
38,2011-09-02,C,39690,93.66,3.798,129.3259355,13.503,False,0.0,0.0,0.0,0.0,0.0,416953.51
38,2011-09-09,C,39690,88.0,3.913,129.3686129,13.503,True,0.0,0.0,0.0,0.0,0.0,397771.68
38,2011-09-16,C,39690,76.36,3.918,129.4306,13.503,False,0.0,0.0,0.0,0.0,0.0,408188.88
38,2011-09-23,C,39690,82.95,3.789,129.5183333,13.503,False,0.0,0.0,0.0,0.0,0.0,394665.28
38,2011-09-30,C,39690,83.26,3.877,129.6060667,13.503,False,0.0,0.0,0.0,0.0,0.0,366819.83999999997
38,2011-10-07,C,39690,70.44,3.827,129.6938,12.89,False,0.0,0.0,0.0,0.0,0.0,449516.29
38,2011-10-14,C,39690,67.31,3.805,129.7706452,12.89,False,0.0,0.0,0.0,0.0,0.0,400430.78
38,2011-10-21,C,39690,73.05,3.842,129.7821613,12.89,False,0.0,0.0,0.0,0.0,0.0,402709.17000000004
38,2011-10-28,C,39690,67.41,3.727,129.7936774,12.89,False,0.0,0.0,0.0,0.0,0.0,378539.17
38,2011-11-04,C,39690,59.77,3.828,129.8051935,12.89,False,0.0,0.0,0.0,0.0,0.0,436970.1
38,2011-11-11,C,39690,48.76,3.824,129.8167097,12.89,False,149.19,691.41,6.05,0.0,1571.53,411116.95
38,2011-11-18,C,39690,54.2,3.813,129.8268333,12.89,False,27.61,8.22,1.32,0.0,2034.39,392003.13
38,2011-11-25,C,39690,53.25,3.622,129.8364,12.89,True,17.17,0.0,5.26,0.0,615.68,393715.71
38,2011-12-02,C,39690,52.5,3.701,129.8459667,12.89,False,22.15,0.0,2.35,0.0,1889.95,411252.02
38,2011-12-09,C,39690,42.17,3.644,129.8555333,12.89,False,61.05,0.0,2.44,0.0,1589.34,435401.64
38,2011-12-16,C,39690,43.29,3.6,129.8980645,12.89,False,152.89,0.0,0.0,2.28,766.96,404283.83999999997
38,2011-12-23,C,39690,45.4,3.541,129.9845484,12.89,False,59.23,0.0,0.6,0.0,1588.1,419717.41
38,2011-12-30,C,39690,44.64,3.428,130.0710323,12.89,True,353.07,1926.94,0.0,25.2,770.38,342667.35
38,2012-01-06,C,39690,50.43,3.599,130.1575161,12.187,False,9.61,2765.45,56.96,0.0,560.58,478483.2
38,2012-01-13,C,39690,48.07,3.657,130.244,12.187,False,1129.45,125.33,31.85,0.0,1101.74,423260.82
38,2012-01-20,C,39690,46.2,3.66,130.2792258,12.187,False,465.73,17.03,28.02,0.0,1397.31,405215.91
38,2012-01-27,C,39690,50.43,3.675,130.3144516,12.187,False,24.1,4.47,29.12,0.0,2271.88,412882.31
38,2012-02-03,C,39690,50.58,3.702,130.3496774,12.187,False,2428.47,6.57,52.66,161.71,2606.06,457711.68
38,2012-02-10,C,39690,52.27,3.722,130.3849032,12.187,True,518.25,11.21,37.01,3.97,1200.97,469787.38
38,2012-02-17,C,39690,51.8,3.781,130.4546207,12.187,False,647.57,580.69,5.72,2.0,2761.19,415513.97000000003
38,2012-02-24,C,39690,53.13,3.95,130.5502069,12.187,False,102.49,328.86,0.0,2.86,2435.31,409411.61
38,2012-03-02,C,39690,52.27,4.178,130.6457931,12.187,False,1895.3,5.9,3.93,68.88,3186.15,471115.38
38,2012-03-09,C,39690,54.54,4.25,130.7413793,12.187,False,425.97,1.8,0.0,25.6,1751.92,452792.52999999997
38,2012-03-16,C,39690,64.44,4.273,130.8261935,12.187,False,480.19,0.5,1.02,0.0,1158.07,428465.11
38,2012-03-23,C,39690,56.26,4.038,130.8966452,12.187,False,301.53,0.0,2.04,0.0,1599.86,412456.48
38,2012-03-30,C,39690,64.36,4.294,130.9670968,12.187,False,212.26,0.5,0.0,28.77,1121.52,408679.36
38,2012-04-06,C,39690,64.05,4.121,131.0375484,11.627,False,24.75,0.0,10.47,0.0,1495.97,499267.66000000003
38,2012-04-13,C,39690,64.28,4.254,131.108,11.627,False,59.68,696.42,12.37,17.82,1410.31,435790.74
38,2012-04-20,C,39690,66.73,4.222,131.1173333,11.627,False,1307.69,5.67,5.6,140.87,1255.59,401615.8
38,2012-04-27,C,39690,77.99,4.193,131.1266667,11.627,False,439.84,0.0,2.83,0.0,1244.18,419964.77
38,2012-05-04,C,39690,76.03,4.171,131.136,11.627,False,84.67,0.0,13.06,0.0,2346.63,491755.69
38,2012-05-11,C,39690,77.27,4.186,131.1453333,11.627,False,930.96,0.0,3.2,0.0,2105.16,429914.6
38,2012-05-18,C,39690,84.51,4.11,131.0983226,11.627,False,219.38,0.0,0.0,0.0,1472.86,412314.71
38,2012-05-25,C,39690,83.84,4.293,131.0287742,11.627,False,452.9,0.0,0.5,0.0,1668.88,422810.12
38,2012-06-01,C,39690,78.11,4.277,130.9592258,11.627,False,65.36,0.0,0.6,0.0,886.6,435579.7
38,2012-06-08,C,39690,84.83,4.103,130.8896774,11.627,False,491.31,0.0,11.8,0.0,1999.19,448110.25
38,2012-06-15,C,39690,85.94,4.144,130.8295333,11.627,False,635.42,0.0,0.13,0.0,1800.18,430222.07
38,2012-06-22,C,39690,91.61,4.014,130.7929,11.627,False,576.0,0.0,0.0,0.0,2241.95,405938.35
38,2012-06-29,C,39690,90.47,3.875,130.7562667,11.627,False,350.56,0.0,0.0,26.87,1447.29,404634.36
38,2012-07-06,C,39690,89.13,3.765,130.7196333,10.926,False,404.49,0.0,4.05,0.0,1132.08,471086.22
38,2012-07-13,C,39690,95.61,3.723,130.683,10.926,False,609.49,0.0,2.05,0.0,752.29,416036.75
38,2012-07-20,C,39690,85.53,3.726,130.7012903,10.926,False,75.04,0.0,0.19,0.0,1281.95,441683.74
38,2012-07-27,C,39690,93.47,3.769,130.7195806,10.926,False,0.27,0.0,0.0,0.0,1622.77,407186.47000000003
38,2012-08-03,C,39690,88.16,3.76,130.737871,10.926,False,525.42,0.0,16.93,49.05,1689.86,469311.17
38,2012-08-10,C,39690,95.91,3.811,130.7561613,10.926,False,193.46,0.0,4.78,45.18,1781.51,436690.13
38,2012-08-17,C,39690,94.87,4.002,130.7909677,10.926,False,244.09,0.0,5.14,11.22,2519.9,411866.45999999996
38,2012-08-24,C,39690,85.32,4.055,130.8381613,10.926,False,301.06,0.0,40.0,0.78,1424.7,397428.22
38,2012-08-31,C,39690,89.78,4.093,130.8853548,10.926,False,489.03,0.0,28.64,334.12,1760.26,424904.95
38,2012-09-07,C,39690,88.52,4.124,130.9325484,10.926,True,524.4,0.0,147.32,5.88,2457.97,490274.82
38,2012-09-14,C,39690,83.64,4.133,130.9776667,10.926,False,1047.05,0.0,15.47,0.0,2276.08,430944.39
38,2012-09-21,C,39690,82.97,4.125,131.0103333,10.926,False,192.78,0.0,0.0,1.5,2251.8,409600.98
38,2012-09-28,C,39690,81.22,3.966,131.043,10.926,False,201.62,0.0,0.0,29.21,802.5,398468.08
38,2012-10-05,C,39690,81.61,3.966,131.0756667,10.199,False,266.02,0.0,6.0,0.0,1830.67,458479.01
38,2012-10-12,C,39690,71.74,4.468,131.1083333,10.199,False,202.43,0.0,8.66,0.22,700.92,437320.66
38,2012-10-19,C,39690,68.66,4.449,131.1499677,10.199,False,314.73,0.0,9.24,0.0,388.28,428806.46
38,2012-10-26,C,39690,65.95,4.301,131.1930968,10.199,False,148.32,6.73,3.05,0.0,344.78,417290.38
39,2010-02-05,A,184109,44.3,2.572,209.8529663,8.554,False,0.0,0.0,0.0,0.0,0.0,1230596.8
39,2010-02-12,A,184109,44.58,2.548,209.9970208,8.554,True,0.0,0.0,0.0,0.0,0.0,1266229.07
39,2010-02-19,A,184109,43.96,2.514,210.0451024,8.554,False,0.0,0.0,0.0,0.0,0.0,1230591.97
39,2010-02-26,A,184109,49.79,2.561,210.0771885,8.554,False,0.0,0.0,0.0,0.0,0.0,1168582.02
39,2010-03-05,A,184109,50.93,2.625,210.1092746,8.554,False,0.0,0.0,0.0,0.0,0.0,1266254.21
39,2010-03-12,A,184109,61.88,2.667,210.1413607,8.554,False,0.0,0.0,0.0,0.0,0.0,1244391.83
39,2010-03-19,A,184109,58.62,2.72,209.9803208,8.554,False,0.0,0.0,0.0,0.0,0.0,1301590.1300000001
39,2010-03-26,A,184109,54.83,2.732,209.7870932,8.554,False,0.0,0.0,0.0,0.0,0.0,1235094.66
39,2010-04-02,A,184109,63.31,2.719,209.5938656,8.464,False,0.0,0.0,0.0,0.0,0.0,1463942.62
39,2010-04-09,A,184109,68.15,2.77,209.400638,8.464,False,0.0,0.0,0.0,0.0,0.0,1327035.27
39,2010-04-16,A,184109,66.33,2.808,209.2691428,8.464,False,0.0,0.0,0.0,0.0,0.0,1242874.98
39,2010-04-23,A,184109,67.64,2.795,209.2199574,8.464,False,0.0,0.0,0.0,0.0,0.0,1280231.85
39,2010-04-30,A,184109,70.03,2.78,209.170772,8.464,False,0.0,0.0,0.0,0.0,0.0,1263836.59
39,2010-05-07,A,184109,74.86,2.835,209.1215867,8.464,False,0.0,0.0,0.0,0.0,0.0,1355704.21
39,2010-05-14,A,184109,77.49,2.854,209.118536,8.464,False,0.0,0.0,0.0,0.0,0.0,1226997.7
39,2010-05-21,A,184109,76.67,2.826,209.3922937,8.464,False,0.0,0.0,0.0,0.0,0.0,1350673.98
39,2010-05-28,A,184109,80.22,2.759,209.6660514,8.464,False,0.0,0.0,0.0,0.0,0.0,1365541.59
39,2010-06-04,A,184109,79.83,2.705,209.9398091,8.464,False,0.0,0.0,0.0,0.0,0.0,1512207.95
39,2010-06-11,A,184109,81.78,2.668,210.2135668,8.464,False,0.0,0.0,0.0,0.0,0.0,1371405.33
39,2010-06-18,A,184109,83.96,2.637,210.2108417,8.464,False,0.0,0.0,0.0,0.0,0.0,1368312.45
39,2010-06-25,A,184109,83.24,2.653,210.0975233,8.464,False,0.0,0.0,0.0,0.0,0.0,1280414.8
39,2010-07-02,A,184109,81.35,2.669,209.984205,8.36,False,0.0,0.0,0.0,0.0,0.0,1352547.7
39,2010-07-09,A,184109,81.1,2.642,209.8708867,8.36,False,0.0,0.0,0.0,0.0,0.0,1330473.47
39,2010-07-16,A,184109,83.86,2.623,209.8630532,8.36,False,0.0,0.0,0.0,0.0,0.0,1339811.68
39,2010-07-23,A,184109,82.2,2.608,209.9958663,8.36,False,0.0,0.0,0.0,0.0,0.0,1314651.83
39,2010-07-30,A,184109,80.99,2.64,210.1286794,8.36,False,0.0,0.0,0.0,0.0,0.0,1308222.24
39,2010-08-06,A,184109,84.92,2.627,210.2614925,8.36,False,0.0,0.0,0.0,0.0,0.0,1409989.67
39,2010-08-13,A,184109,85.66,2.692,210.3943056,8.36,False,0.0,0.0,0.0,0.0,0.0,1371465.66
39,2010-08-20,A,184109,85.73,2.664,210.3617581,8.36,False,0.0,0.0,0.0,0.0,0.0,1471816.52
39,2010-08-27,A,184109,84.31,2.619,210.3292106,8.36,False,0.0,0.0,0.0,0.0,0.0,1417515.93
39,2010-09-03,A,184109,82.13,2.577,210.2966631,8.36,False,0.0,0.0,0.0,0.0,0.0,1345167.61
39,2010-09-10,A,184109,79.94,2.565,210.2641156,8.36,True,0.0,0.0,0.0,0.0,0.0,1279666.47
39,2010-09-17,A,184109,81.83,2.582,210.2924504,8.36,False,0.0,0.0,0.0,0.0,0.0,1252915.43
39,2010-09-24,A,184109,78.5,2.624,210.3664469,8.36,False,0.0,0.0,0.0,0.0,0.0,1199449.54
39,2010-10-01,A,184109,72.74,2.603,210.4404433,8.476,False,0.0,0.0,0.0,0.0,0.0,1219583.91
39,2010-10-08,A,184109,64.8,2.633,210.5144398,8.476,False,0.0,0.0,0.0,0.0,0.0,1286598.59
39,2010-10-15,A,184109,69.96,2.72,210.5805944,8.476,False,0.0,0.0,0.0,0.0,0.0,1238742.0
39,2010-10-22,A,184109,71.73,2.725,210.6271444,8.476,False,0.0,0.0,0.0,0.0,0.0,1261109.01
39,2010-10-29,A,184109,75.14,2.716,210.6736944,8.476,False,0.0,0.0,0.0,0.0,0.0,1294769.08
39,2010-11-05,A,184109,61.62,2.689,210.7202444,8.476,False,0.0,0.0,0.0,0.0,0.0,1293707.19
39,2010-11-12,A,184109,62.21,2.728,210.7667944,8.476,False,0.0,0.0,0.0,0.0,0.0,1291398.71
39,2010-11-19,A,184109,55.5,2.771,210.65429,8.476,False,0.0,0.0,0.0,0.0,0.0,1370659.54
39,2010-11-26,A,184109,67.75,2.735,210.5152765,8.476,True,0.0,0.0,0.0,0.0,0.0,2149355.2
39,2010-12-03,A,184109,53.55,2.708,210.376263,8.476,False,0.0,0.0,0.0,0.0,0.0,1431910.98
39,2010-12-10,A,184109,50.81,2.843,210.2372494,8.476,False,0.0,0.0,0.0,0.0,0.0,1630564.48
39,2010-12-17,A,184109,55.31,2.869,210.1787224,8.476,False,0.0,0.0,0.0,0.0,0.0,1842172.46
39,2010-12-24,A,184109,58.86,2.886,210.1805602,8.476,False,0.0,0.0,0.0,0.0,0.0,2495489.25
39,2010-12-31,A,184109,52.45,2.943,210.182398,8.476,True,0.0,0.0,0.0,0.0,0.0,1230012.16
39,2011-01-07,A,184109,52.74,2.976,210.1842358,8.395,False,0.0,0.0,0.0,0.0,0.0,1224475.12
39,2011-01-14,A,184109,41.74,2.983,210.2379731,8.395,False,0.0,0.0,0.0,0.0,0.0,1193199.3900000001
39,2011-01-21,A,184109,50.25,3.016,210.6031072,8.395,False,0.0,0.0,0.0,0.0,0.0,1243370.74
39,2011-01-28,A,184109,47.94,3.01,210.9682412,8.395,False,0.0,0.0,0.0,0.0,0.0,1158698.44
39,2011-02-04,A,184109,45.96,2.989,211.3333753,8.395,False,0.0,0.0,0.0,0.0,0.0,1343773.94
39,2011-02-11,A,184109,40.34,3.022,211.6985093,8.395,True,0.0,0.0,0.0,0.0,0.0,1227893.8900000001
39,2011-02-18,A,184109,58.2,3.045,212.0063522,8.395,False,0.0,0.0,0.0,0.0,0.0,1335233.74
39,2011-02-25,A,184109,67.77,3.065,212.2912786,8.395,False,0.0,0.0,0.0,0.0,0.0,1240921.19
39,2011-03-04,A,184109,63.56,3.288,212.576205,8.395,False,0.0,0.0,0.0,0.0,0.0,1316385.43
39,2011-03-11,A,184109,58.35,3.459,212.8611313,8.395,False,0.0,0.0,0.0,0.0,0.0,1283716.81
39,2011-03-18,A,184109,65.28,3.488,213.1096787,8.395,False,0.0,0.0,0.0,0.0,0.0,1348410.05
39,2011-03-25,A,184109,71.17,3.473,213.3436744,8.395,False,0.0,0.0,0.0,0.0,0.0,1284334.79
39,2011-04-01,A,184109,66.57,3.524,213.5776701,8.3,False,0.0,0.0,0.0,0.0,0.0,1316849.36
39,2011-04-08,A,184109,69.45,3.622,213.8116658,8.3,False,0.0,0.0,0.0,0.0,0.0,1350646.16
39,2011-04-15,A,184109,73.19,3.743,214.026217,8.3,False,0.0,0.0,0.0,0.0,0.0,1348031.55
39,2011-04-22,A,184109,74.98,3.807,214.1921572,8.3,False,0.0,0.0,0.0,0.0,0.0,1563140.85
39,2011-04-29,A,184109,76.47,3.81,214.3580974,8.3,False,0.0,0.0,0.0,0.0,0.0,1379651.8699999999
39,2011-05-06,A,184109,68.75,3.906,214.5240376,8.3,False,0.0,0.0,0.0,0.0,0.0,1370920.8699999999
39,2011-05-13,A,184109,77.39,3.899,214.6899778,8.3,False,0.0,0.0,0.0,0.0,0.0,1325022.77
39,2011-05-20,A,184109,73.31,3.907,214.465412,8.3,False,0.0,0.0,0.0,0.0,0.0,1373907.21
39,2011-05-27,A,184109,82.1,3.786,214.2408462,8.3,False,0.0,0.0,0.0,0.0,0.0,1406124.14
39,2011-06-03,A,184109,83.59,3.699,214.0162805,8.3,False,0.0,0.0,0.0,0.0,0.0,1541745.59
39,2011-06-10,A,184109,82.75,3.648,213.7917147,8.3,False,0.0,0.0,0.0,0.0,0.0,1442092.08
39,2011-06-17,A,184109,85.21,3.637,213.7481256,8.3,False,0.0,0.0,0.0,0.0,0.0,1451392.67
39,2011-06-24,A,184109,84.06,3.594,213.8402689,8.3,False,0.0,0.0,0.0,0.0,0.0,1363167.95
39,2011-07-01,A,184109,84.93,3.524,213.9324122,8.177,False,0.0,0.0,0.0,0.0,0.0,1429829.36
39,2011-07-08,A,184109,84.33,3.48,214.0245556,8.177,False,0.0,0.0,0.0,0.0,0.0,1414564.53
39,2011-07-15,A,184109,85.96,3.575,214.1083654,8.177,False,0.0,0.0,0.0,0.0,0.0,1380257.12
39,2011-07-22,A,184109,84.6,3.651,214.1713416,8.177,False,0.0,0.0,0.0,0.0,0.0,1416005.59
39,2011-07-29,A,184109,86.24,3.682,214.2343177,8.177,False,0.0,0.0,0.0,0.0,0.0,1426418.53
39,2011-08-05,A,184109,87.73,3.684,214.2972939,8.177,False,0.0,0.0,0.0,0.0,0.0,1518790.89
39,2011-08-12,A,184109,88.27,3.638,214.3602701,8.177,False,0.0,0.0,0.0,0.0,0.0,1514055.97
39,2011-08-19,A,184109,87.93,3.554,214.4239935,8.177,False,0.0,0.0,0.0,0.0,0.0,1629066.9
39,2011-08-26,A,184109,86.49,3.523,214.4878416,8.177,False,0.0,0.0,0.0,0.0,0.0,1573898.63
39,2011-09-02,A,184109,88.65,3.533,214.5516896,8.177,False,0.0,0.0,0.0,0.0,0.0,1465089.85
39,2011-09-09,A,184109,79.15,3.546,214.6155376,8.177,True,0.0,0.0,0.0,0.0,0.0,1429345.86
39,2011-09-16,A,184109,83.11,3.526,214.7934111,8.177,False,0.0,0.0,0.0,0.0,0.0,1372500.6300000001
39,2011-09-23,A,184109,78.75,3.467,215.1233185,8.177,False,0.0,0.0,0.0,0.0,0.0,1338657.95
39,2011-09-30,A,184109,81.51,3.355,215.4532259,8.177,False,0.0,0.0,0.0,0.0,0.0,1311775.83
39,2011-10-07,A,184109,71.68,3.285,215.7831333,7.716,False,0.0,0.0,0.0,0.0,0.0,1443884.39
39,2011-10-14,A,184109,73.79,3.274,216.0885258,7.716,False,0.0,0.0,0.0,0.0,0.0,1384721.84
39,2011-10-21,A,184109,67.65,3.353,216.2468287,7.716,False,0.0,0.0,0.0,0.0,0.0,1465283.29
39,2011-10-28,A,184109,71.05,3.372,216.4051315,7.716,False,0.0,0.0,0.0,0.0,0.0,1472663.1
39,2011-11-04,A,184109,58.04,3.332,216.5634344,7.716,False,0.0,0.0,0.0,0.0,0.0,1553629.59
39,2011-11-11,A,184109,63.11,3.297,216.7217373,7.716,False,8894.84,10678.05,342.83,2414.95,10590.23,1456957.38
39,2011-11-18,A,184109,66.09,3.308,216.9395861,7.716,False,3378.96,215.22,162.51,486.32,6941.94,1510397.27
39,2011-11-25,A,184109,66.36,3.236,217.1812533,7.716,True,224.08,292.94,77126.16,77.74,4875.43,2338832.4
39,2011-12-02,A,184109,53.14,3.172,217.4229206,7.716,False,2966.71,59.47,2100.01,3614.81,18646.29,1632894.58
39,2011-12-09,A,184109,49.36,3.158,217.6645878,7.716,False,4462.95,0.0,292.36,1354.79,22649.7,1781528.77
39,2011-12-16,A,184109,58.58,3.159,217.8781339,7.716,False,873.38,15.15,505.72,650.86,6904.19,1991824.05
39,2011-12-23,A,184109,54.62,3.112,218.0541851,7.716,False,3099.34,16.14,1339.1,213.49,4911.65,2554482.84
39,2011-12-30,A,184109,47.6,3.129,218.2302364,7.716,True,5363.52,53918.62,193.95,383.85,8337.7,1537139.56
39,2012-01-06,A,184109,55.83,3.157,218.4062876,7.244,False,4525.51,23319.85,120.18,117.6,9638.2,1478537.93
39,2012-01-13,A,184109,54.66,3.261,218.5823389,7.244,False,7924.93,13698.33,83.04,477.43,10488.23,1369125.37
39,2012-01-20,A,184109,58.04,3.268,218.6755292,7.244,False,919.82,4005.7,90.56,525.75,1798.51,1394841.03
39,2012-01-27,A,184109,60.65,3.29,218.7687195,7.244,False,1119.34,2578.64,82.5,4.0,1647.3,1320301.61
39,2012-02-03,A,184109,60.69,3.36,218.8619099,7.244,False,44153.98,1873.54,228.69,31484.58,24354.2,1396150.15
39,2012-02-10,A,184109,52.89,3.409,218.9551002,7.244,True,6997.37,1891.53,115.26,7093.82,9198.59,1442988.44
39,2012-02-17,A,184109,52.75,3.51,219.1148297,7.244,False,15632.4,6962.91,24.9,6631.5,23647.05,1511041.69
39,2012-02-24,A,184109,61.1,3.555,219.3244636,7.244,False,7826.68,6839.78,2.0,983.61,10296.01,1412065.04
39,2012-03-02,A,184109,64.05,3.63,219.5340975,7.244,False,22838.35,998.95,7.2,5781.24,12907.82,1453047.02
39,2012-03-09,A,184109,61.64,3.669,219.7437314,7.244,False,5772.82,286.18,3.57,735.05,28766.27,1470764.35
39,2012-03-16,A,184109,65.81,3.734,219.8956335,7.244,False,4150.56,184.15,6.24,1947.25,13451.44,1522421.07
39,2012-03-23,A,184109,67.91,3.787,219.9705599,7.244,False,4355.72,91.37,4.08,305.89,3682.22,1469593.3699999999
39,2012-03-30,A,184109,69.11,3.845,220.0454862,7.244,False,8547.51,93.82,0.0,998.98,15532.43,1499727.02
39,2012-04-06,A,184109,73.49,3.891,220.1204125,6.989,False,9057.89,0.0,46.4,3572.95,15694.32,1764847.94
39,2012-04-13,A,184109,71.59,3.891,220.1953389,6.989,False,5032.34,3521.71,15.9,1241.57,10538.44,1580732.73
39,2012-04-20,A,184109,70.04,3.877,220.2483937,6.989,False,5206.6,207.27,0.2,318.73,5241.86,1433391.04
39,2012-04-27,A,184109,69.11,3.814,220.3014485,6.989,False,5821.79,0.0,-0.2,164.58,8663.37,1456997.2
39,2012-05-04,A,184109,77.15,3.749,220.3545033,6.989,False,15959.12,0.0,30.12,3483.71,12856.15,1512227.34
39,2012-05-11,A,184109,75.52,3.688,220.4075581,6.989,False,8891.08,0.0,8.34,4182.79,3506.41,1470792.41
39,2012-05-18,A,184109,72.36,3.63,220.4252149,6.989,False,6962.99,0.0,7.0,2166.87,18547.03,1522978.54
39,2012-05-25,A,184109,78.31,3.561,220.4287124,6.989,False,10926.02,0.0,967.95,1983.54,6579.15,1596036.66
39,2012-06-01,A,184109,80.33,3.501,220.4322099,6.989,False,8200.12,5.8,64.71,1772.73,9316.5,1640476.77
39,2012-06-08,A,184109,81.12,3.452,220.4357073,6.989,False,9356.4,351.8,0.24,1857.12,11870.68,1623442.24
39,2012-06-15,A,184109,81.33,3.393,220.4494148,6.989,False,8270.46,76.4,0.06,3324.17,25107.85,1587499.82
39,2012-06-22,A,184109,79.84,3.346,220.4886472,6.989,False,7354.18,244.0,0.99,2788.54,53212.72,1532316.79
39,2012-06-29,A,184109,85.72,3.286,220.5278796,6.989,False,4579.58,238.8,0.0,725.41,85851.87,1492388.98
39,2012-07-06,A,184109,81.05,3.227,220.567112,6.623,False,11507.92,254.4,90.79,5163.63,108519.28,1659221.99
39,2012-07-13,A,184109,78.16,3.256,220.6063444,6.623,False,4989.73,125.2,15.75,3398.73,105223.11,1471261.76
39,2012-07-20,A,184109,80.32,3.311,220.6148749,6.623,False,6182.24,246.4,31.54,5087.21,63005.58,1582168.27
39,2012-07-27,A,184109,82.89,3.407,220.6234054,6.623,False,1476.42,77.44,7.24,1008.3,35419.19,1487797.54
39,2012-08-03,A,184109,84.05,3.417,220.6319358,6.623,False,25778.96,173.2,51.52,24900.66,4573.34,1608277.74
39,2012-08-10,A,184109,83.47,3.494,220.6404663,6.623,False,13884.35,122.0,112.9,4259.15,10223.2,1641867.92
39,2012-08-17,A,184109,84.72,3.571,220.7199609,6.623,False,2549.92,133.06,2.33,4623.71,4609.77,1720221.91
39,2012-08-24,A,184109,80.49,3.62,220.8526787,6.623,False,6741.36,81.74,0.02,4657.6,13783.29,1724669.75
39,2012-08-31,A,184109,83.72,3.638,220.9853964,6.623,False,24675.17,73.5,63.4,12048.3,15590.53,1710923.94
39,2012-09-07,A,184109,83.71,3.73,221.1181142,6.623,True,22865.19,31.76,197.48,1883.05,10351.49,1609811.75
39,2012-09-14,A,184109,76.71,3.717,221.2601207,6.623,False,9997.12,4.0,67.58,1208.44,18054.35,1447614.08
39,2012-09-21,A,184109,73.58,3.721,221.4578604,6.623,False,11644.3,112.91,6.7,3300.92,13244.99,1555672.51
39,2012-09-28,A,184109,78.04,3.666,221.6556,6.623,False,4472.55,50.82,4.25,2331.3,10273.98,1495607.07
39,2012-10-05,A,184109,72.05,3.617,221.8533396,6.228,False,6657.7,0.0,47.01,5234.34,6313.88,1574408.67
39,2012-10-12,A,184109,69.88,3.601,222.0510793,6.228,False,2360.14,0.0,22.59,579.21,15387.94,1494417.07
39,2012-10-19,A,184109,71.45,3.594,222.0951719,6.228,False,2139.7,0.0,1.6,99.01,11831.06,1577486.33
39,2012-10-26,A,184109,72.9,3.506,222.1136566,6.228,False,6057.96,99.85,159.0,602.37,3392.16,1569502.0
40,2010-02-05,A,155083,14.48,2.788,131.5279032,5.892,False,0.0,0.0,0.0,0.0,0.0,1001943.8
40,2010-02-12,A,155083,20.84,2.771,131.5866129,5.892,True,0.0,0.0,0.0,0.0,0.0,955338.29
40,2010-02-19,A,155083,27.84,2.747,131.637,5.892,False,0.0,0.0,0.0,0.0,0.0,916289.2000000001
40,2010-02-26,A,155083,33.32,2.753,131.686,5.892,False,0.0,0.0,0.0,0.0,0.0,863917.41
40,2010-03-05,A,155083,34.78,2.766,131.735,5.892,False,0.0,0.0,0.0,0.0,0.0,990152.28
40,2010-03-12,A,155083,35.1,2.805,131.784,5.892,False,0.0,0.0,0.0,0.0,0.0,899352.4
40,2010-03-19,A,155083,40.54,2.834,131.8242903,5.892,False,0.0,0.0,0.0,0.0,0.0,894865.3
40,2010-03-26,A,155083,39.51,2.831,131.863129,5.892,False,0.0,0.0,0.0,0.0,0.0,873354.58
40,2010-04-02,A,155083,41.39,2.826,131.9019677,5.435,False,0.0,0.0,0.0,0.0,0.0,1041202.13
40,2010-04-09,A,155083,54.31,2.849,131.9408065,5.435,False,0.0,0.0,0.0,0.0,0.0,919839.19
40,2010-04-16,A,155083,43.3,2.885,131.9809,5.435,False,0.0,0.0,0.0,0.0,0.0,882636.96
40,2010-04-23,A,155083,45.85,2.895,132.0226667,5.435,False,0.0,0.0,0.0,0.0,0.0,844958.49
40,2010-04-30,A,155083,46.5,2.935,132.0644333,5.435,False,0.0,0.0,0.0,0.0,0.0,816838.31
40,2010-05-07,A,155083,60.05,2.981,132.1062,5.435,False,0.0,0.0,0.0,0.0,0.0,1009797.06
40,2010-05-14,A,155083,45.5,2.983,132.152129,5.435,False,0.0,0.0,0.0,0.0,0.0,907262.47
40,2010-05-21,A,155083,56.75,2.961,132.2230323,5.435,False,0.0,0.0,0.0,0.0,0.0,885613.91
40,2010-05-28,A,155083,67.88,2.906,132.2939355,5.435,False,0.0,0.0,0.0,0.0,0.0,1008483.0700000001
40,2010-06-04,A,155083,65.7,2.857,132.3648387,5.435,False,0.0,0.0,0.0,0.0,0.0,1052429.03
40,2010-06-11,A,155083,59.42,2.83,132.4357419,5.435,False,0.0,0.0,0.0,0.0,0.0,1007574.67
40,2010-06-18,A,155083,60.97,2.805,132.4733333,5.435,False,0.0,0.0,0.0,0.0,0.0,973105.2999999999
40,2010-06-25,A,155083,69.72,2.81,132.4976,5.435,False,0.0,0.0,0.0,0.0,0.0,940405.03
40,2010-07-02,A,155083,65.47,2.815,132.5218667,5.326,False,0.0,0.0,0.0,0.0,0.0,1087578.78
40,2010-07-09,A,155083,76.67,2.806,132.5461333,5.326,False,0.0,0.0,0.0,0.0,0.0,1058250.91
40,2010-07-16,A,155083,74.25,2.796,132.5667742,5.326,False,0.0,0.0,0.0,0.0,0.0,959229.09
40,2010-07-23,A,155083,71.79,2.784,132.5825806,5.326,False,0.0,0.0,0.0,0.0,0.0,922341.82
40,2010-07-30,A,155083,71.35,2.792,132.5983871,5.326,False,0.0,0.0,0.0,0.0,0.0,953393.02
40,2010-08-06,A,155083,69.16,2.792,132.6141935,5.326,False,0.0,0.0,0.0,0.0,0.0,1057295.87
40,2010-08-13,A,155083,67.47,2.81,132.63,5.326,False,0.0,0.0,0.0,0.0,0.0,924011.76
40,2010-08-20,A,155083,67.05,2.796,132.6616129,5.326,False,0.0,0.0,0.0,0.0,0.0,932397.0
40,2010-08-27,A,155083,62.57,2.77,132.6932258,5.326,False,0.0,0.0,0.0,0.0,0.0,922328.02
40,2010-09-03,A,155083,70.66,2.735,132.7248387,5.326,False,0.0,0.0,0.0,0.0,0.0,976453.34
40,2010-09-10,A,155083,62.75,2.717,132.7564516,5.326,True,0.0,0.0,0.0,0.0,0.0,967310.8200000001
40,2010-09-17,A,155083,55.34,2.716,132.7670667,5.326,False,0.0,0.0,0.0,0.0,0.0,855046.95
40,2010-09-24,A,155083,55.63,2.718,132.7619333,5.326,False,0.0,0.0,0.0,0.0,0.0,844373.3099999999
40,2010-10-01,A,155083,62.01,2.717,132.7568,5.287,False,0.0,0.0,0.0,0.0,0.0,891152.33
40,2010-10-08,A,155083,52.02,2.776,132.7516667,5.287,False,0.0,0.0,0.0,0.0,0.0,972405.38
40,2010-10-15,A,155083,44.56,2.878,132.7633548,5.287,False,0.0,0.0,0.0,0.0,0.0,917883.17
40,2010-10-22,A,155083,41.25,2.919,132.8170968,5.287,False,0.0,0.0,0.0,0.0,0.0,882180.91
40,2010-10-29,A,155083,47.1,2.938,132.8708387,5.287,False,0.0,0.0,0.0,0.0,0.0,875038.84
40,2010-11-05,A,155083,36.45,2.938,132.9245806,5.287,False,0.0,0.0,0.0,0.0,0.0,968270.66
40,2010-11-12,A,155083,38.5,2.961,132.9783226,5.287,False,0.0,0.0,0.0,0.0,0.0,935481.32
40,2010-11-19,A,155083,40.52,3.03,132.9172,5.287,False,0.0,0.0,0.0,0.0,0.0,852452.93
40,2010-11-26,A,155083,32.94,3.07,132.8369333,5.287,True,0.0,0.0,0.0,0.0,0.0,1166142.85
40,2010-12-03,A,155083,33.6,3.065,132.7566667,5.287,False,0.0,0.0,0.0,0.0,0.0,1000582.06
40,2010-12-10,A,155083,21.64,3.132,132.6764,5.287,False,0.0,0.0,0.0,0.0,0.0,1111215.72
40,2010-12-17,A,155083,23.01,3.139,132.6804516,5.287,False,0.0,0.0,0.0,0.0,0.0,1179036.3
40,2010-12-24,A,155083,24.18,3.15,132.7477419,5.287,False,0.0,0.0,0.0,0.0,0.0,1648829.18
40,2010-12-31,A,155083,19.29,3.177,132.8150323,5.287,True,0.0,0.0,0.0,0.0,0.0,811318.3
40,2011-01-07,A,155083,24.05,3.193,132.8823226,5.114,False,0.0,0.0,0.0,0.0,0.0,894280.19
40,2011-01-14,A,155083,18.55,3.215,132.9510645,5.114,False,0.0,0.0,0.0,0.0,0.0,771315.62
40,2011-01-21,A,155083,14.64,3.232,133.0285161,5.114,False,0.0,0.0,0.0,0.0,0.0,764014.75
40,2011-01-28,A,155083,9.51,3.243,133.1059677,5.114,False,0.0,0.0,0.0,0.0,0.0,775910.43
40,2011-02-04,A,155083,13.29,3.24,133.1834194,5.114,False,0.0,0.0,0.0,0.0,0.0,904261.65
40,2011-02-11,A,155083,16.87,3.255,133.260871,5.114,True,0.0,0.0,0.0,0.0,0.0,931939.52
40,2011-02-18,A,155083,21.82,3.263,133.3701429,5.114,False,0.0,0.0,0.0,0.0,0.0,968694.45
40,2011-02-25,A,155083,16.5,3.281,133.4921429,5.114,False,0.0,0.0,0.0,0.0,0.0,888869.27
40,2011-03-04,A,155083,18.49,3.437,133.6141429,5.114,False,0.0,0.0,0.0,0.0,0.0,977070.62
40,2011-03-11,A,155083,30.53,3.6,133.7361429,5.114,False,0.0,0.0,0.0,0.0,0.0,860255.58
40,2011-03-18,A,155083,35.76,3.634,133.8492258,5.114,False,0.0,0.0,0.0,0.0,0.0,871024.26
40,2011-03-25,A,155083,28.89,3.624,133.9587419,5.114,False,0.0,0.0,0.0,0.0,0.0,834621.39
40,2011-04-01,A,155083,28.6,3.638,134.0682581,4.781,False,0.0,0.0,0.0,0.0,0.0,841889.08
40,2011-04-08,A,155083,34.77,3.72,134.1777742,4.781,False,0.0,0.0,0.0,0.0,0.0,947753.32
40,2011-04-15,A,155083,43.69,3.823,134.2784667,4.781,False,0.0,0.0,0.0,0.0,0.0,874446.32
40,2011-04-22,A,155083,39.32,3.919,134.3571,4.781,False,0.0,0.0,0.0,0.0,0.0,965056.4
40,2011-04-29,A,155083,52.68,3.988,134.4357333,4.781,False,0.0,0.0,0.0,0.0,0.0,847246.5
40,2011-05-06,A,155083,50.81,4.078,134.5143667,4.781,False,0.0,0.0,0.0,0.0,0.0,1016752.55
40,2011-05-13,A,155083,54.09,4.095,134.593,4.781,False,0.0,0.0,0.0,0.0,0.0,903864.02
40,2011-05-20,A,155083,56.38,4.101,134.6803871,4.781,False,0.0,0.0,0.0,0.0,0.0,907110.8300000001
40,2011-05-27,A,155083,63.11,4.034,134.7677742,4.781,False,0.0,0.0,0.0,0.0,0.0,972373.81
40,2011-06-03,A,155083,66.16,3.973,134.8551613,4.781,False,0.0,0.0,0.0,0.0,0.0,1075687.74
40,2011-06-10,A,155083,64.19,3.924,134.9425484,4.781,False,0.0,0.0,0.0,0.0,0.0,984336.04
40,2011-06-17,A,155083,59.16,3.873,135.0837333,4.781,False,0.0,0.0,0.0,0.0,0.0,971422.67
40,2011-06-24,A,155083,62.59,3.851,135.2652667,4.781,False,0.0,0.0,0.0,0.0,0.0,977103.64
40,2011-07-01,A,155083,65.25,3.815,135.4468,4.584,False,0.0,0.0,0.0,0.0,0.0,1048866.3
40,2011-07-08,A,155083,67.86,3.784,135.6283333,4.584,False,0.0,0.0,0.0,0.0,0.0,1107366.06
40,2011-07-15,A,155083,68.9,3.827,135.7837419,4.584,False,0.0,0.0,0.0,0.0,0.0,953252.14
40,2011-07-22,A,155083,73.34,3.882,135.8738387,4.584,False,0.0,0.0,0.0,0.0,0.0,980642.1
40,2011-07-29,A,155083,67.45,3.898,135.9639355,4.584,False,0.0,0.0,0.0,0.0,0.0,929096.9
40,2011-08-05,A,155083,68.1,3.903,136.0540323,4.584,False,0.0,0.0,0.0,0.0,0.0,1063818.2
40,2011-08-12,A,155083,68.3,3.88,136.144129,4.584,False,0.0,0.0,0.0,0.0,0.0,955506.95
40,2011-08-19,A,155083,64.05,3.82,136.183129,4.584,False,0.0,0.0,0.0,0.0,0.0,943237.12
40,2011-08-26,A,155083,65.01,3.796,136.2136129,4.584,False,0.0,0.0,0.0,0.0,0.0,969611.2999999999
40,2011-09-02,A,155083,63.79,3.784,136.2440968,4.584,False,0.0,0.0,0.0,0.0,0.0,957298.26
40,2011-09-09,A,155083,64.83,3.809,136.2745806,4.584,True,0.0,0.0,0.0,0.0,0.0,1021391.99
40,2011-09-16,A,155083,58.28,3.809,136.3145,4.584,False,0.0,0.0,0.0,0.0,0.0,890661.79
40,2011-09-23,A,155083,54.09,3.758,136.367,4.584,False,0.0,0.0,0.0,0.0,0.0,876583.98
40,2011-09-30,A,155083,63.45,3.684,136.4195,4.584,False,0.0,0.0,0.0,0.0,0.0,912857.1
40,2011-10-07,A,155083,50.21,3.633,136.472,4.42,False,0.0,0.0,0.0,0.0,0.0,1070389.98
40,2011-10-14,A,155083,53.9,3.583,136.5150968,4.42,False,0.0,0.0,0.0,0.0,0.0,936751.68
40,2011-10-21,A,155083,51.61,3.618,136.5017742,4.42,False,0.0,0.0,0.0,0.0,0.0,942319.65
40,2011-10-28,A,155083,42.09,3.604,136.4884516,4.42,False,0.0,0.0,0.0,0.0,0.0,941675.95
40,2011-11-04,A,155083,35.4,3.586,136.475129,4.42,False,0.0,0.0,0.0,0.0,0.0,1011321.1799999999
40,2011-11-11,A,155083,40.75,3.57,136.4618065,4.42,False,10215.77,4613.06,191.71,3200.57,4230.85,1037687.07
40,2011-11-18,A,155083,41.85,3.571,136.4666667,4.42,False,1100.08,973.56,31.81,523.23,4424.36,905399.99
40,2011-11-25,A,155083,32.76,3.536,136.4788,4.42,True,247.58,387.88,40362.07,47.0,1788.31,1230011.95
40,2011-12-02,A,155083,38.51,3.501,136.4909333,4.42,False,3966.04,23.47,2363.99,1455.15,15828.62,1059676.62
40,2011-12-09,A,155083,34.48,3.47,136.5030667,4.42,False,7081.76,48.0,94.05,1757.4,6850.25,1158708.98
40,2011-12-16,A,155083,29.53,3.445,136.5335161,4.42,False,3067.81,0.0,383.98,409.64,2938.11,1198670.19
40,2011-12-23,A,155083,24.46,3.413,136.5883871,4.42,False,709.32,0.03,1065.7,67.72,1336.25,1601585.7
40,2011-12-30,A,155083,18.75,3.402,136.6432581,4.42,True,3392.38,25557.03,205.29,421.72,2439.13,908853.15
40,2012-01-06,A,155083,23.29,3.439,136.698129,4.261,False,3737.24,20629.4,169.85,954.18,4508.45,954576.86
40,2012-01-13,A,155083,25.9,3.523,136.753,4.261,False,1128.25,8721.23,129.34,393.68,3221.84,780607.52
40,2012-01-20,A,155083,14.02,3.542,136.8564194,4.261,False,1658.12,4319.36,101.86,79.54,1831.29,811365.42
40,2012-01-27,A,155083,22.91,3.568,136.9598387,4.261,False,388.59,1327.78,126.72,38.29,1619.57,770157.29
40,2012-02-03,A,155083,27.86,3.633,137.0632581,4.261,False,37980.28,2731.05,108.41,23597.14,5940.88,979552.34
40,2012-02-10,A,155083,23.92,3.655,137.1666774,4.261,True,10333.24,3700.62,66.01,11804.09,7697.87,999785.48
40,2012-02-17,A,155083,25.56,3.703,137.2583103,4.261,False,7763.37,7366.75,33.48,3995.44,2642.17,975500.87
40,2012-02-24,A,155083,29.88,3.751,137.3411034,4.261,False,15946.5,4605.02,2.0,4775.14,9418.31,919301.81
40,2012-03-02,A,155083,23.79,3.827,137.4238966,4.261,False,15284.47,1338.94,0.0,14210.79,2121.92,927732.02
40,2012-03-09,A,155083,30.58,3.876,137.5066897,4.261,False,12923.38,404.23,0.4,7062.19,3420.25,954233.87
40,2012-03-16,A,155083,37.13,3.867,137.5843871,4.261,False,4935.36,176.82,3.85,1392.83,2458.54,891154.18
40,2012-03-23,A,155083,52.27,3.889,137.6552903,4.261,False,5767.41,126.67,2.77,179.94,3260.71,844490.86
40,2012-03-30,A,155083,36.25,3.921,137.7261935,4.261,False,7182.51,120.76,9.34,2017.53,2449.78,871945.64
40,2012-04-06,A,155083,36.54,3.957,137.7970968,4.125,False,9295.46,0.0,43.35,1876.1,6042.42,1132064.23
40,2012-04-13,A,155083,40.65,4.025,137.868,4.125,False,3668.82,4728.85,34.1,1320.78,1820.75,857811.17
40,2012-04-20,A,155083,55.3,4.046,137.9230667,4.125,False,3255.99,1157.63,25.59,340.56,3376.98,896979.93
40,2012-04-27,A,155083,47.51,4.023,137.9781333,4.125,False,2283.4,0.33,24.94,235.22,3113.29,875372.91
40,2012-05-04,A,155083,44.47,3.991,138.0332,4.125,False,11685.51,0.0,78.21,3129.14,3364.41,993311.59
40,2012-05-11,A,155083,52.06,3.947,138.0882667,4.125,False,7071.55,0.0,408.25,1175.76,4204.96,967729.35
40,2012-05-18,A,155083,57.59,3.899,138.1065806,4.125,False,4534.3,0.0,103.83,735.81,2388.29,896295.41
40,2012-05-25,A,155083,65.25,3.85,138.1101935,4.125,False,8089.78,0.0,303.31,1092.35,2448.8,991054.49
40,2012-06-01,A,155083,64.75,3.798,138.1138065,4.125,False,4641.39,30.6,50.93,420.22,1627.19,1037464.27
40,2012-06-08,A,155083,55.78,3.746,138.1174194,4.125,False,7338.72,324.8,44.64,2067.65,7482.97,1079386.88
40,2012-06-15,A,155083,63.39,3.683,138.1295333,4.125,False,5288.06,244.82,42.74,1165.96,3695.1,977950.28
40,2012-06-22,A,155083,69.32,3.629,138.1629,4.125,False,5015.3,438.0,4.72,2018.54,7972.99,1033552.18
40,2012-06-29,A,155083,64.42,3.577,138.1962667,4.125,False,2925.88,253.2,0.0,400.0,2124.37,988764.84
40,2012-07-06,A,155083,69.08,3.538,138.2296333,4.156,False,6364.53,277.2,62.07,2574.7,5230.46,1182901.56
40,2012-07-13,A,155083,67.48,3.561,138.263,4.156,False,6891.02,80.4,23.66,1464.52,2677.19,979848.71
40,2012-07-20,A,155083,70.45,3.61,138.2331935,4.156,False,2418.7,89.01,9.52,1450.08,2263.49,968502.38
40,2012-07-27,A,155083,67.88,3.701,138.2033871,4.156,False,3351.06,156.53,4.24,1624.68,1605.34,954396.85
40,2012-08-03,A,155083,70.15,3.698,138.1735806,4.156,False,17749.81,377.88,6.36,8303.08,2209.27,1068346.76
40,2012-08-10,A,155083,70.09,3.772,138.1437742,4.156,False,10965.65,130.69,0.32,4849.39,2266.63,1007906.43
40,2012-08-17,A,155083,69.41,3.84,138.1857097,4.156,False,3810.18,27.3,1.02,181.12,6417.42,969387.48
40,2012-08-24,A,155083,63.91,3.874,138.2814516,4.156,False,6243.66,18.3,48.06,2649.7,6021.47,945318.47
40,2012-08-31,A,155083,66.11,3.884,138.3771935,4.156,False,10904.29,38.81,23.95,2684.17,2912.76,987264.67
40,2012-09-07,A,155083,65.06,3.921,138.4729355,4.156,True,5494.1,0.0,39.66,925.8,3268.99,1088248.4
40,2012-09-14,A,155083,59.38,3.988,138.5673,4.156,False,5593.11,0.0,62.88,290.65,7375.04,901709.82
40,2012-09-21,A,155083,54.12,4.056,138.6534,4.156,False,3688.63,7.64,0.0,693.23,4870.36,899768.4
40,2012-09-28,A,155083,50.98,4.018,138.7395,4.156,False,3579.04,0.0,0.0,709.97,4706.12,919595.44
40,2012-10-05,A,155083,57.21,4.027,138.8256,4.145,False,4298.34,0.0,12.03,1754.05,2273.79,1069112.0
40,2012-10-12,A,155083,47.35,4.029,138.9117,4.145,False,1686.43,0.0,13.85,589.97,6365.02,982523.26
40,2012-10-19,A,155083,46.33,4.0,138.8336129,4.145,False,412.06,0.0,6.1,38.76,2850.1,918170.5
40,2012-10-26,A,155083,49.65,3.917,138.7281613,4.145,False,3605.71,55.98,0.28,486.81,1389.06,921264.52
41,2010-02-05,A,196321,30.27,2.58,189.3816974,7.541,False,0.0,0.0,0.0,0.0,0.0,1086533.18
41,2010-02-12,A,196321,23.04,2.572,189.4642725,7.541,True,0.0,0.0,0.0,0.0,0.0,1075656.34
41,2010-02-19,A,196321,24.13,2.55,189.5340998,7.541,False,0.0,0.0,0.0,0.0,0.0,1052034.74
41,2010-02-26,A,196321,21.84,2.586,189.6018023,7.541,False,0.0,0.0,0.0,0.0,0.0,991941.73
41,2010-03-05,A,196321,32.49,2.62,189.6695049,7.541,False,0.0,0.0,0.0,0.0,0.0,1063557.49
41,2010-03-12,A,196321,33.4,2.684,189.7372075,7.541,False,0.0,0.0,0.0,0.0,0.0,1023997.71
41,2010-03-19,A,196321,36.7,2.692,189.734262,7.541,False,0.0,0.0,0.0,0.0,0.0,1006597.6900000001
41,2010-03-26,A,196321,32.3,2.717,189.7195417,7.541,False,0.0,0.0,0.0,0.0,0.0,1015196.46
41,2010-04-02,A,196321,41.31,2.725,189.7048215,7.363,False,0.0,0.0,0.0,0.0,0.0,1168826.39
41,2010-04-09,A,196321,37.3,2.75,189.6901012,7.363,False,0.0,0.0,0.0,0.0,0.0,1082158.21
41,2010-04-16,A,196321,46.79,2.765,189.6628845,7.363,False,0.0,0.0,0.0,0.0,0.0,1043388.79
41,2010-04-23,A,196321,45.29,2.776,189.6190057,7.363,False,0.0,0.0,0.0,0.0,0.0,1067340.74
41,2010-04-30,A,196321,40.2,2.766,189.575127,7.363,False,0.0,0.0,0.0,0.0,0.0,1063960.1099999999
41,2010-05-07,A,196321,41.5,2.771,189.5312483,7.363,False,0.0,0.0,0.0,0.0,0.0,1175738.22
41,2010-05-14,A,196321,40.23,2.788,189.4904116,7.363,False,0.0,0.0,0.0,0.0,0.0,1116439.02
41,2010-05-21,A,196321,50.59,2.776,189.467827,7.363,False,0.0,0.0,0.0,0.0,0.0,1163234.33
41,2010-05-28,A,196321,56.97,2.737,189.4452425,7.363,False,0.0,0.0,0.0,0.0,0.0,1246654.24
41,2010-06-04,A,196321,60.13,2.7,189.422658,7.363,False,0.0,0.0,0.0,0.0,0.0,1305068.1
41,2010-06-11,A,196321,63.36,2.684,189.4000734,7.363,False,0.0,0.0,0.0,0.0,0.0,1217199.39
41,2010-06-18,A,196321,54.9,2.674,189.4185259,7.363,False,0.0,0.0,0.0,0.0,0.0,1202963.06
41,2010-06-25,A,196321,66.0,2.715,189.4533931,7.363,False,0.0,0.0,0.0,0.0,0.0,1174209.52
41,2010-07-02,A,196321,69.39,2.728,189.4882603,7.335,False,0.0,0.0,0.0,0.0,0.0,1273279.79
41,2010-07-09,A,196321,60.93,2.711,189.5231276,7.335,False,0.0,0.0,0.0,0.0,0.0,1176079.59
41,2010-07-16,A,196321,69.06,2.699,189.6125456,7.335,False,0.0,0.0,0.0,0.0,0.0,1179788.3800000001
41,2010-07-23,A,196321,70.77,2.691,189.774698,7.335,False,0.0,0.0,0.0,0.0,0.0,1192213.8699999999
41,2010-07-30,A,196321,70.07,2.69,189.9368504,7.335,False,0.0,0.0,0.0,0.0,0.0,1211136.6300000001
41,2010-08-06,A,196321,69.21,2.69,190.0990028,7.335,False,0.0,0.0,0.0,0.0,0.0,1338132.72
41,2010-08-13,A,196321,70.24,2.723,190.2611552,7.335,False,0.0,0.0,0.0,0.0,0.0,1285976.53
41,2010-08-20,A,196321,66.19,2.732,190.2948237,7.335,False,0.0,0.0,0.0,0.0,0.0,1353838.39
41,2010-08-27,A,196321,70.59,2.731,190.3284922,7.335,False,0.0,0.0,0.0,0.0,0.0,1173131.63
41,2010-09-03,A,196321,64.13,2.773,190.3621607,7.335,False,0.0,0.0,0.0,0.0,0.0,1223355.5
41,2010-09-10,A,196321,63.3,2.78,190.3958293,7.335,True,0.0,0.0,0.0,0.0,0.0,1172672.27
41,2010-09-17,A,196321,62.4,2.8,190.4688287,7.335,False,0.0,0.0,0.0,0.0,0.0,1111170.91
41,2010-09-24,A,196321,60.11,2.793,190.5713264,7.335,False,0.0,0.0,0.0,0.0,0.0,1110941.78
41,2010-10-01,A,196321,62.67,2.759,190.6738241,7.508,False,0.0,0.0,0.0,0.0,0.0,1109216.35
41,2010-10-08,A,196321,57.1,2.745,190.7763218,7.508,False,0.0,0.0,0.0,0.0,0.0,1162042.24
41,2010-10-15,A,196321,49.91,2.762,190.8623087,7.508,False,0.0,0.0,0.0,0.0,0.0,1133913.33
41,2010-10-22,A,196321,48.09,2.762,190.9070184,7.508,False,0.0,0.0,0.0,0.0,0.0,1156003.7
41,2010-10-29,A,196321,42.16,2.748,190.951728,7.508,False,0.0,0.0,0.0,0.0,0.0,1144854.56
41,2010-11-05,A,196321,46.74,2.729,190.9964377,7.508,False,0.0,0.0,0.0,0.0,0.0,1163878.49
41,2010-11-12,A,196321,38.99,2.737,191.0411474,7.508,False,0.0,0.0,0.0,0.0,0.0,1175326.23
41,2010-11-19,A,196321,31.34,2.758,191.0312172,7.508,False,0.0,0.0,0.0,0.0,0.0,1172155.28
41,2010-11-26,A,196321,25.3,2.742,191.0121805,7.508,True,0.0,0.0,0.0,0.0,0.0,1866681.57
41,2010-12-03,A,196321,33.0,2.712,190.9931437,7.508,False,0.0,0.0,0.0,0.0,0.0,1220115.75
41,2010-12-10,A,196321,33.9,2.728,190.9741069,7.508,False,0.0,0.0,0.0,0.0,0.0,1434908.13
41,2010-12-17,A,196321,31.51,2.778,191.0303376,7.508,False,0.0,0.0,0.0,0.0,0.0,1627904.68
41,2010-12-24,A,196321,29.81,2.781,191.1430189,7.508,False,0.0,0.0,0.0,0.0,0.0,2225016.73
41,2010-12-31,A,196321,25.19,2.829,191.2557002,7.508,True,0.0,0.0,0.0,0.0,0.0,1001790.16
41,2011-01-07,A,196321,23.76,2.882,191.3683815,7.241,False,0.0,0.0,0.0,0.0,0.0,1153596.53
41,2011-01-14,A,196321,22.44,2.911,191.4784939,7.241,False,0.0,0.0,0.0,0.0,0.0,1052609.16
41,2011-01-21,A,196321,32.7,2.973,191.5731924,7.241,False,0.0,0.0,0.0,0.0,0.0,1088025.8
41,2011-01-28,A,196321,32.23,3.008,191.667891,7.241,False,0.0,0.0,0.0,0.0,0.0,1026439.93
41,2011-02-04,A,196321,14.56,3.011,191.7625895,7.241,False,0.0,0.0,0.0,0.0,0.0,1179420.5
41,2011-02-11,A,196321,16.81,3.037,191.8572881,7.241,True,0.0,0.0,0.0,0.0,0.0,1150003.36
41,2011-02-18,A,196321,39.39,3.051,191.9178331,7.241,False,0.0,0.0,0.0,0.0,0.0,1203399.64
41,2011-02-25,A,196321,26.1,3.101,191.9647167,7.241,False,0.0,0.0,0.0,0.0,0.0,1099714.93
41,2011-03-04,A,196321,34.99,3.232,192.0116004,7.241,False,0.0,0.0,0.0,0.0,0.0,1229257.7
41,2011-03-11,A,196321,31.6,3.372,192.058484,7.241,False,0.0,0.0,0.0,0.0,0.0,1159089.6
41,2011-03-18,A,196321,40.19,3.406,192.1237981,7.241,False,0.0,0.0,0.0,0.0,0.0,1115504.26
41,2011-03-25,A,196321,41.11,3.414,192.1964844,7.241,False,0.0,0.0,0.0,0.0,0.0,1140578.16
41,2011-04-01,A,196321,38.16,3.461,192.2691707,6.934,False,0.0,0.0,0.0,0.0,0.0,1179125.48
41,2011-04-08,A,196321,42.87,3.532,192.3418571,6.934,False,0.0,0.0,0.0,0.0,0.0,1206252.12
41,2011-04-15,A,196321,39.94,3.611,192.4225954,6.934,False,0.0,0.0,0.0,0.0,0.0,1192982.07
41,2011-04-22,A,196321,42.86,3.636,192.5234638,6.934,False,0.0,0.0,0.0,0.0,0.0,1304481.75
41,2011-04-29,A,196321,39.81,3.663,192.6243322,6.934,False,0.0,0.0,0.0,0.0,0.0,1178841.05
41,2011-05-06,A,196321,41.2,3.735,192.7252006,6.934,False,0.0,0.0,0.0,0.0,0.0,1244956.91
41,2011-05-13,A,196321,50.29,3.767,192.826069,6.934,False,0.0,0.0,0.0,0.0,0.0,1270025.74
41,2011-05-20,A,196321,41.11,3.828,192.831317,6.934,False,0.0,0.0,0.0,0.0,0.0,1244542.33
41,2011-05-27,A,196321,50.56,3.795,192.8365651,6.934,False,0.0,0.0,0.0,0.0,0.0,1278304.33
41,2011-06-03,A,196321,54.81,3.763,192.8418131,6.934,False,0.0,0.0,0.0,0.0,0.0,1297584.95
41,2011-06-10,A,196321,61.1,3.735,192.8470612,6.934,False,0.0,0.0,0.0,0.0,0.0,1311690.11
41,2011-06-17,A,196321,62.3,3.697,192.9034759,6.934,False,0.0,0.0,0.0,0.0,0.0,1289151.84
41,2011-06-24,A,196321,59.54,3.661,192.9982655,6.934,False,0.0,0.0,0.0,0.0,0.0,1244381.98
41,2011-07-01,A,196321,67.01,3.597,193.0930552,6.901,False,0.0,0.0,0.0,0.0,0.0,1333347.78
41,2011-07-08,A,196321,68.49,3.54,193.1878448,6.901,False,0.0,0.0,0.0,0.0,0.0,1338862.58
41,2011-07-15,A,196321,68.18,3.532,193.3125484,6.901,False,0.0,0.0,0.0,0.0,0.0,1245772.7
41,2011-07-22,A,196321,74.11,3.545,193.5120367,6.901,False,0.0,0.0,0.0,0.0,0.0,1292830.93
41,2011-07-29,A,196321,71.3,3.547,193.711525,6.901,False,0.0,0.0,0.0,0.0,0.0,1248330.1
41,2011-08-05,A,196321,72.19,3.554,193.9110133,6.901,False,0.0,0.0,0.0,0.0,0.0,1402233.69
41,2011-08-12,A,196321,67.65,3.542,194.1105017,6.901,False,0.0,0.0,0.0,0.0,0.0,1356689.88
41,2011-08-19,A,196321,70.55,3.499,194.2500634,6.901,False,0.0,0.0,0.0,0.0,0.0,1412959.97
41,2011-08-26,A,196321,71.61,3.485,194.3796374,6.901,False,0.0,0.0,0.0,0.0,0.0,1328740.71
41,2011-09-02,A,196321,70.37,3.511,194.5092113,6.901,False,0.0,0.0,0.0,0.0,0.0,1283849.38
41,2011-09-09,A,196321,58.31,3.566,194.6387853,6.901,True,0.0,0.0,0.0,0.0,0.0,1280958.97
41,2011-09-16,A,196321,54.82,3.596,194.7419707,6.901,False,0.0,0.0,0.0,0.0,0.0,1197019.39
41,2011-09-23,A,196321,55.06,3.581,194.8099713,6.901,False,0.0,0.0,0.0,0.0,0.0,1173059.79
41,2011-09-30,A,196321,61.77,3.538,194.8779718,6.901,False,0.0,0.0,0.0,0.0,0.0,1160619.61
41,2011-10-07,A,196321,58.74,3.498,194.9459724,6.759,False,0.0,0.0,0.0,0.0,0.0,1277882.77
41,2011-10-14,A,196321,47.43,3.491,195.0261012,6.759,False,0.0,0.0,0.0,0.0,0.0,1247130.22
41,2011-10-21,A,196321,45.62,3.548,195.1789994,6.759,False,0.0,0.0,0.0,0.0,0.0,1214944.29
41,2011-10-28,A,196321,37.02,3.55,195.3318977,6.759,False,0.0,0.0,0.0,0.0,0.0,1274463.02
41,2011-11-04,A,196321,35.04,3.527,195.4847959,6.759,False,0.0,0.0,0.0,0.0,0.0,1315684.8599999999
41,2011-11-11,A,196321,32.87,3.505,195.6376941,6.759,False,17118.58,14927.3,309.49,8187.22,4925.08,1302499.23
41,2011-11-18,A,196321,36.64,3.479,195.7184713,6.759,False,2513.13,581.97,69.52,194.54,6131.09,1230118.02
41,2011-11-25,A,196321,36.37,3.424,195.7704,6.759,True,256.95,1053.98,79621.2,40.76,2616.56,1906713.35
41,2011-12-02,A,196321,34.53,3.378,195.8223287,6.759,False,4594.56,305.47,1781.24,3168.1,21739.26,1292436.23
41,2011-12-09,A,196321,17.05,3.331,195.8742575,6.759,False,2782.39,120.0,141.21,1946.76,9503.64,1548661.45
41,2011-12-16,A,196321,25.01,3.266,195.9841685,6.759,False,7400.39,89.0,283.08,1269.68,4809.26,1682368.32
41,2011-12-23,A,196321,25.59,3.173,196.1713893,6.759,False,1284.19,30.33,1059.9,35.76,3430.56,2263722.68
41,2011-12-30,A,196321,34.12,3.119,196.3586101,6.759,True,5251.98,56106.2,134.7,1059.49,2366.54,1264014.16
41,2012-01-06,A,196321,37.21,3.095,196.5458309,6.589,False,6453.63,22866.83,126.87,2582.41,4266.94,1208191.61
41,2012-01-13,A,196321,27.49,3.077,196.7330517,6.589,False,1934.8,14627.46,112.2,542.89,4044.44,1134767.28
41,2012-01-20,A,196321,31.56,3.055,196.7796652,6.589,False,2827.98,3671.37,119.55,530.03,1924.99,1116295.24
41,2012-01-27,A,196321,33.15,3.038,196.8262786,6.589,False,2464.6,2126.51,112.01,129.54,817.31,1079398.81
41,2012-02-03,A,196321,31.65,3.031,196.8728921,6.589,False,42353.77,4696.86,231.92,46238.28,6379.49,1208825.6
41,2012-02-10,A,196321,22.0,3.103,196.9195056,6.589,True,8123.92,7618.89,127.05,13453.73,8066.43,1238844.56
41,2012-02-17,A,196321,22.52,3.113,196.9432711,6.589,False,15838.59,10710.9,14.96,10097.26,7390.48,1330451.46
41,2012-02-24,A,196321,27.89,3.129,196.9499007,6.589,False,9156.06,9181.74,3.2,3808.5,6148.47,1224915.66
41,2012-03-02,A,196321,27.39,3.191,196.9565303,6.589,False,11028.34,3211.73,21.0,15693.13,1736.73,1239813.26
41,2012-03-09,A,196321,35.3,3.286,196.9631599,6.589,False,15255.04,285.89,7.74,3203.61,3889.43,1243814.77
41,2012-03-16,A,196321,47.76,3.486,197.0457208,6.589,False,6504.93,48.97,4.59,3026.39,2020.55,1201511.6199999999
41,2012-03-23,A,196321,44.04,3.664,197.2295234,6.589,False,4605.49,49.08,2.6,1134.03,3631.27,1215354.3800000001
41,2012-03-30,A,196321,51.56,3.75,197.4133259,6.589,False,5694.25,9.66,7.09,1677.31,2419.34,1239423.19
41,2012-04-06,A,196321,48.48,3.854,197.5971285,6.547,False,6660.45,0.0,49.15,2126.59,6791.05,1460234.31
41,2012-04-13,A,196321,46.84,3.901,197.780931,6.547,False,8316.49,3192.24,24.23,2770.63,3631.39,1323004.73
41,2012-04-20,A,196321,43.57,3.936,197.7227385,6.547,False,3677.88,1165.88,37.89,297.31,2227.25,1220815.33
41,2012-04-27,A,196321,57.66,3.927,197.664546,6.547,False,2984.54,7.76,203.99,39.75,3068.81,1248950.65
41,2012-05-04,A,196321,52.86,3.903,197.6063534,6.547,False,10188.76,0.0,308.08,5903.45,2996.97,1359770.73
41,2012-05-11,A,196321,50.22,3.87,197.5481609,6.547,False,8490.06,0.0,250.13,2998.16,4051.18,1353285.1
41,2012-05-18,A,196321,55.24,3.837,197.5553137,6.547,False,6415.86,0.0,179.28,998.25,2976.99,1331514.44
41,2012-05-25,A,196321,54.89,3.804,197.5886046,6.547,False,8215.27,0.0,277.14,1198.25,2444.61,1424500.47
41,2012-06-01,A,196321,57.29,3.764,197.6218954,6.547,False,9160.25,-2.0,127.56,1850.68,2652.68,1374891.36
41,2012-06-08,A,196321,65.11,3.741,197.6551863,6.547,False,10245.25,527.4,78.07,749.73,5117.87,1436383.84
41,2012-06-15,A,196321,64.92,3.723,197.692292,6.547,False,6926.97,599.0,5.66,3396.74,4290.96,1384584.5899999999
41,2012-06-22,A,196321,66.88,3.735,197.7389345,6.547,False,6390.33,753.88,8.58,3431.59,4741.92,1386407.17
41,2012-06-29,A,196321,76.54,3.693,197.785577,6.547,False,2864.01,346.02,0.0,393.26,3293.29,1355600.01
41,2012-07-06,A,196321,74.47,3.646,197.8322195,6.432,False,7791.47,306.7,31.44,4856.67,4087.29,1456300.89
41,2012-07-13,A,196321,67.24,3.613,197.8788621,6.432,False,6062.57,85.84,1.6,1805.08,2636.17,1332594.07
41,2012-07-20,A,196321,74.06,3.585,197.9290378,6.432,False,4142.86,102.5,23.84,1362.4,5518.54,1347175.93
41,2012-07-27,A,196321,73.31,3.57,197.9792136,6.432,False,4473.9,125.46,2.53,6596.96,3228.27,1344723.97
41,2012-08-03,A,196321,73.16,3.528,198.0293893,6.432,False,40493.45,83.46,44.56,23826.2,3666.08,1439607.35
41,2012-08-10,A,196321,71.73,3.509,198.0795651,6.432,False,11523.22,78.18,6.43,5132.4,2667.3,1504545.94
41,2012-08-17,A,196321,65.77,3.545,198.1001057,6.432,False,1661.07,41.94,1.95,2391.72,3474.47,1560590.05
41,2012-08-24,A,196321,69.07,3.558,198.0984199,6.432,False,6068.27,-20.0,85.74,3710.05,2287.85,1464462.85
41,2012-08-31,A,196321,71.56,3.556,198.0967341,6.432,False,17423.04,14.94,58.91,4700.3,6180.92,1360517.52
41,2012-09-07,A,196321,67.41,3.596,198.0950484,6.432,True,10220.45,22.8,145.19,4361.36,3187.05,1392143.82
41,2012-09-14,A,196321,59.39,3.659,198.1267184,6.432,False,10525.1,0.0,11.14,1373.26,6742.72,1306644.25
41,2012-09-21,A,196321,59.81,3.765,198.358523,6.432,False,11062.12,72.64,6.0,1125.21,7962.34,1276609.36
41,2012-09-28,A,196321,56.08,3.789,198.5903276,6.432,False,4578.46,51.73,3.0,1902.88,14423.97,1307928.01
41,2012-10-05,A,196321,50.14,3.779,198.8221322,6.195,False,6094.23,0.0,33.94,2887.65,3853.33,1400160.95
41,2012-10-12,A,196321,39.38,3.76,199.0539368,6.195,False,1570.23,0.0,26.31,834.8,14421.12,1409544.97
41,2012-10-19,A,196321,49.56,3.75,199.1481963,6.195,False,3138.86,0.0,6.17,129.04,8206.1,1326197.24
41,2012-10-26,A,196321,41.8,3.686,199.2195317,6.195,False,4864.3,101.34,250.6,47.24,1524.43,1316542.59
42,2010-02-05,C,39690,54.34,2.962,126.4420645,9.765,False,0.0,0.0,0.0,0.0,0.0,543384.01
42,2010-02-12,C,39690,49.96,2.828,126.4962581,9.765,True,0.0,0.0,0.0,0.0,0.0,575709.96
42,2010-02-19,C,39690,58.22,2.915,126.5262857,9.765,False,0.0,0.0,0.0,0.0,0.0,508794.87
42,2010-02-26,C,39690,52.77,2.825,126.5522857,9.765,False,0.0,0.0,0.0,0.0,0.0,491510.58
42,2010-03-05,C,39690,55.92,2.877,126.5782857,9.765,False,0.0,0.0,0.0,0.0,0.0,554972.42
42,2010-03-12,C,39690,52.33,3.034,126.6042857,9.765,False,0.0,0.0,0.0,0.0,0.0,588363.62
42,2010-03-19,C,39690,61.46,3.054,126.6066452,9.765,False,0.0,0.0,0.0,0.0,0.0,519914.1
42,2010-03-26,C,39690,60.05,2.98,126.6050645,9.765,False,0.0,0.0,0.0,0.0,0.0,478021.68
42,2010-04-02,C,39690,63.66,3.086,126.6034839,9.524,False,0.0,0.0,0.0,0.0,0.0,505907.41000000003
42,2010-04-09,C,39690,65.29,3.004,126.6019032,9.524,False,0.0,0.0,0.0,0.0,0.0,582552.26
42,2010-04-16,C,39690,69.74,3.109,126.5621,9.524,False,0.0,0.0,0.0,0.0,0.0,549528.16
42,2010-04-23,C,39690,66.42,3.05,126.4713333,9.524,False,0.0,0.0,0.0,0.0,0.0,492364.76999999996
42,2010-04-30,C,39690,69.76,3.105,126.3805667,9.524,False,0.0,0.0,0.0,0.0,0.0,477615.87
42,2010-05-07,C,39690,71.06,3.127,126.2898,9.524,False,0.0,0.0,0.0,0.0,0.0,582846.22
42,2010-05-14,C,39690,73.88,3.145,126.2085484,9.524,False,0.0,0.0,0.0,0.0,0.0,564345.55
42,2010-05-21,C,39690,78.32,3.12,126.1843871,9.524,False,0.0,0.0,0.0,0.0,0.0,504403.16
42,2010-05-28,C,39690,76.67,3.058,126.1602258,9.524,False,0.0,0.0,0.0,0.0,0.0,484097.03
42,2010-06-04,C,39690,82.82,2.941,126.1360645,9.524,False,0.0,0.0,0.0,0.0,0.0,556046.12
42,2010-06-11,C,39690,89.67,3.057,126.1119032,9.524,False,0.0,0.0,0.0,0.0,0.0,607218.6
42,2010-06-18,C,39690,83.49,2.935,126.114,9.524,False,0.0,0.0,0.0,0.0,0.0,529418.64
42,2010-06-25,C,39690,90.32,3.084,126.1266,9.524,False,0.0,0.0,0.0,0.0,0.0,484327.56
42,2010-07-02,C,39690,92.89,2.978,126.1392,9.199,False,0.0,0.0,0.0,0.0,0.0,507168.8
42,2010-07-09,C,39690,91.03,3.1,126.1518,9.199,False,0.0,0.0,0.0,0.0,0.0,570069.48
42,2010-07-16,C,39690,91.8,2.971,126.1498065,9.199,False,0.0,0.0,0.0,0.0,0.0,558837.27
42,2010-07-23,C,39690,88.44,3.112,126.1283548,9.199,False,0.0,0.0,0.0,0.0,0.0,491115.86
42,2010-07-30,C,39690,85.03,3.017,126.1069032,9.199,False,0.0,0.0,0.0,0.0,0.0,469598.57
42,2010-08-06,C,39690,86.13,3.123,126.0854516,9.199,False,0.0,0.0,0.0,0.0,0.0,579544.2100000001
42,2010-08-13,C,39690,88.37,3.049,126.064,9.199,False,0.0,0.0,0.0,0.0,0.0,583079.97
42,2010-08-20,C,39690,89.88,3.041,126.0766452,9.199,False,0.0,0.0,0.0,0.0,0.0,500945.63
42,2010-08-27,C,39690,84.99,3.022,126.0892903,9.199,False,0.0,0.0,0.0,0.0,0.0,465993.51
42,2010-09-03,C,39690,83.8,3.087,126.1019355,9.199,False,0.0,0.0,0.0,0.0,0.0,524658.0599999999
42,2010-09-10,C,39690,84.04,2.961,126.1145806,9.199,True,0.0,0.0,0.0,0.0,0.0,589091.04
42,2010-09-17,C,39690,85.52,3.028,126.1454667,9.199,False,0.0,0.0,0.0,0.0,0.0,536871.58
42,2010-09-24,C,39690,85.75,2.939,126.1900333,9.199,False,0.0,0.0,0.0,0.0,0.0,492262.95999999996
42,2010-10-01,C,39690,86.01,3.001,126.2346,9.003,False,0.0,0.0,0.0,0.0,0.0,481523.93
42,2010-10-08,C,39690,77.04,2.924,126.2791667,9.003,False,0.0,0.0,0.0,0.0,0.0,599759.45
42,2010-10-15,C,39690,75.48,3.08,126.3266774,9.003,False,0.0,0.0,0.0,0.0,0.0,559285.35
42,2010-10-22,C,39690,68.12,3.014,126.3815484,9.003,False,0.0,0.0,0.0,0.0,0.0,522467.51
42,2010-10-29,C,39690,68.76,3.13,126.4364194,9.003,False,0.0,0.0,0.0,0.0,0.0,476967.65
42,2010-11-05,C,39690,71.04,3.009,126.4912903,9.003,False,0.0,0.0,0.0,0.0,0.0,565390.4
42,2010-11-12,C,39690,61.24,3.13,126.5461613,9.003,False,0.0,0.0,0.0,0.0,0.0,588592.61
42,2010-11-19,C,39690,58.83,3.047,126.6072,9.003,False,0.0,0.0,0.0,0.0,0.0,524316.21
42,2010-11-26,C,39690,55.33,3.162,126.6692667,9.003,True,0.0,0.0,0.0,0.0,0.0,522296.71
42,2010-12-03,C,39690,51.17,3.041,126.7313333,9.003,False,0.0,0.0,0.0,0.0,0.0,500250.8
42,2010-12-10,C,39690,60.51,3.091,126.7934,9.003,False,0.0,0.0,0.0,0.0,0.0,585175.24
42,2010-12-17,C,39690,59.15,3.125,126.8794839,9.003,False,0.0,0.0,0.0,0.0,0.0,537455.65
42,2010-12-24,C,39690,57.06,3.236,126.9835806,9.003,False,0.0,0.0,0.0,0.0,0.0,555075.27
42,2010-12-31,C,39690,49.67,3.148,127.0876774,9.003,True,0.0,0.0,0.0,0.0,0.0,428953.60000000003
42,2011-01-07,C,39690,43.43,3.287,127.1917742,8.744,False,0.0,0.0,0.0,0.0,0.0,592947.75
42,2011-01-14,C,39690,49.98,3.312,127.3009355,8.744,False,0.0,0.0,0.0,0.0,0.0,613899.15
42,2011-01-21,C,39690,56.75,3.336,127.4404839,8.744,False,0.0,0.0,0.0,0.0,0.0,533414.62
42,2011-01-28,C,39690,53.03,3.231,127.5800323,8.744,False,0.0,0.0,0.0,0.0,0.0,499081.79
42,2011-02-04,C,39690,44.88,3.348,127.7195806,8.744,False,0.0,0.0,0.0,0.0,0.0,586886.16
42,2011-02-11,C,39690,51.51,3.381,127.859129,8.744,True,0.0,0.0,0.0,0.0,0.0,628063.88
42,2011-02-18,C,39690,61.77,3.43,127.99525,8.744,False,0.0,0.0,0.0,0.0,0.0,556485.1
42,2011-02-25,C,39690,53.59,3.398,128.13,8.744,False,0.0,0.0,0.0,0.0,0.0,526904.08
42,2011-03-04,C,39690,56.96,3.674,128.26475,8.744,False,0.0,0.0,0.0,0.0,0.0,570879.04
42,2011-03-11,C,39690,64.22,3.63,128.3995,8.744,False,0.0,0.0,0.0,0.0,0.0,607294.56
42,2011-03-18,C,39690,70.12,3.892,128.5121935,8.744,False,0.0,0.0,0.0,0.0,0.0,558239.32
42,2011-03-25,C,39690,62.53,3.716,128.6160645,8.744,False,0.0,0.0,0.0,0.0,0.0,522673.62
42,2011-04-01,C,39690,67.64,3.772,128.7199355,8.494,False,0.0,0.0,0.0,0.0,0.0,508432.17
42,2011-04-08,C,39690,73.03,3.818,128.8238065,8.494,False,0.0,0.0,0.0,0.0,0.0,620087.35
42,2011-04-15,C,39690,61.05,4.089,128.9107333,8.494,False,0.0,0.0,0.0,0.0,0.0,597644.02
42,2011-04-22,C,39690,75.93,3.917,128.9553,8.494,False,0.0,0.0,0.0,0.0,0.0,534597.69
42,2011-04-29,C,39690,73.38,4.151,128.9998667,8.494,False,0.0,0.0,0.0,0.0,0.0,496010.17
42,2011-05-06,C,39690,73.56,4.193,129.0444333,8.494,False,0.0,0.0,0.0,0.0,0.0,612337.35
42,2011-05-13,C,39690,74.04,4.202,129.089,8.494,False,0.0,0.0,0.0,0.0,0.0,603024.75
42,2011-05-20,C,39690,72.62,3.99,129.0756774,8.494,False,0.0,0.0,0.0,0.0,0.0,524559.95
42,2011-05-27,C,39690,78.62,3.933,129.0623548,8.494,False,0.0,0.0,0.0,0.0,0.0,503295.29
42,2011-06-03,C,39690,81.87,3.893,129.0490323,8.494,False,0.0,0.0,0.0,0.0,0.0,545109.3
42,2011-06-10,C,39690,84.57,3.981,129.0357097,8.494,False,0.0,0.0,0.0,0.0,0.0,616701.99
42,2011-06-17,C,39690,87.96,3.935,129.0432,8.494,False,0.0,0.0,0.0,0.0,0.0,546675.65
42,2011-06-24,C,39690,90.69,3.807,129.0663,8.494,False,0.0,0.0,0.0,0.0,0.0,501780.66000000003
42,2011-07-01,C,39690,95.36,3.842,129.0894,8.257,False,0.0,0.0,0.0,0.0,0.0,506343.83
42,2011-07-08,C,39690,88.57,3.793,129.1125,8.257,False,0.0,0.0,0.0,0.0,0.0,593234.27
42,2011-07-15,C,39690,86.01,3.779,129.1338387,8.257,False,0.0,0.0,0.0,0.0,0.0,591703.8200000001
42,2011-07-22,C,39690,88.59,3.697,129.1507742,8.257,False,0.0,0.0,0.0,0.0,0.0,511316.29
42,2011-07-29,C,39690,86.75,3.694,129.1677097,8.257,False,0.0,0.0,0.0,0.0,0.0,479256.8
42,2011-08-05,C,39690,89.8,3.803,129.1846452,8.257,False,0.0,0.0,0.0,0.0,0.0,572603.33
42,2011-08-12,C,39690,85.61,3.794,129.2015806,8.257,False,0.0,0.0,0.0,0.0,0.0,603147.26
42,2011-08-19,C,39690,87.4,3.743,129.2405806,8.257,False,0.0,0.0,0.0,0.0,0.0,526641.23
42,2011-08-26,C,39690,91.59,3.663,129.2832581,8.257,False,0.0,0.0,0.0,0.0,0.0,503720.98
42,2011-09-02,C,39690,91.61,3.798,129.3259355,8.257,False,0.0,0.0,0.0,0.0,0.0,537124.76
42,2011-09-09,C,39690,89.06,3.771,129.3686129,8.257,True,0.0,0.0,0.0,0.0,0.0,608390.9400000001
42,2011-09-16,C,39690,77.49,3.784,129.4306,8.257,False,0.0,0.0,0.0,0.0,0.0,576837.09
42,2011-09-23,C,39690,82.51,3.789,129.5183333,8.257,False,0.0,0.0,0.0,0.0,0.0,528486.45
42,2011-09-30,C,39690,82.27,3.877,129.6060667,8.257,False,0.0,0.0,0.0,0.0,0.0,510243.79
42,2011-10-07,C,39690,75.01,3.827,129.6938,7.874,False,0.0,0.0,0.0,0.0,0.0,649111.23
42,2011-10-14,C,39690,70.27,3.698,129.7706452,7.874,False,0.0,0.0,0.0,0.0,0.0,613531.11
42,2011-10-21,C,39690,77.91,3.842,129.7821613,7.874,False,0.0,0.0,0.0,0.0,0.0,537276.41
42,2011-10-28,C,39690,72.79,3.843,129.7936774,7.874,False,0.0,0.0,0.0,0.0,0.0,515599.69999999995
42,2011-11-04,C,39690,68.57,3.828,129.8051935,7.874,False,0.0,0.0,0.0,0.0,0.0,597667.21
42,2011-11-11,C,39690,55.28,3.677,129.8167097,7.874,False,25.73,274.85,14.74,0.0,2885.55,643125.29
42,2011-11-18,C,39690,58.97,3.669,129.8268333,7.874,False,2544.26,12.31,2.02,0.0,3385.15,567673.87
42,2011-11-25,C,39690,60.68,3.76,129.8364,7.874,True,25.8,0.0,4.7,0.0,1932.72,577698.37
42,2011-12-02,C,39690,57.29,3.701,129.8459667,7.874,False,24.09,0.0,4.7,0.0,1016.84,511883.36
42,2011-12-09,C,39690,42.58,3.644,129.8555333,7.874,False,31.2,0.0,21.31,0.0,1872.37,619133.48
42,2011-12-16,C,39690,50.53,3.489,129.8980645,7.874,False,2.42,0.0,31.33,0.0,675.78,598437.98
42,2011-12-23,C,39690,48.36,3.541,129.9845484,7.874,False,103.5,0.0,19.63,0.0,939.49,575676.13
42,2011-12-30,C,39690,48.92,3.428,130.0710323,7.874,True,242.41,1447.26,3.64,183.96,459.06,454412.28
42,2012-01-06,C,39690,59.85,3.443,130.1575161,7.545,False,2.91,2655.21,77.86,0.0,649.61,636372.37
42,2012-01-13,C,39690,51.0,3.477,130.244,7.545,False,1251.87,2536.15,21.1,0.0,515.26,664348.2
42,2012-01-20,C,39690,54.51,3.66,130.2792258,7.545,False,604.05,1982.9,0.0,0.0,343.93,579499.9299999999
42,2012-01-27,C,39690,53.59,3.675,130.3144516,7.545,False,2.4,539.32,0.0,0.0,816.91,538978.67
42,2012-02-03,C,39690,56.85,3.543,130.3496774,7.545,False,1351.16,17.81,15.97,263.92,1415.88,588448.21
42,2012-02-10,C,39690,55.73,3.722,130.3849032,7.545,True,992.73,13.93,25.7,0.0,1700.95,674919.45
42,2012-02-17,C,39690,54.12,3.781,130.4546207,7.545,False,66.87,736.8,3.94,0.0,996.28,606671.5
42,2012-02-24,C,39690,56.02,3.95,130.5502069,7.545,False,353.39,232.44,0.0,0.0,1644.66,564304.15
42,2012-03-02,C,39690,57.62,3.882,130.6457931,7.545,False,441.4,10.78,1.96,0.0,1511.43,585895.34
42,2012-03-09,C,39690,57.65,3.963,130.7413793,7.545,False,392.63,1.0,3.43,2.8,798.38,659816.15
42,2012-03-16,C,39690,62.11,4.273,130.8261935,7.545,False,438.48,1.5,2.35,0.0,2251.09,618767.26
42,2012-03-23,C,39690,56.54,4.288,130.8966452,7.545,False,2.43,0.0,0.68,0.0,796.25,561226.38
42,2012-03-30,C,39690,67.92,4.294,130.9670968,7.545,False,341.0,1.5,0.0,21.94,1431.13,544408.14
42,2012-04-06,C,39690,65.99,4.282,131.0375484,7.382,False,2.12,0.0,34.23,0.0,250.62,652312.11
42,2012-04-13,C,39690,70.28,4.254,131.108,7.382,False,146.91,848.67,14.51,0.0,1191.9,639123.45
42,2012-04-20,C,39690,67.75,4.111,131.1173333,7.382,False,82.23,169.55,16.1,0.0,642.71,552529.23
42,2012-04-27,C,39690,80.11,4.088,131.1266667,7.382,False,685.44,0.0,12.09,0.0,512.76,526625.49
42,2012-05-04,C,39690,77.02,4.058,131.136,7.382,False,163.43,0.0,18.34,0.0,935.36,609274.89
42,2012-05-11,C,39690,76.03,4.186,131.1453333,7.382,False,312.29,0.0,4.0,0.0,1445.4,643603.69
42,2012-05-18,C,39690,85.19,4.308,131.0983226,7.382,False,354.41,0.0,0.0,0.0,1393.17,590636.38
42,2012-05-25,C,39690,86.03,4.127,131.0287742,7.382,False,63.93,0.0,0.9,0.0,1169.65,535764.58
42,2012-06-01,C,39690,80.06,4.277,130.9592258,7.382,False,609.75,0.0,1.1,43.67,726.34,521953.78
42,2012-06-08,C,39690,86.87,4.103,130.8896774,7.382,False,349.94,0.0,16.64,0.0,1272.21,642671.48
42,2012-06-15,C,39690,88.58,4.144,130.8295333,7.382,False,499.78,0.0,2.17,0.0,1187.29,606309.13
42,2012-06-22,C,39690,89.92,4.014,130.7929,7.382,False,44.66,0.0,0.0,0.0,1338.53,540031.29
42,2012-06-29,C,39690,91.36,3.875,130.7562667,7.382,False,755.44,0.0,0.0,0.0,1062.46,507403.77
42,2012-07-06,C,39690,86.87,3.666,130.7196333,7.17,False,156.49,0.0,9.43,0.0,876.53,618702.09
42,2012-07-13,C,39690,89.8,3.723,130.683,7.17,False,769.08,0.0,2.36,0.0,2678.63,628099.08
42,2012-07-20,C,39690,84.45,3.589,130.7012903,7.17,False,200.92,0.0,4.48,0.0,1026.11,530318.39
42,2012-07-27,C,39690,83.98,3.769,130.7195806,7.17,False,24.48,0.0,0.0,0.0,1660.33,516352.21
42,2012-08-03,C,39690,84.76,3.595,130.737871,7.17,False,0.0,0.0,5.97,0.0,628.99,573084.71
42,2012-08-10,C,39690,90.78,3.811,130.7561613,7.17,False,69.32,0.0,18.08,0.0,353.19,576620.31
42,2012-08-17,C,39690,88.83,4.002,130.7909677,7.17,False,246.98,0.0,24.22,13.23,3098.22,575997.78
42,2012-08-24,C,39690,82.5,4.055,130.8381613,7.17,False,548.62,0.0,54.43,57.18,2628.1,535537.03
42,2012-08-31,C,39690,86.97,3.886,130.8853548,7.17,False,285.66,0.0,18.65,141.64,906.18,504760.57
42,2012-09-07,C,39690,83.07,4.124,130.9325484,7.17,True,341.05,0.0,220.6,72.7,1629.72,617405.35
42,2012-09-14,C,39690,78.47,3.966,130.9776667,7.17,False,745.27,0.0,46.65,0.0,945.84,586737.66
42,2012-09-21,C,39690,81.93,4.125,131.0103333,7.17,False,0.0,0.0,0.0,0.0,164.08,527165.7
42,2012-09-28,C,39690,82.52,3.966,131.043,7.17,False,123.87,0.0,0.0,0.0,548.02,505978.46
42,2012-10-05,C,39690,80.88,4.132,131.0756667,6.943,False,479.07,0.0,6.0,10.64,2565.13,593162.53
42,2012-10-12,C,39690,76.03,4.468,131.1083333,6.943,False,49.38,0.0,10.87,0.0,970.72,612379.9
42,2012-10-19,C,39690,72.71,4.449,131.1499677,6.943,False,56.03,0.0,8.69,0.0,455.38,541406.98
42,2012-10-26,C,39690,70.5,4.301,131.1930968,6.943,False,0.0,0.75,2.0,0.0,1034.55,514756.08
43,2010-02-05,C,41062,47.31,2.572,203.0642742,9.521,False,0.0,0.0,0.0,0.0,0.0,647029.28
43,2010-02-12,C,41062,47.99,2.548,203.2010968,9.521,True,0.0,0.0,0.0,0.0,0.0,682918.99
43,2010-02-19,C,41062,48.77,2.514,203.2479796,9.521,False,0.0,0.0,0.0,0.0,0.0,658997.55
43,2010-02-26,C,41062,48.77,2.561,203.2798724,9.521,False,0.0,0.0,0.0,0.0,0.0,618702.79
43,2010-03-05,C,41062,52.89,2.625,203.3117653,9.521,False,0.0,0.0,0.0,0.0,0.0,658600.05
43,2010-03-12,C,41062,53.67,2.667,203.3436582,9.521,False,0.0,0.0,0.0,0.0,0.0,645386.9400000001
43,2010-03-19,C,41062,56.0,2.72,203.195159,9.521,False,0.0,0.0,0.0,0.0,0.0,668098.49
43,2010-03-26,C,41062,54.53,2.732,203.0165945,9.521,False,0.0,0.0,0.0,0.0,0.0,623097.9299999999
43,2010-04-02,C,41062,62.19,2.719,202.83803,9.593,False,0.0,0.0,0.0,0.0,0.0,650102.8
43,2010-04-09,C,41062,64.37,2.77,202.6594654,9.593,False,0.0,0.0,0.0,0.0,0.0,693058.34
43,2010-04-16,C,41062,69.46,2.808,202.5351571,9.593,False,0.0,0.0,0.0,0.0,0.0,675282.2
43,2010-04-23,C,41062,62.71,2.795,202.4831905,9.593,False,0.0,0.0,0.0,0.0,0.0,638957.35
43,2010-04-30,C,41062,66.91,2.78,202.4312238,9.593,False,0.0,0.0,0.0,0.0,0.0,630740.11
43,2010-05-07,C,41062,67.16,2.835,202.3792571,9.593,False,0.0,0.0,0.0,0.0,0.0,691498.6
43,2010-05-14,C,41062,72.14,2.854,202.3705092,9.593,False,0.0,0.0,0.0,0.0,0.0,690851.59
43,2010-05-21,C,41062,74.74,2.826,202.6210737,9.593,False,0.0,0.0,0.0,0.0,0.0,672062.08
43,2010-05-28,C,41062,78.59,2.759,202.8716382,9.593,False,0.0,0.0,0.0,0.0,0.0,630315.76
43,2010-06-04,C,41062,82.76,2.705,203.1222028,9.593,False,0.0,0.0,0.0,0.0,0.0,682012.53
43,2010-06-11,C,41062,88.12,2.668,203.3727673,9.593,False,0.0,0.0,0.0,0.0,0.0,684023.95
43,2010-06-18,C,41062,84.9,2.637,203.370619,9.593,False,0.0,0.0,0.0,0.0,0.0,700009.77
43,2010-06-25,C,41062,88.48,2.653,203.2673857,9.593,False,0.0,0.0,0.0,0.0,0.0,625196.14
43,2010-07-02,C,41062,80.17,2.669,203.1641524,9.816,False,0.0,0.0,0.0,0.0,0.0,667353.79
43,2010-07-09,C,41062,81.52,2.642,203.060919,9.816,False,0.0,0.0,0.0,0.0,0.0,718748.33
43,2010-07-16,C,41062,84.17,2.623,203.0538548,9.816,False,0.0,0.0,0.0,0.0,0.0,696844.36
43,2010-07-23,C,41062,86.6,2.608,203.1750161,9.816,False,0.0,0.0,0.0,0.0,0.0,649035.55
43,2010-07-30,C,41062,79.79,2.64,203.2961774,9.816,False,0.0,0.0,0.0,0.0,0.0,622112.23
43,2010-08-06,C,41062,84.66,2.627,203.4173387,9.816,False,0.0,0.0,0.0,0.0,0.0,698536.0599999999
43,2010-08-13,C,41062,86.31,2.692,203.5385,9.816,False,0.0,0.0,0.0,0.0,0.0,713479.91
43,2010-08-20,C,41062,85.26,2.664,203.5092419,9.816,False,0.0,0.0,0.0,0.0,0.0,712869.09
43,2010-08-27,C,41062,80.32,2.619,203.4799839,9.816,False,0.0,0.0,0.0,0.0,0.0,655284.6900000001
43,2010-09-03,C,41062,80.43,2.577,203.4507258,9.816,False,0.0,0.0,0.0,0.0,0.0,689326.91
43,2010-09-10,C,41062,81.32,2.565,203.4214677,9.816,True,0.0,0.0,0.0,0.0,0.0,722120.04
43,2010-09-17,C,41062,78.86,2.582,203.4499286,9.816,False,0.0,0.0,0.0,0.0,0.0,725043.04
43,2010-09-24,C,41062,77.42,2.624,203.5216786,9.816,False,0.0,0.0,0.0,0.0,0.0,650263.95
43,2010-10-01,C,41062,77.93,2.603,203.5934286,10.21,False,0.0,0.0,0.0,0.0,0.0,657108.77
43,2010-10-08,C,41062,72.81,2.633,203.6651786,10.21,False,0.0,0.0,0.0,0.0,0.0,713332.54
43,2010-10-15,C,41062,68.78,2.72,203.7299032,10.21,False,0.0,0.0,0.0,0.0,0.0,699852.68
43,2010-10-22,C,41062,69.46,2.725,203.7770645,10.21,False,0.0,0.0,0.0,0.0,0.0,680943.03
43,2010-10-29,C,41062,65.88,2.716,203.8242258,10.21,False,0.0,0.0,0.0,0.0,0.0,610076.32
43,2010-11-05,C,41062,62.52,2.689,203.8713871,10.21,False,0.0,0.0,0.0,0.0,0.0,605960.2
43,2010-11-12,C,41062,59.98,2.728,203.9185484,10.21,False,0.0,0.0,0.0,0.0,0.0,595421.23
43,2010-11-19,C,41062,54.96,2.771,203.8191286,10.21,False,0.0,0.0,0.0,0.0,0.0,589467.35
43,2010-11-26,C,41062,54.76,2.735,203.6952786,10.21,True,0.0,0.0,0.0,0.0,0.0,633520.34
43,2010-12-03,C,41062,44.56,2.708,203.5714286,10.21,False,0.0,0.0,0.0,0.0,0.0,557543.62
43,2010-12-10,C,41062,52.52,2.843,203.4475786,10.21,False,0.0,0.0,0.0,0.0,0.0,598679.02
43,2010-12-17,C,41062,56.51,2.869,203.3996521,10.21,False,0.0,0.0,0.0,0.0,0.0,615761.77
43,2010-12-24,C,41062,57.15,2.886,203.4086682,10.21,False,0.0,0.0,0.0,0.0,0.0,656637.63
43,2010-12-31,C,41062,48.61,2.943,203.4176843,10.21,True,0.0,0.0,0.0,0.0,0.0,534740.3
43,2011-01-07,C,41062,40.47,2.976,203.4267005,10.398,False,0.0,0.0,0.0,0.0,0.0,611796.61
43,2011-01-14,C,41062,43.45,2.983,203.4840645,10.398,False,0.0,0.0,0.0,0.0,0.0,614940.07
43,2011-01-21,C,41062,53.05,3.016,203.8315161,10.398,False,0.0,0.0,0.0,0.0,0.0,601004.79
43,2011-01-28,C,41062,44.98,3.01,204.1789677,10.398,False,0.0,0.0,0.0,0.0,0.0,562558.27
43,2011-02-04,C,41062,33.21,2.989,204.5264194,10.398,False,0.0,0.0,0.0,0.0,0.0,651521.77
43,2011-02-11,C,41062,40.65,3.022,204.873871,10.398,True,0.0,0.0,0.0,0.0,0.0,635650.98
43,2011-02-18,C,41062,59.15,3.045,205.1683214,10.398,False,0.0,0.0,0.0,0.0,0.0,626627.77
43,2011-02-25,C,41062,58.37,3.065,205.4415714,10.398,False,0.0,0.0,0.0,0.0,0.0,592340.01
43,2011-03-04,C,41062,60.26,3.288,205.7148214,10.398,False,0.0,0.0,0.0,0.0,0.0,616345.25
43,2011-03-11,C,41062,60.24,3.459,205.9880714,10.398,False,0.0,0.0,0.0,0.0,0.0,629026.75
43,2011-03-18,C,41062,68.98,3.488,206.225924,10.398,False,0.0,0.0,0.0,0.0,0.0,635171.05
43,2011-03-25,C,41062,65.53,3.473,206.4496175,10.398,False,0.0,0.0,0.0,0.0,0.0,585989.1
43,2011-04-01,C,41062,67.79,3.524,206.6733111,10.581,False,0.0,0.0,0.0,0.0,0.0,611585.54
43,2011-04-08,C,41062,70.35,3.622,206.8970046,10.581,False,0.0,0.0,0.0,0.0,0.0,650418.75
43,2011-04-15,C,41062,65.01,3.743,207.1015429,10.581,False,0.0,0.0,0.0,0.0,0.0,635758.03
43,2011-04-22,C,41062,74.49,3.807,207.2581929,10.581,False,0.0,0.0,0.0,0.0,0.0,638280.67
43,2011-04-29,C,41062,71.34,3.81,207.4148429,10.581,False,0.0,0.0,0.0,0.0,0.0,611464.21
43,2011-05-06,C,41062,66.77,3.906,207.5714929,10.581,False,0.0,0.0,0.0,0.0,0.0,649148.74
43,2011-05-13,C,41062,76.03,3.899,207.7281429,10.581,False,0.0,0.0,0.0,0.0,0.0,684655.91
43,2011-05-20,C,41062,74.21,3.907,207.5200622,10.581,False,0.0,0.0,0.0,0.0,0.0,648330.18
43,2011-05-27,C,41062,80.89,3.786,207.3119816,10.581,False,0.0,0.0,0.0,0.0,0.0,578209.63
43,2011-06-03,C,41062,83.49,3.699,207.1039009,10.581,False,0.0,0.0,0.0,0.0,0.0,630972.15
43,2011-06-10,C,41062,85.81,3.648,206.8958203,10.581,False,0.0,0.0,0.0,0.0,0.0,643041.71
43,2011-06-17,C,41062,88.49,3.637,206.8560238,10.581,False,0.0,0.0,0.0,0.0,0.0,665781.74
43,2011-06-24,C,41062,88.3,3.594,206.9424405,10.581,False,0.0,0.0,0.0,0.0,0.0,604925.08
43,2011-07-01,C,41062,91.36,3.524,207.0288571,10.641,False,0.0,0.0,0.0,0.0,0.0,586781.78
43,2011-07-08,C,41062,87.02,3.48,207.1152738,10.641,False,0.0,0.0,0.0,0.0,0.0,651147.83
43,2011-07-15,C,41062,84.67,3.575,207.1940691,10.641,False,0.0,0.0,0.0,0.0,0.0,631827.38
43,2011-07-22,C,41062,88.58,3.651,207.2538111,10.641,False,0.0,0.0,0.0,0.0,0.0,597354.39
43,2011-07-29,C,41062,83.43,3.682,207.313553,10.641,False,0.0,0.0,0.0,0.0,0.0,533917.52
43,2011-08-05,C,41062,87.47,3.684,207.3732949,10.641,False,0.0,0.0,0.0,0.0,0.0,605956.59
43,2011-08-12,C,41062,86.64,3.638,207.4330369,10.641,False,0.0,0.0,0.0,0.0,0.0,595626.56
43,2011-08-19,C,41062,82.08,3.554,207.4953088,10.641,False,0.0,0.0,0.0,0.0,0.0,663396.3200000001
43,2011-08-26,C,41062,87.43,3.523,207.5580023,10.641,False,0.0,0.0,0.0,0.0,0.0,561573.08
43,2011-09-02,C,41062,87.84,3.533,207.6206959,10.641,False,0.0,0.0,0.0,0.0,0.0,594224.9
43,2011-09-09,C,41062,79.29,3.546,207.6833894,10.641,True,0.0,0.0,0.0,0.0,0.0,649128.23
43,2011-09-16,C,41062,77.17,3.526,207.8527143,10.641,False,0.0,0.0,0.0,0.0,0.0,618877.13
43,2011-09-23,C,41062,78.98,3.467,208.1642143,10.641,False,0.0,0.0,0.0,0.0,0.0,586108.13
43,2011-09-30,C,41062,78.97,3.355,208.4757143,10.641,False,0.0,0.0,0.0,0.0,0.0,555183.72
43,2011-10-07,C,41062,74.17,3.285,208.7872143,10.148,False,0.0,0.0,0.0,0.0,0.0,642828.62
43,2011-10-14,C,41062,68.09,3.274,209.0752166,10.148,False,0.0,0.0,0.0,0.0,0.0,590984.56
43,2011-10-21,C,41062,70.3,3.353,209.2222327,10.148,False,0.0,0.0,0.0,0.0,0.0,594625.96
43,2011-10-28,C,41062,66.82,3.372,209.3692488,10.148,False,0.0,0.0,0.0,0.0,0.0,572516.57
43,2011-11-04,C,41062,59.08,3.332,209.516265,10.148,False,0.0,0.0,0.0,0.0,0.0,641905.37
43,2011-11-11,C,41062,51.26,3.297,209.6632811,10.148,False,179.25,944.52,3.06,0.0,2836.25,615975.5
43,2011-11-18,C,41062,57.75,3.308,209.8651071,10.148,False,32.13,3.37,2.56,0.0,1004.04,628115.61
43,2011-11-25,C,41062,55.7,3.236,210.0888571,10.148,True,3.37,0.0,5.76,0.0,212.75,669965.22
43,2011-12-02,C,41062,47.49,3.172,210.3126071,10.148,False,14.82,0.0,6.11,0.0,1707.13,585028.26
43,2011-12-09,C,41062,34.23,3.158,210.5363571,10.148,False,38.34,0.0,7.41,0.0,1707.87,617898.07
43,2011-12-16,C,41062,43.78,3.159,210.7365392,10.148,False,4.86,0.0,2.5,0.0,1070.83,665007.08
43,2011-12-23,C,41062,42.63,3.112,210.9052972,10.148,False,75.54,0.0,3.75,0.0,1276.15,676290.46
43,2011-12-30,C,41062,41.83,3.129,211.0740553,10.148,True,415.59,1926.05,0.0,50.66,837.74,505405.85
43,2012-01-06,C,41062,47.59,3.157,211.2428134,9.653,False,32.95,1699.03,70.35,0.0,1168.66,670993.01
43,2012-01-13,C,41062,43.68,3.261,211.4115714,9.653,False,894.04,209.71,32.36,0.0,1191.88,663529.64
43,2012-01-20,C,41062,52.72,3.268,211.4997811,9.653,False,320.8,24.36,31.72,0.0,153.04,619225.65
43,2012-01-27,C,41062,52.1,3.29,211.5879908,9.653,False,122.11,8.64,26.26,0.0,532.33,587685.38
43,2012-02-03,C,41062,51.92,3.36,211.6762005,9.653,False,1702.1,33.56,51.66,152.82,2211.81,629176.71
43,2012-02-10,C,41062,46.54,3.409,211.7644101,9.653,True,565.9,0.0,27.07,0.0,1984.35,662198.65
43,2012-02-17,C,41062,49.38,3.51,211.916835,9.653,False,109.95,1389.84,0.52,0.0,2824.89,660632.0499999999
43,2012-02-24,C,41062,53.53,3.555,212.1174212,9.653,False,439.68,361.74,0.0,0.0,1450.19,613042.97
43,2012-03-02,C,41062,56.43,3.63,212.3180074,9.653,False,346.74,2.56,15.84,0.0,1429.73,693249.98
43,2012-03-09,C,41062,54.52,3.669,212.5185936,9.653,False,392.09,0.5,0.0,0.0,1293.41,636677.67
43,2012-03-16,C,41062,57.88,3.734,212.6651567,9.653,False,257.14,0.0,2.04,0.0,631.56,661707.02
43,2012-03-23,C,41062,56.28,3.787,212.7396889,9.653,False,197.77,0.0,1.36,0.0,1485.55,610940.9400000001
43,2012-03-30,C,41062,69.88,3.845,212.8142212,9.653,False,144.85,0.0,0.0,0.0,470.29,623258.4
43,2012-04-06,C,41062,64.7,3.891,212.8887535,9.575,False,177.39,0.0,12.17,0.0,1479.85,658468.27
43,2012-04-13,C,41062,70.18,3.891,212.9632857,9.575,False,150.15,1125.71,4.49,0.0,407.12,665687.92
43,2012-04-20,C,41062,67.28,3.877,213.0130524,9.575,False,239.84,1777.55,5.6,86.89,870.6,638144.98
43,2012-04-27,C,41062,78.27,3.814,213.062819,9.575,False,251.26,0.0,1.98,0.0,719.56,593138.59
43,2012-05-04,C,41062,77.47,3.749,213.1125857,9.575,False,364.76,0.0,9.06,0.0,949.81,637964.2
43,2012-05-11,C,41062,67.59,3.688,213.1623524,9.575,False,25.3,0.0,2.16,0.0,494.05,640159.04
43,2012-05-18,C,41062,72.06,3.63,213.1753618,9.575,False,939.16,0.0,0.0,0.0,1477.98,648541.8099999999
43,2012-05-25,C,41062,82.41,3.561,213.1736682,9.575,False,566.81,0.0,1.1,0.0,875.91,597406.39
43,2012-06-01,C,41062,80.89,3.501,213.1719747,9.575,False,290.87,0.0,0.8,0.0,725.1,605078.62
43,2012-06-08,C,41062,85.73,3.452,213.1702811,9.575,False,446.4,0.0,3.96,0.0,1732.71,643032.51
43,2012-06-15,C,41062,87.75,3.393,213.1786952,9.575,False,402.48,0.0,0.65,0.0,1315.66,634815.1
43,2012-06-22,C,41062,87.51,3.346,213.2123786,9.575,False,184.26,0.0,3.2,0.0,1298.9,613270.79
43,2012-06-29,C,41062,89.85,3.286,213.2460619,9.575,False,289.03,0.0,0.0,0.0,2027.07,593128.13
43,2012-07-06,C,41062,82.68,3.227,213.2797452,9.285,False,219.7,0.0,3.02,0.0,1141.12,645618.59
43,2012-07-13,C,41062,78.82,3.256,213.3134286,9.285,False,539.85,0.0,0.71,0.0,2373.05,627634.04
43,2012-07-20,C,41062,83.83,3.311,213.3219124,9.285,False,233.77,0.0,3.69,0.0,1256.91,596554.05
43,2012-07-27,C,41062,82.01,3.407,213.3303963,9.285,False,22.35,0.0,1.19,0.0,1452.64,572447.52
43,2012-08-03,C,41062,85.06,3.417,213.3388802,9.285,False,312.78,0.0,24.23,22.86,1317.6,614378.9400000001
43,2012-08-10,C,41062,86.36,3.494,213.3473641,9.285,False,173.95,0.0,9.33,0.0,1073.06,643558.78
43,2012-08-17,C,41062,85.66,3.571,213.4226959,9.285,False,254.74,0.0,11.9,0.0,792.66,640210.85
43,2012-08-24,C,41062,81.65,3.62,213.5481636,9.285,False,364.02,0.0,13.07,0.0,1309.22,598234.64
43,2012-08-31,C,41062,81.12,3.638,213.6736313,9.285,False,699.48,0.0,12.39,615.93,1122.02,593141.29
43,2012-09-07,C,41062,84.99,3.73,213.7990991,9.285,True,610.93,0.0,18.29,50.5,516.76,663814.18
43,2012-09-14,C,41062,73.03,3.717,213.9332167,9.285,False,1601.72,0.0,18.56,0.0,1219.44,625196.94
43,2012-09-21,C,41062,75.87,3.721,214.1192333,9.285,False,259.57,0.0,0.0,0.0,1792.73,601990.02
43,2012-09-28,C,41062,77.55,3.666,214.30525,9.285,False,343.99,0.0,0.0,0.0,1087.72,577792.32
43,2012-10-05,C,41062,74.09,3.617,214.4912667,8.839,False,183.84,0.0,0.01,0.0,3093.39,642614.89
43,2012-10-12,C,41062,71.14,3.601,214.6772833,8.839,False,90.11,0.0,14.56,0.0,911.55,619369.72
43,2012-10-19,C,41062,71.25,3.594,214.7212488,8.839,False,121.84,0.0,11.14,0.0,964.01,623919.23
43,2012-10-26,C,41062,69.17,3.506,214.7415392,8.839,False,23.68,7.24,6.0,0.0,815.05,587603.55
44,2010-02-05,C,39910,31.53,2.666,126.4420645,8.119,False,0.0,0.0,0.0,0.0,0.0,281090.95
44,2010-02-12,C,39910,33.16,2.671,126.4962581,8.119,True,0.0,0.0,0.0,0.0,0.0,286857.13
44,2010-02-19,C,39910,35.7,2.654,126.5262857,8.119,False,0.0,0.0,0.0,0.0,0.0,267956.3
44,2010-02-26,C,39910,29.98,2.667,126.5522857,8.119,False,0.0,0.0,0.0,0.0,0.0,273079.07
44,2010-03-05,C,39910,40.65,2.681,126.5782857,8.119,False,0.0,0.0,0.0,0.0,0.0,284617.27
44,2010-03-12,C,39910,37.62,2.733,126.6042857,8.119,False,0.0,0.0,0.0,0.0,0.0,272190.83
44,2010-03-19,C,39910,42.49,2.782,126.6066452,8.119,False,0.0,0.0,0.0,0.0,0.0,269624.2
44,2010-03-26,C,39910,41.48,2.819,126.6050645,8.119,False,0.0,0.0,0.0,0.0,0.0,276279.49
44,2010-04-02,C,39910,42.15,2.842,126.6034839,7.972,False,0.0,0.0,0.0,0.0,0.0,286197.5
44,2010-04-09,C,39910,38.97,2.877,126.6019032,7.972,False,0.0,0.0,0.0,0.0,0.0,257361.3
44,2010-04-16,C,39910,50.39,2.915,126.5621,7.972,False,0.0,0.0,0.0,0.0,0.0,280048.74
44,2010-04-23,C,39910,55.66,2.936,126.4713333,7.972,False,0.0,0.0,0.0,0.0,0.0,278287.04
44,2010-04-30,C,39910,48.33,2.941,126.3805667,7.972,False,0.0,0.0,0.0,0.0,0.0,272997.65
44,2010-05-07,C,39910,44.42,2.948,126.2898,7.972,False,0.0,0.0,0.0,0.0,0.0,285379.86
44,2010-05-14,C,39910,50.15,2.962,126.2085484,7.972,False,0.0,0.0,0.0,0.0,0.0,286515.92
44,2010-05-21,C,39910,57.71,2.95,126.1843871,7.972,False,0.0,0.0,0.0,0.0,0.0,267065.35
44,2010-05-28,C,39910,53.11,2.908,126.1602258,7.972,False,0.0,0.0,0.0,0.0,0.0,291891.01
44,2010-06-04,C,39910,59.85,2.871,126.1360645,7.972,False,0.0,0.0,0.0,0.0,0.0,282351.82
44,2010-06-11,C,39910,65.24,2.841,126.1119032,7.972,False,0.0,0.0,0.0,0.0,0.0,296818.2
44,2010-06-18,C,39910,58.41,2.819,126.114,7.972,False,0.0,0.0,0.0,0.0,0.0,293481.36
44,2010-06-25,C,39910,71.83,2.82,126.1266,7.972,False,0.0,0.0,0.0,0.0,0.0,288247.24
44,2010-07-02,C,39910,78.82,2.814,126.1392,7.804,False,0.0,0.0,0.0,0.0,0.0,300628.19
44,2010-07-09,C,39910,71.33,2.802,126.1518,7.804,False,0.0,0.0,0.0,0.0,0.0,280472.78
44,2010-07-16,C,39910,77.79,2.791,126.1498065,7.804,False,0.0,0.0,0.0,0.0,0.0,297099.95
44,2010-07-23,C,39910,82.27,2.797,126.1283548,7.804,False,0.0,0.0,0.0,0.0,0.0,292680.16
44,2010-07-30,C,39910,78.94,2.797,126.1069032,7.804,False,0.0,0.0,0.0,0.0,0.0,275020.96
44,2010-08-06,C,39910,81.24,2.802,126.0854516,7.804,False,0.0,0.0,0.0,0.0,0.0,296804.49
44,2010-08-13,C,39910,74.93,2.837,126.064,7.804,False,0.0,0.0,0.0,0.0,0.0,291028.08999999997
44,2010-08-20,C,39910,76.34,2.85,126.0766452,7.804,False,0.0,0.0,0.0,0.0,0.0,284740.5
44,2010-08-27,C,39910,75.31,2.854,126.0892903,7.804,False,0.0,0.0,0.0,0.0,0.0,293155.08
44,2010-09-03,C,39910,65.71,2.868,126.1019355,7.804,False,0.0,0.0,0.0,0.0,0.0,295880.12
44,2010-09-10,C,39910,65.74,2.87,126.1145806,7.804,True,0.0,0.0,0.0,0.0,0.0,283455.13
44,2010-09-17,C,39910,66.84,2.875,126.1454667,7.804,False,0.0,0.0,0.0,0.0,0.0,279364.13
44,2010-09-24,C,39910,68.22,2.872,126.1900333,7.804,False,0.0,0.0,0.0,0.0,0.0,281313.77999999997
44,2010-10-01,C,39910,68.74,2.853,126.2346,7.61,False,0.0,0.0,0.0,0.0,0.0,300152.45
44,2010-10-08,C,39910,63.03,2.841,126.2791667,7.61,False,0.0,0.0,0.0,0.0,0.0,279524.44
44,2010-10-15,C,39910,54.12,2.845,126.3266774,7.61,False,0.0,0.0,0.0,0.0,0.0,268708.43
44,2010-10-22,C,39910,56.89,2.849,126.3815484,7.61,False,0.0,0.0,0.0,0.0,0.0,270110.3
44,2010-10-29,C,39910,45.12,2.841,126.4364194,7.61,False,0.0,0.0,0.0,0.0,0.0,286497.49
44,2010-11-05,C,39910,49.96,2.831,126.4912903,7.61,False,0.0,0.0,0.0,0.0,0.0,270516.84
44,2010-11-12,C,39910,42.55,2.831,126.5461613,7.61,False,0.0,0.0,0.0,0.0,0.0,281909.79
44,2010-11-19,C,39910,42.0,2.842,126.6072,7.61,False,0.0,0.0,0.0,0.0,0.0,284322.52
44,2010-11-26,C,39910,28.22,2.83,126.6692667,7.61,True,0.0,0.0,0.0,0.0,0.0,307646.5
44,2010-12-03,C,39910,25.8,2.812,126.7313333,7.61,False,0.0,0.0,0.0,0.0,0.0,264214.12
44,2010-12-10,C,39910,36.78,2.817,126.7934,7.61,False,0.0,0.0,0.0,0.0,0.0,278253.28
44,2010-12-17,C,39910,35.21,2.842,126.8794839,7.61,False,0.0,0.0,0.0,0.0,0.0,278646.35
44,2010-12-24,C,39910,34.9,2.846,126.9835806,7.61,False,0.0,0.0,0.0,0.0,0.0,365098.24
44,2010-12-31,C,39910,26.79,2.868,127.0876774,7.61,True,0.0,0.0,0.0,0.0,0.0,241937.11000000002
44,2011-01-07,C,39910,16.94,2.891,127.1917742,7.224,False,0.0,0.0,0.0,0.0,0.0,288320.38
44,2011-01-14,C,39910,20.6,2.903,127.3009355,7.224,False,0.0,0.0,0.0,0.0,0.0,292859.36
44,2011-01-21,C,39910,34.8,2.934,127.4404839,7.224,False,0.0,0.0,0.0,0.0,0.0,276157.8
44,2011-01-28,C,39910,31.64,2.96,127.5800323,7.224,False,0.0,0.0,0.0,0.0,0.0,276011.4
44,2011-02-04,C,39910,23.35,2.974,127.7195806,7.224,False,0.0,0.0,0.0,0.0,0.0,293953.08
44,2011-02-11,C,39910,30.83,3.034,127.859129,7.224,True,0.0,0.0,0.0,0.0,0.0,307486.73
44,2011-02-18,C,39910,40.85,3.062,127.99525,7.224,False,0.0,0.0,0.0,0.0,0.0,280785.76
44,2011-02-25,C,39910,33.17,3.12,128.13,7.224,False,0.0,0.0,0.0,0.0,0.0,279427.93
44,2011-03-04,C,39910,34.23,3.23,128.26475,7.224,False,0.0,0.0,0.0,0.0,0.0,293984.54
44,2011-03-11,C,39910,41.28,3.346,128.3995,7.224,False,0.0,0.0,0.0,0.0,0.0,284496.14
44,2011-03-18,C,39910,44.69,3.407,128.5121935,7.224,False,0.0,0.0,0.0,0.0,0.0,281699.68
44,2011-03-25,C,39910,42.38,3.435,128.6160645,7.224,False,0.0,0.0,0.0,0.0,0.0,285031.81
44,2011-04-01,C,39910,42.49,3.487,128.7199355,6.906,False,0.0,0.0,0.0,0.0,0.0,281514.26
44,2011-04-08,C,39910,42.75,3.547,128.8238065,6.906,False,0.0,0.0,0.0,0.0,0.0,292498.61
44,2011-04-15,C,39910,41.72,3.616,128.9107333,6.906,False,0.0,0.0,0.0,0.0,0.0,289667.55
44,2011-04-22,C,39910,47.55,3.655,128.9553,6.906,False,0.0,0.0,0.0,0.0,0.0,280357.3
44,2011-04-29,C,39910,43.85,3.683,128.9998667,6.906,False,0.0,0.0,0.0,0.0,0.0,281247.97000000003
44,2011-05-06,C,39910,47.75,3.744,129.0444333,6.906,False,0.0,0.0,0.0,0.0,0.0,299354.67
44,2011-05-13,C,39910,52.4,3.77,129.089,6.906,False,0.0,0.0,0.0,0.0,0.0,307095.31
44,2011-05-20,C,39910,52.12,3.802,129.0756774,6.906,False,0.0,0.0,0.0,0.0,0.0,303559.23
44,2011-05-27,C,39910,54.62,3.778,129.0623548,6.906,False,0.0,0.0,0.0,0.0,0.0,308442.49
44,2011-06-03,C,39910,52.76,3.752,129.0490323,6.906,False,0.0,0.0,0.0,0.0,0.0,308950.04
44,2011-06-10,C,39910,61.39,3.732,129.0357097,6.906,False,0.0,0.0,0.0,0.0,0.0,308770.42
44,2011-06-17,C,39910,63.35,3.704,129.0432,6.906,False,0.0,0.0,0.0,0.0,0.0,300255.87
44,2011-06-24,C,39910,66.38,3.668,129.0663,6.906,False,0.0,0.0,0.0,0.0,0.0,296765.59
44,2011-07-01,C,39910,74.29,3.613,129.0894,6.56,False,0.0,0.0,0.0,0.0,0.0,315273.08
44,2011-07-08,C,39910,77.3,3.563,129.1125,6.56,False,0.0,0.0,0.0,0.0,0.0,295339.01
44,2011-07-15,C,39910,75.59,3.553,129.1338387,6.56,False,0.0,0.0,0.0,0.0,0.0,289201.21
44,2011-07-22,C,39910,78.5,3.563,129.1507742,6.56,False,0.0,0.0,0.0,0.0,0.0,303108.81
44,2011-07-29,C,39910,77.62,3.574,129.1677097,6.56,False,0.0,0.0,0.0,0.0,0.0,279677.0
44,2011-08-05,C,39910,75.56,3.595,129.1846452,6.56,False,0.0,0.0,0.0,0.0,0.0,298080.45
44,2011-08-12,C,39910,75.95,3.606,129.2015806,6.56,False,0.0,0.0,0.0,0.0,0.0,290399.66
44,2011-08-19,C,39910,76.68,3.578,129.2405806,6.56,False,0.0,0.0,0.0,0.0,0.0,290909.69
44,2011-08-26,C,39910,81.53,3.57,129.2832581,6.56,False,0.0,0.0,0.0,0.0,0.0,324174.79
44,2011-09-02,C,39910,77.0,3.58,129.3259355,6.56,False,0.0,0.0,0.0,0.0,0.0,309543.52
44,2011-09-09,C,39910,70.19,3.619,129.3686129,6.56,True,0.0,0.0,0.0,0.0,0.0,295811.25
44,2011-09-16,C,39910,67.54,3.641,129.4306,6.56,False,0.0,0.0,0.0,0.0,0.0,303974.28
44,2011-09-23,C,39910,63.6,3.648,129.5183333,6.56,False,0.0,0.0,0.0,0.0,0.0,307409.13
44,2011-09-30,C,39910,68.28,3.623,129.6060667,6.56,False,0.0,0.0,0.0,0.0,0.0,299757.75
44,2011-10-07,C,39910,60.62,3.592,129.6938,6.078,False,0.0,0.0,0.0,0.0,0.0,312577.36
44,2011-10-14,C,39910,51.74,3.567,129.7706452,6.078,False,0.0,0.0,0.0,0.0,0.0,293031.78
44,2011-10-21,C,39910,54.66,3.579,129.7821613,6.078,False,0.0,0.0,0.0,0.0,0.0,305969.81
44,2011-10-28,C,39910,47.41,3.567,129.7936774,6.078,False,0.0,0.0,0.0,0.0,0.0,306336.07
44,2011-11-04,C,39910,43.51,3.538,129.8051935,6.078,False,0.0,0.0,0.0,0.0,0.0,307126.34
44,2011-11-11,C,39910,33.8,3.513,129.8167097,6.078,False,48.84,224.31,4.29,0.0,778.47,312233.56
44,2011-11-18,C,39910,40.65,3.489,129.8268333,6.078,False,861.43,0.0,0.0,0.0,940.29,310531.04
44,2011-11-25,C,39910,38.89,3.445,129.8364,6.078,True,0.0,0.0,0.0,0.0,256.45,309129.01
44,2011-12-02,C,39910,33.94,3.389,129.8459667,6.078,False,60.0,0.0,4.23,0.0,1185.19,284309.34
44,2011-12-09,C,39910,24.82,3.341,129.8555333,6.078,False,0.0,0.0,0.47,0.0,441.57,304300.91
44,2011-12-16,C,39910,27.85,3.282,129.8980645,6.078,False,29.4,0.0,6.75,0.0,1041.62,311144.16
44,2011-12-23,C,39910,24.76,3.186,129.9845484,6.078,False,38.0,0.0,0.0,0.0,746.84,376233.89
44,2011-12-30,C,39910,31.53,3.119,130.0710323,6.078,True,409.92,1566.42,0.0,17.64,153.9,263917.85
44,2012-01-06,C,39910,33.8,3.08,130.1575161,5.774,False,1.94,51.41,54.05,0.0,809.1,325327.93
44,2012-01-13,C,39910,25.61,3.056,130.244,5.774,False,1074.17,27.6,48.39,0.0,545.15,312361.88
44,2012-01-20,C,39910,32.71,3.047,130.2792258,5.774,False,378.2,22.42,66.0,0.0,481.09,316948.39
44,2012-01-27,C,39910,34.32,3.058,130.3144516,5.774,False,17.76,12.28,63.36,0.0,224.86,308295.38
44,2012-02-03,C,39910,31.39,3.077,130.3496774,5.774,False,1518.53,4.0,77.54,0.0,1177.48,325986.05
44,2012-02-10,C,39910,33.73,3.116,130.3849032,5.774,True,2463.16,11.5,76.33,0.0,1635.49,325377.97000000003
44,2012-02-17,C,39910,36.57,3.119,130.4546207,5.774,False,98.16,1080.01,17.6,0.0,2583.41,320691.21
44,2012-02-24,C,39910,35.38,3.145,130.5502069,5.774,False,270.59,18.53,0.0,0.0,1148.17,315641.8
44,2012-03-02,C,39910,32.36,3.242,130.6457931,5.774,False,611.06,0.0,3.39,59.19,925.79,316687.22000000003
44,2012-03-09,C,39910,38.24,3.38,130.7413793,5.774,False,2456.13,1.5,0.49,28.06,691.4,303438.24
44,2012-03-16,C,39910,52.5,3.529,130.8261935,5.774,False,260.7,0.0,0.99,0.0,469.46,331965.95
44,2012-03-23,C,39910,47.83,3.671,130.8966452,5.774,False,347.09,3.0,0.34,0.0,303.08,296947.06
44,2012-03-30,C,39910,53.2,3.734,130.9670968,5.774,False,87.86,0.0,0.0,2.36,1215.48,310027.29
44,2012-04-06,C,39910,48.85,3.793,131.0375484,5.621,False,253.38,0.0,11.76,0.0,512.25,320021.1
44,2012-04-13,C,39910,51.7,3.833,131.108,5.621,False,16.49,1118.27,18.08,0.0,1460.89,311390.22
44,2012-04-20,C,39910,50.24,3.845,131.1173333,5.621,False,58.34,0.73,7.7,0.0,402.9,323233.8
44,2012-04-27,C,39910,64.8,3.842,131.1266667,5.621,False,2489.9,0.0,3.98,16.6,821.26,330338.36
44,2012-05-04,C,39910,54.41,3.831,131.136,5.621,False,513.1,0.0,8.62,0.0,529.55,326053.27999999997
44,2012-05-11,C,39910,56.47,3.809,131.1453333,5.621,False,529.2,0.0,2.1,0.0,1064.56,341381.08
44,2012-05-18,C,39910,65.17,3.808,131.0983226,5.621,False,777.37,0.0,0.0,0.0,1118.23,334042.43
44,2012-05-25,C,39910,62.39,3.801,131.0287742,5.621,False,63.04,0.0,0.0,0.0,419.93,343268.29000000004
44,2012-06-01,C,39910,61.11,3.788,130.9592258,5.621,False,375.61,0.0,0.0,0.0,686.9,323410.94
44,2012-06-08,C,39910,68.4,3.776,130.8896774,5.621,False,276.3,0.0,31.29,0.0,1225.27,340238.38
44,2012-06-15,C,39910,65.97,3.756,130.8295333,5.621,False,3297.48,0.0,9.88,23.04,993.88,338400.82
44,2012-06-22,C,39910,72.89,3.737,130.7929,5.621,False,505.28,0.0,0.79,43.89,1222.4,336241.0
44,2012-06-29,C,39910,82.0,3.681,130.7562667,5.621,False,174.37,0.0,0.0,0.0,1114.79,338386.08
44,2012-07-06,C,39910,79.23,3.63,130.7196333,5.407,False,781.9,0.0,2.87,0.0,1072.0,358461.58
44,2012-07-13,C,39910,83.68,3.595,130.683,5.407,False,372.75,0.0,0.63,0.0,411.08,336479.49
44,2012-07-20,C,39910,75.69,3.556,130.7012903,5.407,False,204.26,0.0,1.22,0.0,1140.85,337819.16
44,2012-07-27,C,39910,80.42,3.537,130.7195806,5.407,False,30.51,0.0,0.0,0.41,1736.91,319855.26
44,2012-08-03,C,39910,81.99,3.512,130.737871,5.407,False,619.96,0.0,1.54,77.58,1429.81,342385.38
44,2012-08-10,C,39910,81.69,3.509,130.7561613,5.407,False,84.25,0.0,6.99,4.41,831.23,333594.81
44,2012-08-17,C,39910,79.4,3.545,130.7909677,5.407,False,411.11,0.0,9.77,0.0,689.16,327389.51
44,2012-08-24,C,39910,77.37,3.582,130.8381613,5.407,False,73.93,0.0,87.77,89.76,624.58,337985.74
44,2012-08-31,C,39910,79.18,3.624,130.8853548,5.407,False,356.47,0.0,39.11,0.0,795.72,339490.69
44,2012-09-07,C,39910,70.65,3.689,130.9325484,5.407,True,282.57,0.0,106.31,0.0,406.52,338737.33
44,2012-09-14,C,39910,68.55,3.749,130.9776667,5.407,False,1020.44,0.0,22.15,0.0,752.67,347726.67
44,2012-09-21,C,39910,67.96,3.821,131.0103333,5.407,False,57.17,0.0,0.0,0.0,854.46,336017.6
44,2012-09-28,C,39910,64.8,3.821,131.043,5.407,False,380.96,0.0,0.0,0.0,2022.03,355307.94
44,2012-10-05,C,39910,61.79,3.815,131.0756667,5.217,False,417.9,0.0,0.02,0.0,496.52,337390.44
44,2012-10-12,C,39910,55.1,3.797,131.1083333,5.217,False,69.96,0.0,3.05,0.0,999.62,337796.13
44,2012-10-19,C,39910,52.06,3.781,131.1499677,5.217,False,139.57,0.0,3.5,0.0,472.02,323766.77
44,2012-10-26,C,39910,46.97,3.755,131.1930968,5.217,False,38.65,2.61,0.98,0.0,457.74,361067.07
45,2010-02-05,B,118221,27.31,2.784,181.8711898,8.992,False,0.0,0.0,0.0,0.0,0.0,890689.51
45,2010-02-12,B,118221,27.73,2.773,181.982317,8.992,True,0.0,0.0,0.0,0.0,0.0,656988.64
45,2010-02-19,B,118221,31.27,2.745,182.0347816,8.992,False,0.0,0.0,0.0,0.0,0.0,841264.04
45,2010-02-26,B,118221,34.89,2.754,182.0774691,8.992,False,0.0,0.0,0.0,0.0,0.0,741891.65
45,2010-03-05,B,118221,37.13,2.777,182.1201566,8.992,False,0.0,0.0,0.0,0.0,0.0,777951.22
45,2010-03-12,B,118221,45.8,2.818,182.1628441,8.992,False,0.0,0.0,0.0,0.0,0.0,765687.4199999999
45,2010-03-19,B,118221,48.79,2.844,182.0779857,8.992,False,0.0,0.0,0.0,0.0,0.0,773819.49
45,2010-03-26,B,118221,54.36,2.854,181.9718697,8.992,False,0.0,0.0,0.0,0.0,0.0,782563.38
45,2010-04-02,B,118221,47.74,2.85,181.8657537,8.899,False,0.0,0.0,0.0,0.0,0.0,877235.96
45,2010-04-09,B,118221,65.45,2.869,181.7596377,8.899,False,0.0,0.0,0.0,0.0,0.0,833782.7000000001
45,2010-04-16,B,118221,54.28,2.899,181.6924769,8.899,False,0.0,0.0,0.0,0.0,0.0,782221.96
45,2010-04-23,B,118221,53.47,2.902,181.6772564,8.899,False,0.0,0.0,0.0,0.0,0.0,749779.1
45,2010-04-30,B,118221,53.15,2.921,181.6620359,8.899,False,0.0,0.0,0.0,0.0,0.0,737265.57
45,2010-05-07,B,118221,70.75,2.966,181.6468154,8.899,False,0.0,0.0,0.0,0.0,0.0,812190.76
45,2010-05-14,B,118221,54.26,2.982,181.6612792,8.899,False,0.0,0.0,0.0,0.0,0.0,758182.2
45,2010-05-21,B,118221,62.62,2.958,181.8538486,8.899,False,0.0,0.0,0.0,0.0,0.0,747888.25
45,2010-05-28,B,118221,69.27,2.899,182.0464181,8.899,False,0.0,0.0,0.0,0.0,0.0,801098.43
45,2010-06-04,B,118221,75.93,2.847,182.2389876,8.899,False,0.0,0.0,0.0,0.0,0.0,837548.62
45,2010-06-11,B,118221,69.71,2.809,182.4315571,8.899,False,0.0,0.0,0.0,0.0,0.0,794698.77
45,2010-06-18,B,118221,72.62,2.78,182.4424199,8.899,False,0.0,0.0,0.0,0.0,0.0,815130.5
45,2010-06-25,B,118221,79.32,2.808,182.3806,8.899,False,0.0,0.0,0.0,0.0,0.0,792299.15
45,2010-07-02,B,118221,76.61,2.815,182.3187801,8.743,False,0.0,0.0,0.0,0.0,0.0,800147.84
45,2010-07-09,B,118221,82.45,2.793,182.2569603,8.743,False,0.0,0.0,0.0,0.0,0.0,787062.0
45,2010-07-16,B,118221,77.84,2.783,182.2604411,8.743,False,0.0,0.0,0.0,0.0,0.0,723708.99
45,2010-07-23,B,118221,81.46,2.771,182.3509895,8.743,False,0.0,0.0,0.0,0.0,0.0,714601.11
45,2010-07-30,B,118221,79.78,2.781,182.4415378,8.743,False,0.0,0.0,0.0,0.0,0.0,716859.27
45,2010-08-06,B,118221,77.17,2.784,182.5320862,8.743,False,0.0,0.0,0.0,0.0,0.0,746517.3200000001
45,2010-08-13,B,118221,78.44,2.805,182.6226346,8.743,False,0.0,0.0,0.0,0.0,0.0,722262.21
45,2010-08-20,B,118221,76.01,2.779,182.6165205,8.743,False,0.0,0.0,0.0,0.0,0.0,708568.29
45,2010-08-27,B,118221,71.36,2.755,182.6104063,8.743,False,0.0,0.0,0.0,0.0,0.0,721744.33
45,2010-09-03,B,118221,78.37,2.715,182.6042922,8.743,False,0.0,0.0,0.0,0.0,0.0,790144.7
45,2010-09-10,B,118221,70.87,2.699,182.598178,8.743,True,0.0,0.0,0.0,0.0,0.0,721460.22
45,2010-09-17,B,118221,66.55,2.706,182.622509,8.743,False,0.0,0.0,0.0,0.0,0.0,716987.5800000001
45,2010-09-24,B,118221,68.59,2.713,182.6696737,8.743,False,0.0,0.0,0.0,0.0,0.0,678228.58
45,2010-10-01,B,118221,70.58,2.707,182.7168385,8.724,False,0.0,0.0,0.0,0.0,0.0,690007.76
45,2010-10-08,B,118221,56.49,2.764,182.7640032,8.724,False,0.0,0.0,0.0,0.0,0.0,745782.1
45,2010-10-15,B,118221,58.61,2.868,182.8106203,8.724,False,0.0,0.0,0.0,0.0,0.0,715263.3
45,2010-10-22,B,118221,53.15,2.917,182.8558685,8.724,False,0.0,0.0,0.0,0.0,0.0,730899.37
45,2010-10-29,B,118221,61.3,2.921,182.9011166,8.724,False,0.0,0.0,0.0,0.0,0.0,732859.76
45,2010-11-05,B,118221,45.65,2.917,182.9463648,8.724,False,0.0,0.0,0.0,0.0,0.0,764014.0599999999
45,2010-11-12,B,118221,46.14,2.931,182.9916129,8.724,False,0.0,0.0,0.0,0.0,0.0,765648.93
45,2010-11-19,B,118221,50.02,3.0,182.8989385,8.724,False,0.0,0.0,0.0,0.0,0.0,723987.85
45,2010-11-26,B,118221,46.15,3.039,182.7832769,8.724,True,0.0,0.0,0.0,0.0,0.0,1182500.16
45,2010-12-03,B,118221,40.93,3.046,182.6676154,8.724,False,0.0,0.0,0.0,0.0,0.0,879244.9
45,2010-12-10,B,118221,30.54,3.109,182.5519538,8.724,False,0.0,0.0,0.0,0.0,0.0,1002364.34
45,2010-12-17,B,118221,30.51,3.14,182.517732,8.724,False,0.0,0.0,0.0,0.0,0.0,1123282.85
45,2010-12-24,B,118221,30.59,3.141,182.54459,8.724,False,0.0,0.0,0.0,0.0,0.0,1682862.03
45,2010-12-31,B,118221,29.67,3.179,182.5714479,8.724,True,0.0,0.0,0.0,0.0,0.0,679156.2
45,2011-01-07,B,118221,34.32,3.193,182.5983058,8.549,False,0.0,0.0,0.0,0.0,0.0,680254.35
45,2011-01-14,B,118221,24.78,3.205,182.6585782,8.549,False,0.0,0.0,0.0,0.0,0.0,654018.9500000001
45,2011-01-21,B,118221,30.55,3.229,182.9193368,8.549,False,0.0,0.0,0.0,0.0,0.0,644285.33
45,2011-01-28,B,118221,24.05,3.237,183.1800955,8.549,False,0.0,0.0,0.0,0.0,0.0,617207.58
45,2011-02-04,B,118221,28.73,3.231,183.4408542,8.549,False,0.0,0.0,0.0,0.0,0.0,759442.33
45,2011-02-11,B,118221,30.3,3.239,183.7016129,8.549,True,0.0,0.0,0.0,0.0,0.0,766456.0
45,2011-02-18,B,118221,40.7,3.245,183.9371353,8.549,False,0.0,0.0,0.0,0.0,0.0,802253.41
45,2011-02-25,B,118221,35.78,3.274,184.1625632,8.549,False,0.0,0.0,0.0,0.0,0.0,733716.78
45,2011-03-04,B,118221,38.65,3.433,184.3879911,8.549,False,0.0,0.0,0.0,0.0,0.0,761880.36
45,2011-03-11,B,118221,45.01,3.582,184.613419,8.549,False,0.0,0.0,0.0,0.0,0.0,714014.73
45,2011-03-18,B,118221,46.66,3.631,184.809719,8.549,False,0.0,0.0,0.0,0.0,0.0,733564.77
45,2011-03-25,B,118221,41.76,3.625,184.9943679,8.549,False,0.0,0.0,0.0,0.0,0.0,719737.25
45,2011-04-01,B,118221,37.27,3.638,185.1790167,8.521,False,0.0,0.0,0.0,0.0,0.0,712425.76
45,2011-04-08,B,118221,48.71,3.72,185.3636656,8.521,False,0.0,0.0,0.0,0.0,0.0,750182.71
45,2011-04-15,B,118221,53.69,3.821,185.5339821,8.521,False,0.0,0.0,0.0,0.0,0.0,765270.02
45,2011-04-22,B,118221,53.04,3.892,185.6684673,8.521,False,0.0,0.0,0.0,0.0,0.0,813630.44
45,2011-04-29,B,118221,66.18,3.962,185.8029526,8.521,False,0.0,0.0,0.0,0.0,0.0,786561.61
45,2011-05-06,B,118221,58.21,4.046,185.9374378,8.521,False,0.0,0.0,0.0,0.0,0.0,810150.64
45,2011-05-13,B,118221,60.38,4.066,186.0719231,8.521,False,0.0,0.0,0.0,0.0,0.0,793889.1
45,2011-05-20,B,118221,62.28,4.062,185.9661154,8.521,False,0.0,0.0,0.0,0.0,0.0,727163.67
45,2011-05-27,B,118221,69.7,3.985,185.8603077,8.521,False,0.0,0.0,0.0,0.0,0.0,817653.25
45,2011-06-03,B,118221,76.38,3.922,185.7545,8.521,False,0.0,0.0,0.0,0.0,0.0,877423.45
45,2011-06-10,B,118221,73.88,3.881,185.6486923,8.521,False,0.0,0.0,0.0,0.0,0.0,814395.17
45,2011-06-17,B,118221,69.32,3.842,185.6719333,8.521,False,0.0,0.0,0.0,0.0,0.0,811153.67
45,2011-06-24,B,118221,74.85,3.804,185.7919609,8.521,False,0.0,0.0,0.0,0.0,0.0,762861.78
45,2011-07-01,B,118221,74.04,3.748,185.9119885,8.625,False,0.0,0.0,0.0,0.0,0.0,791495.25
45,2011-07-08,B,118221,77.49,3.711,186.032016,8.625,False,0.0,0.0,0.0,0.0,0.0,768718.11
45,2011-07-15,B,118221,78.47,3.76,186.1399808,8.625,False,0.0,0.0,0.0,0.0,0.0,748435.2
45,2011-07-22,B,118221,82.33,3.811,186.2177885,8.625,False,0.0,0.0,0.0,0.0,0.0,741625.25
45,2011-07-29,B,118221,81.31,3.829,186.2955962,8.625,False,0.0,0.0,0.0,0.0,0.0,704680.97
45,2011-08-05,B,118221,78.22,3.842,186.3734038,8.625,False,0.0,0.0,0.0,0.0,0.0,765996.92
45,2011-08-12,B,118221,77.0,3.812,186.4512115,8.625,False,0.0,0.0,0.0,0.0,0.0,724180.89
45,2011-08-19,B,118221,72.98,3.747,186.5093071,8.625,False,0.0,0.0,0.0,0.0,0.0,712362.72
45,2011-08-26,B,118221,72.55,3.704,186.5641172,8.625,False,0.0,0.0,0.0,0.0,0.0,833979.01
45,2011-09-02,B,118221,70.63,3.703,186.6189274,8.625,False,0.0,0.0,0.0,0.0,0.0,726482.39
45,2011-09-09,B,118221,71.48,3.738,186.6737376,8.625,True,0.0,0.0,0.0,0.0,0.0,746129.56
45,2011-09-16,B,118221,69.17,3.742,186.8024,8.625,False,0.0,0.0,0.0,0.0,0.0,711367.56
45,2011-09-23,B,118221,63.75,3.711,187.0295321,8.625,False,0.0,0.0,0.0,0.0,0.0,714106.42
45,2011-09-30,B,118221,70.66,3.645,187.2566641,8.625,False,0.0,0.0,0.0,0.0,0.0,698986.34
45,2011-10-07,B,118221,55.82,3.583,187.4837962,8.523,False,0.0,0.0,0.0,0.0,0.0,753447.05
45,2011-10-14,B,118221,63.82,3.541,187.6917481,8.523,False,0.0,0.0,0.0,0.0,0.0,720946.99
45,2011-10-21,B,118221,59.6,3.57,187.7846197,8.523,False,0.0,0.0,0.0,0.0,0.0,771686.4
45,2011-10-28,B,118221,51.78,3.569,187.8774913,8.523,False,0.0,0.0,0.0,0.0,0.0,781694.57
45,2011-11-04,B,118221,43.92,3.551,187.9703629,8.523,False,0.0,0.0,0.0,0.0,0.0,833429.22
45,2011-11-11,B,118221,47.65,3.53,188.0632345,8.523,False,23052.25,5449.62,189.24,3355.69,3864.6,808624.8200000001
45,2011-11-18,B,118221,51.34,3.53,188.1983654,8.523,False,4240.34,132.96,111.71,270.14,7073.0,773603.77
45,2011-11-25,B,118221,48.71,3.492,188.3504,8.523,True,140.87,384.82,26961.99,28.59,1110.12,1170672.94
45,2011-12-02,B,118221,50.19,3.452,188.5024346,8.523,False,6835.61,120.76,802.79,2490.15,17861.5,875699.81
45,2011-12-09,B,118221,46.57,3.415,188.6544692,8.523,False,6176.69,2.87,379.57,1593.44,10170.5,957155.3099999999
45,2011-12-16,B,118221,39.93,3.413,188.7979349,8.523,False,4631.26,8.92,801.34,848.33,2757.82,1078905.68
45,2011-12-23,B,118221,42.27,3.389,188.9299752,8.523,False,797.1,89.14,1962.19,17.0,2985.51,1521957.99
45,2011-12-30,B,118221,37.79,3.389,189.0620155,8.523,True,3604.35,43941.56,287.45,357.43,750.01,869403.63
45,2012-01-06,B,118221,35.88,3.422,189.1940558,8.424,False,7328.14,33378.79,34.6,1198.48,6819.1,714081.0499999999
45,2012-01-13,B,118221,41.18,3.513,189.3260962,8.424,False,3489.73,11219.72,0.92,489.07,9596.29,676615.53
45,2012-01-20,B,118221,31.85,3.533,189.4214733,8.424,False,3205.9,4038.51,2.19,488.63,2344.09,700392.21
45,2012-01-27,B,118221,37.93,3.567,189.5168505,8.424,False,1890.49,2618.49,0.0,139.07,5692.74,624081.64
45,2012-02-03,B,118221,42.96,3.617,189.6122277,8.424,False,35348.47,4373.64,21.05,38157.91,5908.5,757330.95
45,2012-02-10,B,118221,37.0,3.64,189.7076048,8.424,True,15760.3,6113.95,5.43,5656.35,4685.58,803657.12
45,2012-02-17,B,118221,36.85,3.695,189.8424834,8.424,False,8683.43,7421.99,1.76,9084.92,1995.22,858853.75
45,2012-02-24,B,118221,42.86,3.739,190.0069881,8.424,False,9006.21,5786.94,2.0,4291.22,7626.46,753060.78
45,2012-03-02,B,118221,41.55,3.816,190.1714927,8.424,False,22832.38,2515.25,4.0,13317.88,2560.48,782796.01
45,2012-03-09,B,118221,45.52,3.848,190.3359973,8.424,False,11139.34,678.08,1.99,3267.21,4971.47,776968.87
45,2012-03-16,B,118221,50.56,3.862,190.4618964,8.424,False,5811.44,375.7,3.69,3444.05,2706.47,788340.23
45,2012-03-23,B,118221,59.45,3.9,190.5363213,8.424,False,6296.25,334.42,4.56,873.47,1201.57,791835.37
45,2012-03-30,B,118221,50.04,3.953,190.6107463,8.424,False,9866.15,206.18,3.25,1815.37,1561.56,777254.06
45,2012-04-06,B,118221,49.73,3.996,190.6851712,8.567,False,13450.45,0.0,26.59,3363.54,3962.01,899479.43
45,2012-04-13,B,118221,51.83,4.044,190.7595962,8.567,False,4736.94,6047.12,16.68,1355.11,2246.12,781970.6
45,2012-04-20,B,118221,63.13,4.027,190.8138013,8.567,False,9210.9,2667.05,6.25,970.33,2568.22,776661.74
45,2012-04-27,B,118221,53.2,4.004,190.8680064,8.567,False,2872.86,0.03,37.12,74.97,2495.29,711571.88
45,2012-05-04,B,118221,55.21,3.951,190.9222115,8.567,False,11984.62,0.0,47.52,6150.63,1775.54,782300.68
45,2012-05-11,B,118221,61.24,3.889,190.9764167,8.567,False,12611.18,0.0,21.36,1667.39,2313.12,770487.37
45,2012-05-18,B,118221,66.3,3.848,190.9964479,8.567,False,6813.74,0.0,13.86,936.49,2941.55,800842.28
45,2012-05-25,B,118221,67.21,3.798,191.0028096,8.567,False,5370.39,0.0,361.22,1287.62,2461.81,817741.17
45,2012-06-01,B,118221,74.48,3.742,191.0091712,8.567,False,10643.62,48.2,201.56,2599.35,1856.97,837144.63
45,2012-06-08,B,118221,64.3,3.689,191.0155329,8.567,False,8429.61,148.6,76.15,1465.54,7180.97,795133.0
45,2012-06-15,B,118221,71.93,3.62,191.0299731,8.567,False,8148.19,252.7,90.05,1226.11,2942.39,821498.18
45,2012-06-22,B,118221,74.22,3.564,191.0646096,8.567,False,5565.31,222.5,1.16,2149.76,7474.76,822569.16
45,2012-06-29,B,118221,75.22,3.506,191.0992462,8.567,False,3291.36,425.6,0.0,314.88,2255.34,773367.71
45,2012-07-06,B,118221,82.99,3.475,191.1338827,8.684,False,5878.09,169.0,64.36,2996.47,5477.04,843361.1
45,2012-07-13,B,118221,79.97,3.523,191.1685192,8.684,False,2978.08,118.9,22.07,1899.54,5181.94,749817.08
45,2012-07-20,B,118221,78.89,3.567,191.1670428,8.684,False,6682.75,24.24,12.83,2249.85,2288.3,737613.65
45,2012-07-27,B,118221,77.2,3.647,191.1655664,8.684,False,5753.81,167.95,1.23,9181.48,3156.06,711671.58
45,2012-08-03,B,118221,76.58,3.654,191.16409,8.684,False,24853.05,39.56,17.96,11142.69,2768.32,725729.51
45,2012-08-10,B,118221,78.65,3.722,191.1626135,8.684,False,17868.84,50.6,57.66,2593.93,1890.59,733037.32
45,2012-08-17,B,118221,75.71,3.807,191.2284919,8.684,False,3657.79,6.0,0.3,1630.5,3794.22,722496.9299999999
45,2012-08-24,B,118221,72.62,3.834,191.3448865,8.684,False,7936.2,58.38,22.0,5518.07,2291.97,718232.26
45,2012-08-31,B,118221,75.09,3.867,191.461281,8.684,False,23641.3,6.0,92.93,6988.31,3992.13,734297.87
45,2012-09-07,B,118221,75.7,3.911,191.5776756,8.684,True,11024.45,12.8,52.63,1854.77,2055.7,766512.66
45,2012-09-14,B,118221,67.87,3.948,191.69985,8.684,False,11407.95,0.0,4.3,3421.72,5268.92,702238.27
45,2012-09-21,B,118221,65.32,4.038,191.8567038,8.684,False,8452.2,92.28,63.24,2376.38,8670.4,723086.2
45,2012-09-28,B,118221,64.88,3.997,192.0135577,8.684,False,4556.61,20.64,1.5,1601.01,3288.25,713173.95
45,2012-10-05,B,118221,64.89,3.985,192.1704115,8.667,False,5046.74,0.0,18.82,2253.43,2340.01,733455.0700000001
45,2012-10-12,B,118221,54.47,4.0,192.3272654,8.667,False,1956.28,0.0,7.89,599.32,3990.54,734464.36
45,2012-10-19,B,118221,56.47,3.969,192.3308542,8.667,False,2004.02,0.0,3.18,437.73,1537.49,718125.53
45,2012-10-26,B,118221,58.85,3.882,192.3088989,8.667,False,4018.91,58.08,100.0,211.94,858.33,760281.43
